customer_id,credit_score,geography,gender,age,tenure,balance,num_products,has_cr_card,is_active_member,estimated_salary,exited
1,476,France,Female,51,9,132165.97,1,1,0,49221.22,0
2,698,Spain,Female,36,9,8554.3,1,1,1,135478.1,0
3,478,France,Male,24,5,0.0,2,0,1,90063.29,0
4,686,France,Male,47,7,120968.47,2,0,0,29107.36,0
5,724,France,Female,62,8,115350.18,2,1,0,22200.12,0
6,601,France,Male,18,4,0.0,1,1,0,156540.08,0
7,671,Germany,Female,46,1,0.0,1,0,1,125925.24,0
8,699,Spain,Female,42,6,0.0,1,1,0,32066.66,0
9,467,Spain,Male,40,9,0.0,2,1,0,55154.14,0
10,619,Germany,Female,40,10,0.0,1,0,1,127394.41,0
11,587,France,Male,21,6,175115.71,1,0,0,163727.65,0
12,800,Germany,Female,28,10,0.0,1,0,1,47452.11,0
13,460,Germany,Male,60,8,0.0,1,1,0,82590.95,0
14,683,France,Male,39,1,0.0,2,0,1,100785.16,0
15,705,France,Male,38,0,0.0,1,0,1,91547.54,0
16,733,France,Female,33,10,12464.33,2,1,1,11390.16,0
17,572,France,Male,43,0,0.0,2,0,1,19150.08,0
18,839,Germany,Female,70,3,115874.63,1,1,0,133745.96,0
19,758,France,Male,55,3,0.0,2,0,0,6745.01,0
20,507,Germany,Male,56,1,94235.26,4,1,1,165637.2,0
21,604,France,Female,32,6,84508.64,2,1,0,151895.14,1
22,784,Spain,Female,19,5,19631.89,1,1,1,71127.2,0
23,675,Spain,Male,61,2,0.0,2,0,1,16098.98,0
24,744,Germany,Male,42,10,0.0,1,1,1,90156.08,1
25,515,Germany,Female,49,7,180370.78,1,0,1,44897.37,0
26,850,Germany,Male,61,9,21070.17,1,1,0,130383.28,0
27,656,France,Male,28,2,115618.44,1,1,0,68733.72,0
28,644,Spain,Male,35,1,66588.83,1,1,1,77911.61,0
29,704,France,Female,44,5,107440.68,2,1,1,94555.87,0
30,686,Germany,Female,31,0,200991.88,2,1,0,131655.66,0
31,609,France,Male,35,5,44893.26,1,0,1,165597.94,0
32,722,Germany,Male,25,5,132840.82,3,1,0,50149.93,0
33,776,Germany,Female,33,9,80966.97,2,0,0,69174.71,0
34,743,Germany,Female,49,8,0.0,1,1,1,106563.46,0
35,569,France,Female,36,0,129069.88,2,1,0,150422.38,0
36,746,France,Female,42,1,169878.67,2,1,0,17322.93,0
37,562,Germany,Female,37,6,0.0,2,0,0,168222.35,0
38,591,France,Female,32,2,11544.95,2,0,1,12994.94,0
39,679,Spain,Male,36,9,0.0,1,1,0,114607.14,0
40,755,Germany,Male,24,5,31619.29,1,1,1,169130.73,0
41,629,France,Female,52,3,0.0,2,1,0,133527.24,0
42,781,France,Male,41,6,177959.84,2,0,0,7506.8,0
43,630,France,Male,42,0,0.0,2,0,0,157998.3,0
44,752,Spain,Male,54,8,250000.0,2,1,1,134506.39,0
45,619,Germany,Male,46,1,0.0,2,0,1,102927.58,0
46,768,France,Male,47,5,0.0,1,1,1,30533.27,0
47,781,France,Male,39,2,0.0,1,1,0,168316.15,0
48,583,Spain,Female,22,10,117940.83,1,1,0,1318.41,0
49,575,France,Female,41,7,150780.86,2,0,1,17026.23,1
50,724,Spain,Male,32,5,86406.17,2,1,1,151030.91,0
51,626,France,Female,36,8,8833.64,2,1,0,135042.71,0
52,663,Germany,Male,46,6,94464.61,1,1,1,64016.94,0
53,643,Spain,Female,23,10,112309.32,1,1,1,88276.47,1
54,689,Spain,Female,27,5,0.0,1,1,0,127373.39,1
55,765,Spain,Female,42,3,58410.42,1,1,0,78313.6,0
56,698,Germany,Female,27,10,117504.25,2,1,1,157014.87,1
57,763,Spain,Female,45,7,97177.39,1,1,0,38444.39,0
58,646,Germany,Female,39,6,0.0,2,1,1,142704.9,0
59,590,France,Female,26,10,66212.75,2,0,1,133480.6,0
60,635,France,Male,36,1,0.0,2,0,1,180268.07,0
61,553,Spain,Male,22,1,156173.94,1,0,1,174044.51,0
62,686,France,Male,36,3,42836.91,2,1,1,120077.41,0
63,701,Germany,Female,68,1,0.0,2,1,1,6648.48,0
64,646,Spain,Female,34,9,0.0,1,1,0,23469.58,0
65,702,Spain,Female,22,7,0.0,1,1,1,41651.41,0
66,590,Spain,Male,31,5,0.0,2,1,0,106594.01,0
67,702,Germany,Female,21,10,189290.42,2,0,1,29469.89,0
68,703,France,Female,21,2,91987.37,1,1,1,57455.16,0
69,620,France,Female,30,5,98770.95,1,1,1,37434.25,0
70,666,France,Male,30,7,18002.52,1,1,0,170876.91,0
71,800,Spain,Male,31,5,85944.96,2,1,0,168296.85,0
72,760,France,Male,23,5,122449.9,2,1,1,138839.36,0
73,653,France,Male,38,4,130932.57,2,0,0,16403.1,1
74,657,France,Female,30,3,73141.33,1,0,1,131773.97,0
75,673,Spain,Female,51,7,235246.43,1,0,1,63234.8,0
76,622,France,Female,43,0,0.0,1,1,0,24458.26,0
77,778,Spain,Male,41,9,53575.48,1,1,0,131098.97,0
78,694,France,Female,55,9,121228.34,1,1,1,139700.26,0
79,765,Spain,Female,42,0,0.0,2,1,1,61714.6,0
80,602,France,Male,19,2,87768.56,1,1,1,122575.54,0
81,654,Germany,Female,37,7,0.0,2,1,0,173012.66,0
82,751,Germany,Female,39,2,83629.82,2,1,0,75102.69,1
83,484,France,Female,37,10,128616.28,2,0,1,129738.64,0
84,649,Spain,Male,25,2,0.0,2,1,0,192849.16,0
85,593,France,Male,40,1,174354.51,1,0,0,129557.36,0
86,654,France,Male,44,1,0.0,2,0,1,189749.52,0
87,833,France,Male,41,8,0.0,1,1,0,159255.33,0
88,558,France,Male,50,9,55335.77,1,1,1,55251.85,0
89,529,Germany,Female,18,1,77441.55,1,1,0,105038.28,1
90,628,France,Male,34,4,110926.97,2,1,1,130380.37,0
91,671,Germany,Male,31,7,246987.93,1,1,0,168780.98,0
92,482,Spain,Female,66,3,130211.35,1,1,1,172667.49,0
93,666,France,Female,37,1,96784.9,3,0,1,177119.7,0
94,625,France,Male,21,7,0.0,2,1,1,179053.79,0
95,605,France,Male,36,2,102746.34,1,1,0,63864.43,1
96,577,France,Female,45,8,0.0,2,1,0,138500.53,0
97,671,France,Female,38,0,120143.13,1,1,0,182863.29,0
98,687,France,Female,28,6,0.0,2,0,0,196234.49,0
99,772,Spain,Female,25,7,0.0,2,0,0,11113.68,0
100,684,France,Male,35,4,60211.36,2,1,1,111830.24,0
101,651,Spain,Female,36,6,129136.32,1,1,0,33561.83,0
102,523,Spain,Female,38,1,0.0,2,1,1,123607.64,0
103,423,France,Male,33,9,224113.92,1,1,0,81930.07,1
104,477,Germany,Male,18,4,0.0,1,0,1,83472.06,0
105,757,Spain,Male,32,8,45522.61,2,1,0,46240.32,0
106,616,Spain,Male,41,0,24905.81,1,1,1,161047.75,0
107,635,Germany,Male,27,4,183487.7,2,1,1,62403.66,1
108,636,Spain,Female,28,2,60306.9,1,0,0,163124.92,0
109,850,France,Male,29,5,0.0,2,1,1,164441.65,0
110,670,Germany,Male,30,6,103523.55,1,0,1,42519.04,0
111,751,France,Female,39,4,89247.2,2,0,0,119567.37,0
112,714,France,Female,65,10,118971.22,1,1,1,158675.55,0
113,517,Spain,Male,29,5,103315.91,2,1,1,65546.61,0
114,697,Spain,Male,41,2,182904.26,2,0,1,130401.61,0
115,746,Spain,Female,49,4,178843.3,2,0,0,132015.2,1
116,645,France,Male,22,6,20284.53,2,1,0,91850.83,0
117,834,France,Male,25,8,0.0,2,1,0,170354.51,0
118,648,Spain,Male,30,2,0.0,2,1,0,64514.94,0
119,695,Germany,Male,64,3,136366.63,1,1,0,185347.27,0
120,681,Spain,Male,44,2,0.0,2,1,0,197191.31,0
121,630,Spain,Female,38,5,0.0,1,0,1,184138.94,0
122,553,Spain,Male,76,5,21834.29,2,1,0,7222.47,1
123,712,France,Female,40,3,177203.44,1,1,1,189310.13,0
124,669,France,Female,41,7,0.0,1,0,0,12900.68,0
125,690,France,Male,27,1,0.0,1,1,1,24748.34,0
126,380,Germany,Male,28,0,227869.52,2,0,0,26098.05,0
127,742,Germany,Male,36,1,0.0,2,0,1,105087.91,0
128,424,France,Male,33,8,0.0,1,0,1,105725.81,0
129,609,France,Male,20,2,0.0,2,1,1,74330.14,0
130,675,Spain,Female,18,4,107552.45,1,0,1,135657.17,0
131,581,France,Male,19,5,140912.55,1,1,0,115262.47,0
132,699,France,Male,26,1,0.0,1,0,0,141959.59,0
133,654,France,Male,43,1,74645.3,2,1,1,196072.1,0
134,601,France,Male,40,3,58492.37,2,1,1,2674.71,0
135,677,France,Male,24,3,0.0,2,1,1,104079.03,0
136,691,France,Female,37,6,68267.6,1,1,0,52929.79,0
137,754,France,Female,39,3,0.0,2,1,0,195501.16,0
138,644,France,Male,30,8,65939.09,2,1,0,179989.44,0
139,751,France,Male,26,6,0.0,2,1,1,60532.69,0
140,531,Germany,Female,43,0,165812.05,1,0,0,114713.15,0
141,706,France,Male,38,2,43220.8,1,0,1,125338.41,0
142,685,France,Male,42,5,86643.02,2,1,0,156226.22,0
143,796,Germany,Male,37,3,131685.8,2,1,1,159638.68,0
144,548,France,Female,36,6,0.0,2,1,0,135691.21,1
145,718,Germany,Female,28,9,130575.51,1,1,0,115738.77,0
146,556,France,Male,33,2,0.0,1,1,1,25248.38,0
147,793,France,Female,41,5,0.0,2,1,0,96289.7,0
148,502,Germany,Male,20,2,114177.22,1,1,1,55817.73,1
149,467,Germany,Female,66,3,0.0,1,0,0,32946.99,1
150,782,Germany,Male,40,9,152698.22,2,1,0,80985.29,0
151,587,Germany,Male,35,1,216823.59,3,1,0,167979.87,1
152,635,France,Female,40,5,0.0,2,1,0,4604.03,0
153,672,Germany,Female,43,9,106346.76,1,1,0,8485.81,0
154,707,France,Male,21,6,85437.77,1,0,0,116554.36,0
155,753,France,Female,21,5,70992.82,1,0,1,166575.29,0
156,732,France,Male,29,6,18396.48,2,1,1,135340.14,0
157,762,France,Male,46,2,0.0,1,1,1,135980.66,0
158,490,France,Female,18,3,94466.86,2,1,1,49498.62,0
159,695,France,Female,39,8,0.0,2,0,0,180164.46,1
160,569,France,Male,35,6,0.0,2,1,1,70124.79,0
161,457,Germany,Male,27,5,207896.6,2,1,0,128387.8,1
162,619,France,Male,59,1,119090.94,2,1,0,117678.01,0
163,612,Germany,Female,37,1,180057.75,2,1,0,33657.32,0
164,546,Germany,Male,41,9,183928.05,1,1,1,170446.91,0
165,791,Spain,Female,29,8,0.0,1,0,1,39749.78,0
166,538,Germany,Female,56,3,0.0,2,1,1,185940.31,0
167,712,France,Male,57,7,107151.11,1,1,0,21623.98,1
168,756,France,Male,47,5,34571.39,1,0,0,98694.17,0
169,699,France,Female,30,6,115295.0,1,1,0,28667.99,0
170,567,Spain,Female,32,7,0.0,1,1,1,119549.56,0
171,631,Spain,Male,47,3,113234.56,1,1,1,151692.52,0
172,617,France,Male,42,6,0.0,1,1,1,106843.22,0
173,755,Spain,Female,46,7,0.0,1,1,0,55825.86,1
174,760,France,Female,34,3,121275.29,1,1,0,34024.55,0
175,572,France,Male,24,1,130450.34,1,1,0,9421.43,0
176,674,Germany,Male,18,7,32872.98,2,1,0,166607.28,0
177,691,France,Female,25,1,59069.37,2,0,0,48146.64,0
178,547,Spain,Female,66,8,0.0,2,0,0,57206.19,1
179,747,France,Male,28,3,116801.36,1,0,0,91321.52,1
180,580,Spain,Female,37,7,0.0,2,1,1,174490.09,0
181,649,France,Female,44,3,0.0,1,1,0,152822.67,0
182,719,France,Female,57,10,52341.41,2,1,1,119031.13,0
183,797,Spain,Male,47,1,128538.3,2,1,0,32031.07,0
184,660,Spain,Male,50,9,0.0,1,0,1,36871.55,0
185,648,France,Male,33,5,87525.58,2,1,1,114669.14,0
186,649,France,Male,38,9,0.0,2,1,0,58825.24,0
187,459,Spain,Male,49,9,90938.08,1,1,0,151484.77,0
188,839,France,Male,45,2,0.0,1,1,1,179415.92,0
189,486,France,Male,49,4,75025.19,2,1,0,132065.26,0
190,618,France,Female,42,6,169340.56,2,1,1,64812.44,0
191,688,France,Male,32,8,117375.55,2,1,1,23349.03,0
192,711,France,Female,41,5,0.0,2,1,0,119480.55,0
193,723,France,Male,45,4,22494.27,2,1,1,104219.34,0
194,551,France,Male,27,6,112388.6,2,1,1,79252.86,0
195,760,France,Male,39,1,0.0,2,0,1,90764.31,0
196,605,France,Male,43,5,82698.05,1,1,0,40017.4,1
197,611,France,Female,32,8,18517.79,2,1,0,187483.21,0
198,600,Spain,Female,31,8,0.0,2,1,1,6908.86,0
199,626,France,Male,49,3,0.0,2,1,1,151194.98,0
200,562,France,Male,45,0,67400.88,1,0,1,158158.4,0
201,648,France,Male,56,3,73780.18,1,1,1,176817.31,0
202,582,France,Male,37,6,101520.76,1,0,1,121604.18,0
203,555,France,Female,29,10,0.0,1,0,0,21781.51,0
204,775,France,Male,42,0,0.0,2,1,0,107443.57,0
205,742,Germany,Male,21,9,25584.7,1,1,1,183656.86,0
206,548,Germany,Male,33,2,94778.55,1,0,0,151904.75,0
207,601,France,Female,43,0,15117.85,2,1,1,172525.78,0
208,547,Spain,Female,46,1,73600.89,2,1,1,126228.63,0
209,691,France,Female,25,8,135793.9,1,1,0,105021.73,0
210,669,Spain,Female,38,10,0.0,2,1,1,78222.11,0
211,568,Germany,Female,39,9,39590.56,3,0,1,106554.13,0
212,599,France,Male,33,5,120923.85,2,0,0,55519.93,1
213,515,Germany,Female,44,3,83935.69,2,0,1,191364.79,0
214,574,France,Male,37,10,0.0,2,1,0,197878.38,0
215,593,France,Female,19,0,0.0,2,1,0,169273.59,0
216,633,France,Female,29,7,0.0,1,0,0,172745.7,0
217,712,Germany,Male,25,0,16539.87,1,0,0,169694.44,1
218,563,France,Female,65,4,0.0,2,1,1,140882.59,0
219,520,Spain,Female,41,8,171126.71,2,1,1,106955.59,0
220,651,Spain,Male,26,5,81694.34,1,1,1,14821.65,0
221,619,Germany,Female,30,1,0.0,3,0,1,45469.47,0
222,524,Germany,Female,25,4,42618.8,2,1,1,185087.29,0
223,584,France,Male,59,10,0.0,3,0,1,53901.96,0
224,726,France,Female,41,7,31918.01,2,1,1,88691.14,0
225,711,France,Female,31,0,25609.05,1,1,1,162977.65,0
226,508,Spain,Female,42,4,0.0,1,1,0,31943.74,0
227,597,France,Female,33,2,0.0,1,1,1,20200.19,0
228,673,Spain,Female,58,1,54299.7,2,1,1,99515.28,0
229,763,Spain,Female,34,8,151215.11,2,1,0,172294.74,0
230,687,France,Male,45,5,0.0,1,1,1,19282.49,0
231,804,France,Female,37,2,62993.01,1,1,1,49437.54,1
232,637,France,Male,45,9,86460.35,1,1,1,98959.66,0
233,716,France,Female,36,6,0.0,2,1,0,97104.28,0
234,730,Germany,Female,39,8,125475.46,2,0,1,100773.12,0
235,702,France,Male,45,0,0.0,2,1,1,25066.56,0
236,725,France,Male,45,10,76702.86,2,1,0,77924.65,0
237,578,Germany,Female,34,6,0.0,2,1,0,153773.81,0
238,642,France,Male,42,9,132462.7,1,0,0,118387.66,0
239,533,France,Female,29,6,204240.96,1,1,1,70182.22,1
240,745,France,Male,19,10,0.0,3,1,0,48350.12,0
241,647,France,Female,42,8,92561.02,2,1,1,169164.62,0
242,567,Germany,Female,41,9,136367.32,2,1,1,182422.52,0
243,708,Spain,Female,50,9,80560.07,1,0,1,3734.07,0
244,563,France,Male,28,5,0.0,1,1,1,160482.79,0
245,629,Spain,Female,32,2,106531.66,1,0,0,146736.19,0
246,531,Spain,Female,31,8,168530.02,1,1,1,39933.06,0
247,742,France,Female,28,6,0.0,2,0,1,6683.86,0
248,727,Germany,Female,54,0,66296.08,1,0,1,198145.46,1
249,685,Germany,Male,28,1,59621.03,2,0,1,113675.23,0
250,579,France,Female,22,6,0.0,1,1,0,165576.45,1
251,654,Germany,Female,31,7,175548.09,2,1,1,78688.52,0
252,634,France,Male,49,0,0.0,2,1,0,54505.83,0
253,440,Spain,Male,23,1,66460.96,1,1,1,100730.37,0
254,597,Germany,Female,23,9,100915.58,2,1,1,20943.63,0
255,580,Germany,Male,35,8,129971.75,2,1,0,49406.64,0
256,505,Spain,Female,36,8,139589.14,1,1,1,87653.05,0
257,629,Germany,Male,39,1,0.0,2,1,0,86334.79,0
258,657,Germany,Female,37,10,155906.68,2,0,0,137848.45,0
259,654,Spain,Male,34,8,41888.79,2,1,0,120382.42,0
260,602,Germany,Female,71,9,155808.1,1,1,1,72156.66,0
261,649,France,Male,22,2,0.0,2,1,0,120442.75,0
262,480,France,Female,45,4,0.0,1,0,0,15900.73,0
263,449,France,Female,37,6,0.0,2,1,1,184369.3,0
264,654,Spain,Female,47,7,0.0,2,1,1,193851.65,0
265,533,Germany,Male,36,5,0.0,2,1,1,30332.13,0
266,460,Germany,Male,18,6,0.0,2,1,0,149257.45,0
267,817,France,Female,42,7,51143.87,1,1,0,68628.12,0
268,850,Germany,Male,25,3,106818.71,1,1,1,52010.58,0
269,571,France,Female,39,9,146957.89,2,1,1,128703.59,0
270,571,Spain,Male,28,10,190003.96,1,1,0,153317.87,0
271,695,Germany,Female,53,6,134162.92,1,0,0,84187.67,1
272,643,Germany,Female,41,6,0.0,2,0,0,91956.07,0
273,740,France,Female,33,4,0.0,1,1,1,62574.02,0
274,775,France,Male,24,7,159888.11,1,1,1,53677.81,1
275,731,France,Female,66,1,166040.26,2,1,1,132645.21,0
276,644,France,Male,50,9,99668.99,1,0,1,139937.66,0
277,665,Spain,Male,35,2,0.0,2,1,0,71131.06,0
278,792,Spain,Male,41,0,99754.43,1,0,0,89949.82,0
279,654,France,Male,36,2,168727.99,1,1,0,130560.18,0
280,825,France,Male,34,7,51532.77,2,1,1,56398.93,0
281,593,France,Female,23,1,131679.04,1,1,1,5126.19,0
282,652,France,Male,30,7,36821.3,1,0,0,112424.59,1
283,592,Spain,Female,29,7,0.0,4,1,1,43098.98,0
284,495,France,Female,44,3,0.0,2,1,1,102519.3,0
285,629,Germany,Female,18,7,64620.73,2,1,0,128225.16,1
286,519,Spain,Male,31,3,155843.31,1,1,0,131418.87,1
287,555,France,Female,57,4,0.0,2,1,0,196747.54,0
288,636,Germany,Male,31,8,133837.78,1,0,0,29077.09,1
289,610,Germany,Male,53,5,1856.51,2,1,0,185646.21,1
290,755,France,Male,54,2,0.0,2,1,1,110193.65,0
291,685,Spain,Male,35,6,0.0,1,1,0,96547.19,1
292,529,France,Female,32,2,54247.51,1,1,1,109585.82,0
293,837,France,Female,24,7,150214.67,1,1,1,184456.6,0
294,704,France,Male,25,8,47158.13,2,0,1,109981.66,0
295,658,France,Female,31,8,160366.15,2,1,1,182034.78,1
296,634,France,Female,35,1,81179.33,1,1,1,195021.42,0
297,590,Spain,Female,27,4,65308.44,2,1,0,39812.95,0
298,722,France,Male,44,7,0.0,1,1,0,63800.74,0
299,489,Spain,Male,51,0,91242.67,1,0,1,56383.89,0
300,649,France,Female,20,10,0.0,1,1,0,92363.72,1
301,750,Spain,Female,26,7,191441.78,1,1,1,197887.37,0
302,762,France,Male,22,1,0.0,2,1,1,668.16,0
303,675,France,Female,55,9,77657.56,1,1,1,79616.52,0
304,511,France,Male,49,3,167269.85,1,1,1,57410.32,0
305,466,Spain,Male,30,4,52539.69,2,1,1,79369.04,0
306,608,Germany,Female,68,6,127171.74,2,0,1,3538.51,0
307,742,Germany,Female,28,2,0.0,1,0,1,68476.86,0
308,518,France,Female,24,3,161132.83,2,1,1,62728.88,0
309,569,Spain,Male,25,4,0.0,1,1,1,88280.95,0
310,695,France,Male,40,6,116255.73,1,1,1,198051.14,0
311,763,France,Male,23,9,0.0,2,0,0,8353.3,0
312,718,Spain,Male,37,4,125434.51,1,1,0,177755.11,0
313,617,France,Male,48,1,0.0,1,1,1,122024.56,0
314,833,Germany,Male,29,2,0.0,1,1,1,196990.16,0
315,562,France,Female,24,6,102153.94,2,1,1,56439.02,0
316,652,France,Male,34,9,59185.73,2,0,1,99920.13,0
317,710,France,Male,25,7,0.0,2,0,1,194594.3,0
318,777,France,Male,39,7,102589.88,1,0,0,36488.71,1
319,664,France,Female,18,0,0.0,2,1,0,33029.92,0
320,646,Spain,Female,33,5,64148.09,1,1,0,157807.62,0
321,648,France,Male,39,5,121139.06,2,1,1,52604.26,0
322,850,Spain,Male,24,10,0.0,1,0,1,141684.91,0
323,540,Spain,Male,39,7,0.0,1,0,1,149856.77,0
324,747,France,Male,42,4,36136.93,2,1,1,95020.59,0
325,574,Spain,Female,43,7,164724.85,1,1,1,199304.67,0
326,675,France,Male,70,10,116466.01,2,1,0,97820.61,0
327,834,Spain,Male,54,5,0.0,2,1,0,66968.24,1
328,627,Germany,Male,27,0,29243.36,1,0,0,65110.59,1
329,667,Spain,Male,37,0,132025.92,2,1,0,67790.95,0
330,497,France,Male,56,4,51017.08,1,0,0,40908.85,0
331,669,Spain,Male,26,0,16021.3,1,1,0,171240.28,0
332,816,Germany,Male,31,0,65247.54,1,1,0,38023.06,0
333,653,Spain,Male,41,0,124388.91,2,0,1,54771.14,0
334,545,Spain,Male,27,4,75915.79,2,1,1,140980.48,0
335,637,France,Male,55,9,0.0,2,1,1,4774.6,0
336,694,Spain,Male,32,8,86837.57,1,0,0,41163.44,0
337,634,France,Male,38,8,146775.11,2,0,1,59839.33,0
338,656,France,Male,37,1,0.0,2,1,1,126860.39,0
339,532,Germany,Female,38,9,74960.74,2,1,0,129387.45,0
340,662,France,Male,30,8,160423.65,2,1,1,15601.45,0
341,589,France,Female,25,5,107715.03,2,1,0,58110.71,0
342,565,France,Male,62,3,57411.46,2,1,1,74089.39,0
343,772,France,Female,28,6,0.0,2,0,1,114998.38,0
344,527,France,Male,56,0,0.0,1,0,0,11973.24,1
345,732,France,Male,23,2,111702.83,1,1,1,124468.17,0
346,620,Spain,Male,31,6,34039.41,1,0,1,135503.74,0
347,616,France,Female,62,6,178549.33,1,1,1,197238.12,0
348,774,France,Male,36,10,137748.2,1,1,0,165819.4,0
349,696,Spain,Male,26,4,82449.91,1,1,1,172991.55,0
350,597,Spain,Female,48,10,21412.86,1,1,0,132833.27,0
351,735,Spain,Female,34,7,103316.89,1,0,0,55501.55,0
352,646,France,Male,27,6,93354.51,1,1,1,172463.59,0
353,641,France,Male,27,9,0.0,2,1,0,36402.36,0
354,747,France,Female,65,9,64479.31,2,1,1,186064.22,0
355,558,Germany,Male,29,9,78304.01,2,1,0,169050.97,0
356,673,Spain,Female,26,10,0.0,1,1,0,193065.01,1
357,571,Germany,Male,32,9,148627.83,1,1,1,56798.12,0
358,620,France,Male,44,7,45170.66,4,1,1,76844.58,0
359,520,France,Female,45,4,0.0,1,1,1,97103.49,1
360,575,Germany,Female,28,4,176728.62,2,1,0,3553.15,0
361,639,France,Male,31,3,95851.54,1,0,0,38065.77,0
362,602,Germany,Male,62,8,3085.88,2,1,1,82.51,0
363,627,Germany,Female,44,8,171138.68,2,1,1,53695.84,0
364,720,France,Male,32,8,0.0,1,1,1,164538.25,0
365,687,France,Female,28,10,110476.87,2,1,1,96855.91,0
366,781,Germany,Female,39,6,216180.09,1,1,0,61929.11,1
367,550,France,Female,36,9,115137.24,1,1,1,73695.01,0
368,469,Germany,Male,36,5,85953.7,1,0,0,153135.37,0
369,664,Spain,Male,43,5,155210.8,1,1,1,80340.08,0
370,850,Germany,Male,53,10,0.0,1,1,1,89431.31,0
371,691,Germany,Male,31,9,115369.59,2,1,1,106993.61,1
372,747,France,Male,60,6,76638.18,2,1,1,35687.52,0
373,814,Spain,Male,31,3,91782.76,1,1,1,163669.89,0
374,517,Germany,Male,33,1,95310.03,1,1,1,148239.36,0
375,579,Spain,Male,56,3,116393.19,2,0,1,19609.95,0
376,697,France,Male,57,4,49181.05,2,1,1,124797.04,0
377,603,Spain,Male,37,5,3006.26,2,1,1,63834.06,0
378,612,France,Male,18,6,0.0,2,1,1,101050.75,0
379,590,France,Male,32,2,178950.02,1,1,0,87605.69,1
380,803,France,Female,47,6,124947.19,1,1,1,14159.47,0
381,777,France,Female,59,7,39869.68,2,1,1,165468.6,0
382,726,France,Male,21,5,80626.17,2,0,1,161295.4,0
383,520,France,Female,29,2,217245.96,1,1,1,68433.54,0
384,499,Germany,Female,25,1,107350.29,1,0,1,83961.43,0
385,597,Spain,Female,43,0,54038.4,2,1,0,42225.51,0
386,557,France,Male,33,0,0.0,1,0,0,109783.95,0
387,565,France,Male,30,0,0.0,2,1,0,139314.48,0
388,849,Spain,Male,23,3,0.0,1,1,0,122044.76,1
389,716,France,Male,42,3,0.0,2,0,1,63592.27,0
390,628,France,Female,30,8,150219.85,1,1,0,137132.49,1
391,668,France,Female,37,0,112089.39,2,1,1,87654.81,0
392,714,Germany,Female,37,9,0.0,2,1,1,98085.45,0
393,654,Spain,Male,35,9,0.0,2,0,0,69867.07,0
394,685,France,Male,31,1,110232.96,2,1,1,192500.2,0
395,589,France,Male,32,7,42694.65,1,1,0,91097.71,0
396,668,Spain,Female,33,1,142408.25,1,1,0,159214.8,0
397,530,France,Female,59,6,0.0,1,1,1,103881.55,1
398,604,Germany,Male,31,10,42786.11,1,1,0,139083.2,0
399,620,France,Male,27,9,0.0,2,1,1,37504.29,0
400,731,Germany,Female,50,2,145994.17,1,1,0,145814.84,1
401,822,France,Male,45,10,0.0,1,0,1,192535.41,0
402,710,Germany,Male,40,6,166726.05,1,1,0,9139.5,0
403,630,France,Male,24,1,88763.52,1,1,1,152712.87,0
404,648,France,Male,37,10,181968.8,1,1,0,45905.27,0
405,663,Germany,Female,18,2,0.0,1,1,1,93167.26,1
406,666,Spain,Male,22,4,72857.62,1,0,0,125125.2,0
407,439,France,Male,44,7,0.0,2,1,0,118555.1,0
408,749,Spain,Male,34,6,0.0,1,0,1,20123.88,0
409,567,Spain,Female,42,5,62023.35,1,0,1,144908.02,0
410,567,Germany,Male,73,9,0.0,1,0,1,102369.55,0
411,584,Germany,Male,38,0,0.0,2,1,0,29737.78,1
412,476,France,Female,46,4,0.0,2,1,1,185226.62,0
413,620,France,Female,43,3,67050.78,1,1,1,115493.47,0
414,656,Spain,Male,39,2,89834.42,1,1,1,13983.06,0
415,548,France,Male,32,4,110219.31,2,1,1,41144.7,0
416,715,Spain,Male,26,4,72168.52,2,1,0,61720.08,0
417,559,France,Female,26,8,0.0,2,0,1,110168.99,0
418,629,France,Male,25,10,3751.58,2,1,1,31707.98,0
419,645,Spain,Female,30,7,125815.46,2,1,1,167626.06,0
420,620,Germany,Female,19,7,155397.83,2,1,0,105243.09,0
421,719,France,Male,40,2,196264.93,2,1,0,174786.61,1
422,532,France,Female,43,1,89779.56,1,1,1,154458.34,0
423,686,France,Female,19,0,61811.39,1,1,1,93682.16,0
424,475,France,Female,41,9,0.0,2,1,1,128482.43,0
425,710,Germany,Male,25,6,202026.94,1,1,0,117762.25,0
426,720,Germany,Male,45,1,75951.04,1,1,0,89713.19,0
427,759,France,Female,29,1,113748.35,2,0,0,193432.31,0
428,775,France,Female,46,9,204291.5,2,1,1,4102.4,0
429,597,France,Female,31,9,68992.77,1,1,1,11707.25,0
430,708,Spain,Female,18,3,0.0,1,1,0,55192.32,0
431,694,Germany,Female,39,6,48823.1,1,0,1,63703.41,1
432,613,France,Male,23,4,66048.84,1,1,1,195955.82,0
433,656,France,Female,42,2,49302.76,1,1,0,51156.06,0
434,664,France,Female,19,1,0.0,1,0,1,23137.15,0
435,505,Spain,Female,77,2,0.0,1,0,1,125551.35,0
436,607,Germany,Female,25,2,30067.67,1,1,0,66699.29,0
437,424,Germany,Male,18,3,0.0,1,1,1,52704.23,0
438,750,France,Male,40,5,179627.31,2,1,0,147915.03,0
439,740,Germany,Male,31,9,0.0,2,1,0,189024.91,0
440,625,Spain,Female,29,4,115270.5,2,1,1,14543.6,0
441,764,France,Male,31,5,97166.85,1,1,0,53577.28,0
442,604,Spain,Male,18,10,106004.22,1,1,1,50851.23,0
443,512,Spain,Male,71,10,67600.23,1,0,0,53156.24,0
444,625,France,Male,35,8,58613.64,1,1,0,39095.35,0
445,568,Germany,Male,40,8,0.0,1,1,0,179279.93,1
446,646,France,Female,21,3,169159.13,2,1,0,144080.21,1
447,742,France,Male,31,3,0.0,2,1,0,123097.71,0
448,609,Germany,Female,39,3,188320.83,1,0,1,106006.63,1
449,595,France,Male,36,4,0.0,2,0,0,87142.74,0
450,601,Germany,Male,51,9,0.0,1,1,1,125461.21,0
451,622,France,Female,22,6,81547.01,2,1,0,86413.66,0
452,507,France,Male,63,10,81482.95,1,0,0,153971.54,1
453,394,France,Female,51,0,149572.2,1,1,1,131321.41,0
454,648,France,Male,31,6,65171.13,2,1,1,153402.79,0
455,621,France,Male,30,7,0.0,2,1,1,78717.73,0
456,664,France,Male,34,6,130547.47,2,0,0,5098.0,1
457,594,Spain,Female,46,1,38266.24,2,1,1,188070.61,0
458,382,France,Female,39,6,129165.63,3,1,0,60427.41,0
459,850,France,Female,41,6,169123.53,2,1,0,4680.55,0
460,850,Spain,Female,39,9,92695.89,2,1,1,25670.61,0
461,700,Germany,Male,25,8,66365.06,4,1,0,176863.46,0
462,849,France,Female,26,7,0.0,2,0,1,11473.95,0
463,737,France,Male,41,3,135941.22,1,1,0,127703.22,0
464,633,Germany,Male,66,1,93329.8,1,1,0,129030.9,0
465,685,Spain,Female,28,4,145236.42,2,0,1,143053.13,0
466,742,Germany,Female,18,7,167683.31,1,1,1,91868.6,1
467,559,Germany,Male,35,0,0.0,1,1,1,51626.14,0
468,741,Germany,Male,53,9,0.0,1,1,1,88647.79,0
469,571,Spain,Male,30,7,0.0,2,1,0,86734.92,0
470,593,Germany,Male,29,3,33785.53,1,1,1,137932.91,1
471,825,Spain,Female,38,6,110824.39,2,1,0,93235.32,0
472,800,France,Male,43,3,163480.63,1,1,1,125850.53,0
473,627,Germany,Female,37,1,0.0,1,1,1,197479.89,0
474,525,France,Female,44,6,87909.51,2,0,1,82543.92,1
475,724,France,Male,25,2,90151.5,1,0,0,24742.52,0
476,747,Germany,Male,22,6,0.0,2,0,1,16775.41,0
477,607,France,Male,44,2,0.0,1,1,0,147177.38,0
478,655,France,Female,27,7,166426.15,1,1,0,139179.54,0
479,511,Spain,Female,23,8,54307.49,1,1,0,126857.55,0
480,555,France,Female,38,10,64705.64,2,1,1,68710.27,0
481,681,France,Female,61,8,0.0,1,1,1,53346.04,0
482,632,France,Male,35,0,139127.96,1,1,1,141887.13,0
483,491,France,Female,45,0,115001.0,2,0,1,73255.44,0
484,638,France,Female,18,10,86679.73,1,1,1,59629.3,0
485,754,Spain,Male,51,4,0.0,1,1,0,140684.35,0
486,562,France,Male,31,10,0.0,1,0,0,112980.94,0
487,590,Germany,Female,35,0,58693.95,1,1,0,480.92,0
488,578,Germany,Female,40,8,0.0,2,1,1,82852.89,0
489,720,Germany,Female,26,1,0.0,2,1,0,130229.67,0
490,677,France,Female,47,9,21552.38,2,1,1,92461.69,0
491,677,Spain,Female,26,3,0.0,1,1,0,156176.47,0
492,640,Germany,Female,39,3,0.0,1,1,1,196727.46,0
493,559,France,Female,45,8,0.0,2,1,1,133838.37,0
494,706,France,Female,43,5,62244.54,1,1,0,88854.21,0
495,777,Germany,Female,45,2,129030.52,2,0,1,149470.82,0
496,510,France,Male,28,8,0.0,2,1,1,97471.25,0
497,697,France,Male,22,3,116268.2,1,1,1,53009.42,0
498,606,Spain,Female,34,4,0.0,1,0,1,137667.25,0
499,562,Spain,Male,33,10,89617.62,1,1,0,129052.74,0
500,671,Spain,Male,42,0,0.0,1,1,0,171290.18,0
501,702,Germany,Male,34,7,0.0,1,1,1,172207.58,0
502,708,France,Male,31,5,105543.47,1,1,1,50014.81,0
503,443,France,Female,30,5,86512.88,2,0,0,140401.21,0
504,739,France,Male,45,4,103731.51,2,1,1,181341.49,0
505,588,France,Female,23,4,99044.92,2,1,1,119520.61,0
506,588,Germany,Male,40,0,141024.04,1,1,0,195639.29,0
507,627,France,Male,22,7,90979.32,1,1,1,8334.7,0
508,596,Spain,Male,39,7,150766.72,2,1,1,88872.86,0
509,848,Spain,Female,58,1,0.0,1,0,1,113225.65,0
510,660,France,Female,43,5,0.0,1,0,1,41799.84,0
511,560,France,Male,50,0,0.0,2,1,1,141235.21,0
512,767,Germany,Male,24,8,0.0,1,0,1,183435.25,0
513,732,Germany,Male,39,10,102101.65,1,1,1,155202.57,0
514,658,France,Female,47,7,150995.91,2,1,1,13209.01,0
515,850,France,Male,26,6,0.0,3,1,1,47417.04,0
516,705,France,Male,59,9,0.0,2,1,1,134496.69,0
517,582,France,Male,82,0,85295.04,1,1,0,143215.5,0
518,735,Germany,Female,48,0,0.0,2,0,0,61188.06,1
519,483,France,Male,45,9,88572.67,1,1,0,97775.58,0
520,658,France,Male,36,9,49572.2,1,0,0,151577.49,1
521,701,France,Male,30,5,0.0,1,1,0,127118.94,0
522,781,Spain,Female,24,6,31586.05,1,1,1,1323.14,0
523,678,France,Female,31,6,91518.36,1,0,0,182799.76,1
524,559,France,Male,39,0,170685.27,1,0,0,179168.87,1
525,541,Spain,Male,21,9,0.0,1,1,1,124717.21,0
526,652,France,Female,18,8,133123.14,2,0,1,54719.94,0
527,700,Spain,Female,54,1,0.0,2,1,1,140155.31,0
528,608,France,Female,40,1,116088.04,2,1,1,158632.91,0
529,688,Germany,Female,39,5,0.0,2,0,0,192173.0,0
530,470,France,Male,26,1,112788.97,1,1,0,160265.75,1
531,613,Spain,Male,24,0,186174.62,2,1,0,40751.18,0
532,825,France,Male,18,10,168702.13,1,0,1,59419.68,1
533,492,Spain,Female,32,5,157653.08,2,1,0,13594.36,0
534,720,France,Male,30,0,70589.01,2,0,0,157285.4,1
535,407,Spain,Female,39,0,107819.08,2,1,1,151898.1,0
536,703,France,Female,31,9,0.0,1,1,1,158524.7,0
537,675,France,Female,44,7,0.0,2,1,1,153046.49,0
538,692,France,Male,18,10,0.0,2,1,1,135333.05,0
539,573,Germany,Male,31,7,35857.57,1,1,1,20200.1,1
540,717,France,Male,53,3,90393.9,1,0,0,103499.62,0
541,703,Spain,Male,37,5,111880.37,1,1,1,55547.49,0
542,731,Spain,Male,35,6,49991.07,1,1,1,13857.51,0
543,756,France,Male,50,0,222544.49,1,0,1,163514.54,0
544,544,Spain,Male,57,2,0.0,2,0,1,146977.1,0
545,749,France,Female,26,10,0.0,1,1,1,151468.37,0
546,768,France,Male,34,3,72732.98,2,1,0,21472.15,0
547,372,France,Male,24,5,0.0,1,1,1,127385.7,0
548,481,Spain,Female,38,6,80759.26,1,1,1,42368.91,0
549,638,France,Male,50,3,128442.17,1,1,1,138127.42,0
550,657,France,Male,26,5,0.0,1,0,0,39366.78,0
551,817,Spain,Male,41,8,54560.95,2,1,1,120502.38,0
552,601,France,Female,48,0,0.0,1,0,1,162489.39,0
553,818,France,Female,18,8,164423.94,1,1,1,81337.76,0
554,563,Spain,Male,18,5,152453.42,1,1,1,172615.98,0
555,532,Germany,Male,32,5,130933.83,1,1,1,140989.59,1
556,697,Spain,Male,29,6,32026.87,2,1,0,135049.42,1
557,710,France,Male,50,1,152564.28,1,0,1,154124.77,0
558,773,France,Male,18,10,122618.28,1,0,0,8275.48,0
559,634,France,Male,30,9,148967.94,2,1,0,43647.02,0
560,801,France,Female,19,4,0.0,2,1,1,127817.29,0
561,669,France,Male,30,5,0.0,1,0,1,17241.78,0
562,487,Spain,Male,52,6,79887.38,1,0,0,152694.83,1
563,716,Spain,Male,20,1,0.0,1,1,1,3773.14,0
564,711,Germany,Male,37,7,131802.97,2,1,0,54184.88,1
565,702,Germany,Female,77,2,169117.85,2,1,1,159970.35,1
566,782,Germany,Female,47,0,180153.26,2,1,0,40132.1,1
567,674,Spain,Male,38,2,122094.39,1,0,0,178060.36,1
568,720,Germany,Female,39,6,0.0,2,1,1,103282.17,0
569,543,Germany,Female,28,10,67584.74,1,0,0,139090.28,1
570,470,France,Male,45,4,182041.67,2,0,1,189223.25,0
571,850,France,Male,72,0,145009.79,2,0,0,105443.25,0
572,695,France,Female,18,10,159865.82,1,1,1,59650.88,0
573,782,France,Female,33,9,35008.22,1,1,0,193199.64,0
574,617,France,Male,39,5,61543.46,1,1,1,196971.93,0
575,730,France,Male,43,6,0.0,1,1,1,16780.76,0
576,809,France,Male,46,4,106782.6,2,0,1,85528.66,0
577,645,France,Male,46,7,45798.95,2,1,1,37727.64,0
578,751,Spain,Female,39,8,0.0,3,1,0,133528.0,0
579,690,Spain,Male,24,8,81439.04,1,0,1,145774.76,0
580,655,Germany,Female,87,8,0.0,2,0,0,65213.53,1
581,665,France,Female,26,6,247302.27,1,1,1,133815.53,0
582,683,Spain,Male,46,10,0.0,2,1,0,75599.4,0
583,535,France,Male,32,7,0.0,2,1,0,34961.93,0
584,546,France,Female,25,1,211123.22,1,1,1,48129.56,0
585,511,France,Female,33,8,88851.4,1,1,0,162178.96,0
586,538,France,Male,32,1,0.0,1,1,1,21223.66,0
587,758,Germany,Female,25,4,100779.28,1,1,0,59965.05,0
588,725,France,Male,45,2,136954.11,4,0,0,169646.94,0
589,601,France,Female,42,4,106181.96,2,0,0,54904.07,0
590,612,France,Female,32,0,145733.99,1,0,1,118400.37,0
591,612,France,Male,31,6,0.0,1,0,0,190548.44,0
592,620,Spain,Male,46,8,100216.38,4,0,0,164746.58,0
593,636,Spain,Male,35,3,0.0,2,0,0,85021.82,0
594,658,France,Male,35,9,0.0,1,0,1,63641.42,0
595,456,France,Female,32,3,60168.25,1,1,1,102892.02,0
596,581,France,Male,36,0,0.0,2,0,1,156383.71,0
597,661,Germany,Male,40,7,0.0,2,1,1,63871.29,0
598,641,Germany,Male,52,5,82253.32,2,1,0,74820.24,0
599,749,Spain,Female,35,1,5565.82,1,0,0,97210.45,0
600,663,Germany,Female,54,3,135284.94,1,0,0,101949.17,1
601,792,France,Male,18,8,125249.04,1,1,1,169049.77,0
602,683,France,Male,26,4,225973.65,1,0,1,172046.64,0
603,693,France,Male,31,7,0.0,2,1,0,114141.93,0
604,639,Spain,Female,24,9,0.0,1,0,1,118770.01,0
605,657,France,Male,51,4,0.0,1,1,0,86630.51,1
606,671,Germany,Female,38,9,0.0,1,0,0,65516.53,1
607,657,Spain,Male,22,6,101144.4,1,1,0,9778.92,1
608,596,France,Female,35,0,123915.66,1,1,0,198332.46,0
609,516,Germany,Male,33,0,30323.49,1,1,1,61421.53,0
610,593,France,Male,39,6,228007.45,1,1,0,164363.62,0
611,657,France,Male,31,10,185457.38,1,1,1,181074.11,0
612,561,France,Female,31,6,0.0,1,0,1,29154.67,0
613,781,France,Male,36,2,0.0,1,1,1,147090.23,0
614,619,Germany,Male,21,0,153978.58,1,1,0,183627.92,0
615,649,France,Female,36,3,0.0,1,1,1,106444.68,0
616,637,Spain,Male,35,6,112788.77,2,1,1,69338.44,0
617,473,Germany,Female,44,9,134568.01,2,0,1,40360.35,0
618,660,France,Female,37,3,0.0,1,1,0,91014.47,0
619,714,France,Female,51,2,78384.09,2,0,0,185410.44,0
620,593,Spain,Male,19,0,52392.34,1,1,1,93713.29,0
621,584,France,Male,28,3,105205.27,2,1,0,48612.58,0
622,459,Spain,Female,30,9,81230.58,1,1,1,97552.66,0
623,850,France,Male,43,4,0.0,1,1,1,150620.62,0
624,647,France,Male,45,4,110912.65,3,1,0,8856.38,1
625,454,Germany,Male,27,6,77052.88,2,1,1,41392.24,0
626,717,France,Female,40,7,34669.24,1,1,1,159580.07,0
627,607,Germany,Female,26,6,178062.17,2,1,1,4324.06,0
628,594,Germany,Male,39,3,27886.03,2,1,0,124461.29,0
629,555,Germany,Female,27,3,183016.19,1,1,0,105169.85,0
630,665,France,Male,51,3,106906.17,2,1,1,42894.26,0
631,593,France,Male,41,4,0.0,1,1,1,158988.09,0
632,725,Germany,Female,29,3,0.0,2,1,0,190218.11,0
633,582,Spain,Female,40,3,0.0,2,1,0,67376.43,1
634,653,France,Female,56,8,0.0,1,0,0,19258.05,1
635,471,France,Male,70,0,0.0,2,1,0,92467.03,0
636,721,Spain,Male,37,10,0.0,2,1,0,18632.92,0
637,463,France,Female,55,0,0.0,1,0,1,198120.13,0
638,517,Spain,Male,30,7,169695.85,2,1,1,128580.62,0
639,850,Spain,Male,59,7,46474.22,2,0,1,32291.03,0
640,786,France,Male,30,2,110779.81,1,1,0,106145.4,0
641,672,Germany,Female,41,6,10897.98,2,0,0,114903.58,0
642,727,France,Male,30,2,0.0,2,0,1,102473.89,0
643,749,Spain,Male,59,8,148857.7,1,1,1,195680.71,0
644,651,Germany,Female,36,2,0.0,1,1,0,661.59,0
645,564,Spain,Male,42,3,0.0,1,1,0,49403.69,0
646,622,France,Female,22,7,60785.55,2,1,1,41365.41,0
647,612,Spain,Male,39,1,132476.72,2,1,1,16541.87,1
648,626,Spain,Male,46,8,0.0,2,0,0,111739.19,0
649,550,France,Male,28,5,64859.33,1,1,0,17141.15,0
650,584,France,Female,32,5,0.0,2,1,1,185511.53,0
651,636,France,Female,27,10,0.0,1,0,0,107189.6,0
652,698,France,Female,29,6,153165.63,1,1,0,123784.25,0
653,550,Spain,Male,45,0,100985.8,1,1,0,179802.92,0
654,707,France,Female,57,9,0.0,2,1,1,33834.91,0
655,742,France,Female,24,3,4255.53,2,1,0,140024.84,0
656,506,Germany,Male,43,3,128973.31,1,1,1,99221.73,0
657,583,Spain,Female,45,9,0.0,2,1,0,35710.08,0
658,614,Germany,Male,46,9,0.0,1,1,0,10035.77,0
659,680,France,Male,36,10,148897.32,1,1,1,150127.57,0
660,801,France,Male,46,8,0.0,1,0,1,122400.9,0
661,667,Spain,Female,44,2,0.0,2,1,1,180583.32,0
662,553,Germany,Male,42,5,0.0,1,1,1,24658.95,0
663,632,Spain,Female,57,6,99467.11,2,1,1,22119.29,0
664,547,Spain,Female,52,10,105988.76,1,1,1,120268.2,0
665,623,France,Female,28,5,70268.34,1,0,1,140630.71,0
666,687,Germany,Female,48,0,45344.22,4,1,0,124173.95,0
667,715,Germany,Male,48,10,160252.7,1,1,1,48640.91,0
668,531,Spain,Female,18,0,0.0,1,1,0,72010.03,0
669,518,France,Male,21,3,91821.08,1,0,1,190440.3,0
670,730,Spain,Female,24,5,107910.37,2,1,0,30219.55,1
671,741,France,Female,49,9,0.0,1,1,1,53919.02,0
672,615,France,Male,46,8,233189.86,2,0,1,117365.02,0
673,690,France,Female,39,10,0.0,1,1,0,151047.4,0
674,723,Germany,Female,18,8,185568.46,1,1,1,41243.35,0
675,738,France,Male,39,10,0.0,1,0,1,89472.4,0
676,684,Spain,Male,38,5,0.0,1,1,1,137004.87,0
677,735,France,Female,28,10,75064.77,2,0,0,55401.84,1
678,594,France,Male,27,6,46097.01,1,0,0,149541.13,0
679,727,France,Male,59,7,104943.83,2,1,1,95437.51,1
680,681,France,Male,31,4,0.0,2,1,1,115986.14,0
681,569,France,Female,44,4,140992.85,2,1,0,30122.31,0
682,529,Spain,Female,51,7,47375.46,2,0,0,145251.74,0
683,631,France,Female,38,5,200218.45,1,1,0,1443.15,0
684,630,France,Female,55,8,0.0,1,0,0,3492.57,0
685,645,Germany,Female,50,7,69074.4,2,1,1,56613.86,0
686,732,Spain,Male,20,3,83767.33,1,1,1,125582.45,0
687,628,Germany,Female,25,4,161774.62,1,0,1,173872.89,0
688,586,France,Male,36,4,0.0,1,0,0,105261.64,0
689,645,France,Male,39,2,25936.79,2,1,1,10003.91,0
690,603,France,Male,40,8,129820.5,2,0,1,58474.79,0
691,663,Germany,Female,18,9,0.0,1,1,1,119207.94,0
692,603,Germany,Male,58,6,124641.3,2,0,1,71464.93,0
693,683,Germany,Female,48,2,0.0,1,1,1,151351.32,0
694,685,France,Female,20,6,178178.44,2,1,1,99564.01,0
695,631,France,Male,53,5,0.0,2,0,0,157986.73,0
696,557,Germany,Female,36,2,0.0,1,1,1,79763.99,0
697,697,France,Female,30,3,115329.94,2,1,0,51060.3,0
698,638,Spain,Female,46,3,129571.12,1,1,0,125066.01,0
699,587,France,Female,31,8,184216.09,1,0,0,97693.75,0
700,654,France,Male,44,7,0.0,1,0,0,165849.28,0
701,778,Spain,Female,23,0,91392.16,2,1,1,84927.4,0
702,675,France,Female,41,7,0.0,2,1,0,66971.09,0
703,680,Spain,Female,40,6,108349.23,1,1,1,199135.86,0
704,796,Germany,Male,43,0,180192.58,2,1,1,95756.93,0
705,716,France,Male,28,3,128909.71,1,1,0,111378.37,0
706,850,France,Female,41,6,152957.19,2,0,1,129703.03,0
707,734,Germany,Male,26,5,0.0,1,1,1,165576.04,0
708,687,France,Female,29,3,0.0,2,1,1,172870.47,0
709,532,Spain,Male,52,8,57419.27,2,1,0,3457.34,0
710,589,Spain,Female,34,4,115762.8,1,1,1,40518.74,0
711,717,Spain,Male,52,0,141019.46,2,1,1,55414.48,0
712,712,France,Male,47,4,0.0,1,1,0,9787.63,0
713,742,France,Female,36,5,44194.79,1,1,0,45320.39,0
714,786,France,Female,23,6,0.0,1,1,0,80538.9,0
715,656,Germany,Male,34,1,42354.75,1,1,0,123451.75,0
716,645,France,Male,51,8,99332.04,2,0,0,154134.52,1
717,566,Germany,Male,48,6,0.0,2,1,1,92714.02,0
718,519,Germany,Female,29,9,45758.33,2,1,0,195265.93,1
719,654,France,Male,21,8,113510.44,1,1,1,136323.08,0
720,719,France,Male,72,8,135781.71,2,0,1,108371.14,0
721,633,France,Female,24,4,0.0,1,0,0,37114.21,0
722,696,Germany,Female,37,3,0.0,2,1,1,100144.82,0
723,813,Spain,Male,33,7,0.0,2,1,1,90702.44,0
724,612,Spain,Female,46,6,97632.17,2,1,1,140963.77,0
725,603,Spain,Male,25,7,226362.89,1,1,1,85969.06,0
726,683,Spain,Male,67,3,0.0,2,1,1,14238.77,0
727,606,France,Female,36,9,154606.94,2,1,1,3319.4,0
728,730,Germany,Male,24,5,0.0,1,1,0,156181.23,0
729,579,Germany,Male,31,3,0.0,1,1,1,1905.98,0
730,591,Spain,Female,26,4,0.0,2,0,1,111238.2,0
731,557,France,Female,21,10,0.0,1,1,1,68945.21,0
732,610,France,Male,37,0,0.0,1,0,0,138610.88,0
733,544,France,Male,30,4,122712.73,1,1,1,25994.65,0
734,568,Germany,Female,46,10,39174.44,1,1,1,178093.54,0
735,725,France,Male,38,7,0.0,2,1,1,20935.75,0
736,529,Germany,Male,29,7,184945.44,1,0,1,96859.76,0
737,648,Spain,Male,37,3,0.0,2,1,0,149102.02,0
738,692,Germany,Male,38,3,49652.01,1,1,1,181687.43,0
739,712,France,Male,46,10,134452.63,1,1,0,8894.31,1
740,513,France,Female,39,1,0.0,1,0,0,89600.39,0
741,748,France,Female,34,0,0.0,2,1,1,48332.96,0
742,698,Spain,Male,33,5,45323.37,1,0,0,51994.26,1
743,642,Germany,Male,37,10,20269.16,2,1,0,86701.93,0
744,804,France,Male,34,3,0.0,1,1,1,20822.53,0
745,543,Germany,Male,38,4,0.0,2,1,0,140098.58,0
746,602,Spain,Female,29,5,0.0,1,1,1,58364.74,0
747,539,Germany,Male,37,10,29083.88,1,0,0,16132.63,0
748,670,Germany,Male,33,2,0.0,1,0,1,29461.85,0
749,634,France,Female,21,7,59646.18,2,1,1,77320.31,0
750,778,Germany,Male,39,6,114816.98,1,1,1,10123.81,0
751,634,France,Female,55,0,156168.37,1,1,1,167050.51,0
752,597,Spain,Male,36,0,8427.65,3,1,1,27428.88,0
753,684,France,Female,31,0,129299.71,1,0,1,140111.88,0
754,590,Germany,Male,29,4,0.0,2,1,1,172945.17,0
755,738,France,Female,26,8,89627.43,1,1,0,142132.93,0
756,568,Spain,Male,31,8,60304.0,1,0,0,113899.78,0
757,650,Germany,Female,33,2,0.0,1,1,0,112586.05,0
758,621,Germany,Male,45,6,0.0,1,1,1,147225.03,0
759,636,Spain,Male,41,4,129237.19,2,1,0,25876.5,0
760,618,Spain,Male,41,4,101906.26,2,0,1,190136.23,0
761,648,France,Male,22,0,27457.16,2,1,0,34320.12,0
762,806,Germany,Male,51,3,0.0,2,1,1,164867.61,0
763,550,Spain,Female,40,3,146203.98,1,1,0,148451.24,0
764,754,France,Female,40,6,175065.72,2,0,1,187336.18,0
765,629,France,Female,33,3,85933.05,2,1,0,159360.56,0
766,620,France,Female,44,1,80145.07,2,1,0,90385.73,1
767,606,Spain,Male,19,3,152819.99,2,1,1,19493.71,0
768,637,France,Male,38,3,0.0,1,0,0,32476.47,0
769,668,Germany,Male,64,4,129387.79,1,0,0,128562.61,1
770,722,Germany,Male,27,3,0.0,2,0,1,191948.6,0
771,634,France,Male,28,1,45923.58,1,1,0,5839.81,0
772,588,Germany,Female,35,4,79806.74,2,1,1,137964.25,0
773,768,France,Female,25,9,37892.5,1,1,0,76464.27,0
774,686,France,Male,54,2,0.0,1,1,1,128950.47,0
775,520,Spain,Female,79,3,179797.16,1,1,0,39814.52,1
776,789,Germany,Female,19,1,0.0,1,0,0,197456.92,1
777,622,France,Male,38,7,115467.61,2,0,1,81517.73,0
778,545,Spain,Male,38,10,105381.39,1,0,1,87467.64,1
779,686,France,Male,41,10,128482.1,1,0,1,72186.42,0
780,589,Spain,Male,21,9,27718.18,2,1,0,50857.22,0
781,536,France,Female,53,7,157466.9,1,1,1,126727.94,0
782,598,Germany,Male,37,3,0.0,3,1,1,76473.67,0
783,490,France,Female,35,7,135510.62,1,1,0,133061.18,1
784,534,France,Female,33,0,143498.3,2,1,1,38475.0,0
785,363,France,Female,32,9,0.0,1,1,0,9254.49,1
786,695,France,Female,42,0,62416.2,1,1,0,33867.93,0
787,571,France,Female,35,6,100150.2,1,0,0,48287.41,1
788,521,France,Male,30,4,0.0,1,0,0,16678.53,0
789,672,France,Female,28,8,0.0,1,0,0,51911.59,1
790,781,France,Male,25,5,75423.39,2,1,1,182721.3,0
791,675,France,Female,50,7,0.0,1,0,1,23306.62,0
792,401,Germany,Female,54,6,140053.64,1,1,0,104697.12,0
793,595,Spain,Male,30,8,180861.79,2,1,1,85972.49,0
794,709,Germany,Male,47,5,153522.82,1,1,1,39192.57,1
795,680,Spain,Male,43,8,0.0,1,1,1,3605.91,0
796,522,Spain,Female,33,6,156166.47,1,0,0,39576.22,1
797,665,France,Male,28,1,79148.73,2,0,0,160515.95,0
798,727,France,Female,57,4,12244.28,2,0,0,185965.12,1
799,711,France,Female,30,10,44990.88,2,0,1,169921.71,0
800,538,France,Male,62,5,105226.88,1,0,1,101725.58,0
801,552,Spain,Female,35,5,156690.44,1,0,0,130221.89,0
802,850,Spain,Female,44,5,0.0,2,0,1,10624.06,0
803,671,Spain,Female,32,7,151736.0,1,1,1,186688.42,0
804,646,France,Male,64,7,5734.93,1,1,1,82096.42,1
805,672,France,Female,60,5,0.0,1,1,0,118879.99,0
806,684,France,Male,40,7,76192.91,1,1,1,76729.22,0
807,709,Germany,Male,42,3,106262.99,1,0,1,187269.81,0
808,469,France,Male,36,2,170463.77,2,1,1,43731.17,0
809,700,Germany,Female,42,4,108809.51,2,1,0,116526.22,0
810,453,Spain,Male,24,6,100076.89,2,0,1,12647.46,0
811,840,France,Female,45,0,0.0,2,1,1,98963.31,0
812,745,Spain,Male,21,6,0.0,1,1,0,123579.66,0
813,519,France,Female,43,3,0.0,2,0,1,70840.89,0
814,592,Germany,Male,33,0,0.0,1,1,0,90149.59,0
815,723,France,Male,54,6,0.0,1,1,1,90782.19,0
816,705,Spain,Female,35,5,0.0,2,1,0,66350.15,0
817,532,France,Female,50,8,31824.04,2,1,1,34896.14,0
818,696,France,Male,50,4,122026.49,2,1,0,158045.31,0
819,655,Germany,Male,33,0,14720.28,1,1,1,50335.16,0
820,710,Germany,Female,37,5,72061.31,1,1,1,24653.92,0
821,639,France,Male,42,0,127596.78,2,1,0,84587.43,0
822,813,Germany,Male,18,7,57362.27,2,1,0,1471.14,0
823,605,France,Male,47,9,0.0,1,1,0,176925.12,1
824,721,France,Female,41,7,122499.09,2,0,1,165450.17,0
825,534,France,Male,23,2,181728.3,2,0,0,157631.99,1
826,678,France,Female,25,7,0.0,2,0,1,195933.52,0
827,429,France,Male,57,0,0.0,2,1,1,130063.36,0
828,541,Spain,Male,39,2,140106.8,2,1,1,100988.71,0
829,725,France,Male,30,4,37857.53,2,1,1,92820.87,0
830,667,France,Female,46,3,122357.79,1,0,0,199234.4,0
831,591,France,Female,49,5,118898.86,2,1,1,130674.92,0
832,708,Germany,Male,32,10,57932.18,1,0,0,26240.84,0
833,743,Germany,Female,38,0,20054.97,1,1,0,117601.77,1
834,664,France,Female,54,5,0.0,1,0,0,2998.83,1
835,627,France,Female,31,5,131579.37,1,0,0,80028.85,0
836,792,Spain,Male,35,2,56173.78,2,1,1,172276.75,0
837,836,France,Male,29,0,0.0,2,1,0,176918.51,0
838,646,France,Male,35,4,99065.51,1,1,1,139302.49,0
839,621,France,Female,30,0,0.0,1,0,0,84758.62,0
840,580,France,Male,49,7,0.0,2,0,1,167279.18,0
841,617,Germany,Female,47,1,85506.72,1,0,1,168305.05,0
842,746,France,Male,26,1,0.0,2,1,1,103658.22,0
843,614,France,Female,26,8,4082.59,2,0,1,64483.26,0
844,596,France,Female,26,10,0.0,1,1,0,136923.49,0
845,760,Spain,Male,37,5,0.0,2,1,1,98041.44,0
846,691,Spain,Male,42,9,127647.97,1,0,1,3470.06,0
847,681,France,Male,34,8,82405.58,2,0,1,70381.65,0
848,805,Germany,Female,30,2,15337.26,1,1,1,141802.35,0
849,677,France,Female,42,5,207378.46,1,1,0,164549.09,0
850,667,France,Female,49,6,43889.36,1,0,1,148217.87,0
851,587,Germany,Male,32,10,93006.58,1,1,1,87423.97,0
852,602,Spain,Male,18,10,33230.31,1,0,1,66083.41,0
853,846,France,Female,30,5,105112.07,1,1,1,57079.73,0
854,680,Germany,Female,44,7,95461.24,1,0,1,180521.7,1
855,742,France,Female,55,8,38345.44,1,1,1,91748.42,1
856,674,France,Female,36,8,0.0,2,1,0,14481.61,0
857,720,Spain,Male,54,10,100169.13,1,0,0,173020.33,0
858,574,France,Male,27,6,70675.57,2,1,1,189375.23,0
859,474,Germany,Male,28,8,208857.09,2,1,0,61417.49,0
860,548,France,Male,34,1,0.0,2,1,1,162437.44,0
861,571,Germany,Female,31,2,0.0,2,1,0,101951.5,0
862,513,France,Male,36,8,165779.63,2,0,1,115876.52,0
863,786,France,Female,21,7,0.0,2,0,1,17211.71,0
864,739,Germany,Female,29,6,147017.22,2,0,1,124572.03,0
865,521,France,Male,48,1,40848.0,2,1,0,88105.07,0
866,625,Germany,Male,54,0,195957.97,1,1,1,133202.75,0
867,632,France,Male,39,8,91633.8,1,1,0,112417.41,0
868,661,France,Female,32,0,129755.01,1,0,0,156089.03,0
869,683,France,Female,32,9,209638.66,1,0,0,84007.8,0
870,850,France,Male,28,9,84169.93,2,1,1,88388.88,0
871,638,France,Male,18,2,0.0,1,1,1,115957.29,0
872,631,France,Male,20,0,0.0,2,1,1,40846.83,0
873,519,Spain,Female,44,10,57496.09,1,1,0,52281.22,0
874,562,Germany,Female,43,1,35017.69,2,1,1,90596.62,0
875,469,Spain,Female,59,9,0.0,1,1,1,10800.26,0
876,749,France,Female,48,5,0.0,2,0,1,43470.74,0
877,599,France,Male,37,5,152255.09,1,1,0,119329.02,0
878,769,France,Female,29,9,174548.32,1,1,1,124539.63,0
879,695,Germany,Female,43,2,44819.69,1,1,0,123757.88,0
880,552,Germany,Female,18,0,128457.02,2,0,1,144341.94,0
881,601,Germany,Female,27,2,87972.09,2,1,0,151694.81,0
882,627,Spain,Female,27,5,134635.49,2,1,0,199056.39,0
883,620,France,Male,30,6,0.0,1,1,0,196257.75,1
884,599,France,Male,35,5,0.0,1,1,1,141738.01,0
885,798,Germany,Male,60,8,116658.74,1,1,1,95769.2,0
886,666,France,Male,41,4,79081.22,2,1,0,96495.88,0
887,590,Spain,Male,36,6,0.0,1,1,1,94124.66,0
888,501,Spain,Female,40,4,32932.54,2,1,0,123548.37,0
889,705,France,Male,45,6,0.0,2,1,1,162698.47,0
890,638,Germany,Male,30,2,107787.13,2,1,0,19873.65,0
891,690,France,Female,18,5,16301.06,1,1,1,14890.26,0
892,677,Spain,Female,46,1,155245.85,2,0,1,107427.9,0
893,819,Spain,Male,37,0,0.0,2,1,1,151330.94,0
894,632,Germany,Female,34,10,66054.22,1,1,1,63150.04,0
895,605,Germany,Female,25,2,0.0,1,0,0,195502.82,0
896,721,France,Female,46,1,191031.93,1,0,0,76309.23,0
897,551,Germany,Female,43,3,0.0,1,0,1,175905.74,0
898,673,France,Male,39,10,0.0,2,1,0,26038.57,0
899,614,Germany,Female,21,6,26021.7,2,0,0,42335.58,0
900,572,France,Male,43,10,141710.62,1,1,1,31586.9,0
901,805,Germany,Male,57,2,0.0,1,1,0,90212.8,1
902,490,Spain,Male,26,6,103402.76,1,1,0,23755.05,0
903,694,France,Male,26,0,0.0,2,1,0,108193.88,0
904,697,Germany,Male,21,1,0.0,1,1,1,71940.62,0
905,635,France,Male,23,2,128963.87,1,1,1,17277.29,0
906,497,Germany,Male,38,6,177661.96,2,1,0,178430.87,0
907,850,France,Male,55,8,0.0,1,0,0,58833.82,0
908,617,Spain,Male,47,7,8074.27,1,0,1,28883.93,0
909,492,France,Female,38,10,95982.72,1,1,0,110033.33,0
910,706,Germany,Male,35,2,175362.67,2,0,0,125620.24,0
911,350,France,Male,21,1,165569.37,1,0,1,11295.84,0
912,711,France,Female,22,8,105352.81,1,1,1,98579.54,0
913,661,Spain,Male,37,1,0.0,2,1,0,63049.42,0
914,599,Germany,Male,33,2,0.0,1,1,0,9255.66,1
915,715,France,Male,63,5,150597.15,1,1,0,130932.57,0
916,561,France,Male,27,10,93002.64,2,1,0,88103.23,1
917,730,France,Male,30,1,135248.67,1,0,1,118173.31,0
918,741,France,Male,51,0,0.0,1,0,0,44153.86,0
919,744,Spain,Female,38,1,127271.35,2,1,1,52415.83,0
920,538,France,Male,21,3,62523.73,1,0,1,133286.03,0
921,596,Germany,Female,29,7,142457.53,1,0,1,93356.05,0
922,668,France,Male,22,2,11526.65,2,1,1,36787.77,0
923,512,Germany,Male,31,3,113453.5,1,1,1,157883.26,0
924,715,Spain,Male,39,4,109747.69,2,1,0,112538.7,0
925,643,France,Male,21,7,229935.93,1,1,0,27033.33,1
926,805,France,Male,30,7,148400.02,2,1,1,116917.27,0
927,836,France,Female,30,2,144079.12,3,1,1,41453.67,0
928,801,Spain,Male,43,4,0.0,1,1,0,175289.03,0
929,637,Spain,Male,31,0,126595.31,1,1,0,69640.81,0
930,656,France,Male,44,1,161609.02,1,1,1,38761.24,0
931,457,Spain,Male,22,3,159669.55,1,1,0,109988.93,0
932,502,Germany,Female,27,4,21029.22,2,0,1,59630.8,0
933,711,Spain,Female,34,6,77487.43,2,1,0,165698.0,0
934,570,Germany,Female,47,5,0.0,1,0,1,199371.76,0
935,846,Germany,Female,31,2,111690.15,2,0,0,92334.66,1
936,550,France,Male,56,8,84512.09,1,1,1,151886.43,0
937,670,Spain,Male,35,1,0.0,1,1,0,7620.89,1
938,552,France,Male,32,2,120245.17,2,1,1,7386.93,0
939,509,France,Male,32,2,0.0,1,1,1,188390.73,0
940,785,Germany,Female,61,6,55668.11,1,1,0,109091.22,1
941,606,Germany,Female,40,0,2403.24,1,0,1,14702.79,0
942,580,Germany,Male,26,4,0.0,1,1,1,107993.21,0
943,651,Germany,Female,28,9,79002.47,2,1,1,176119.26,0
944,586,Germany,Female,22,0,0.0,2,1,0,3727.6,0
945,631,Germany,Female,31,0,17844.78,1,0,1,43992.34,1
946,519,France,Male,39,3,0.0,1,0,1,121232.83,0
947,606,France,Female,18,3,125051.88,1,1,0,180855.04,0
948,694,France,Male,34,5,110312.68,2,1,0,38354.85,0
949,581,Germany,Male,45,1,128119.65,1,1,1,9598.34,0
950,701,Germany,Male,47,9,0.0,2,1,1,13740.46,0
951,820,France,Female,34,2,79917.95,1,1,0,120886.76,0
952,846,France,Male,57,2,135222.24,1,1,1,158239.58,0
953,527,Spain,Male,33,9,98257.64,1,0,0,187178.94,1
954,788,France,Female,51,4,191293.7,2,0,1,90886.26,0
955,597,France,Female,30,0,188158.14,1,1,0,49636.13,1
956,700,France,Male,18,4,140611.6,2,1,1,70468.55,0
957,381,Spain,Female,32,8,77566.89,2,1,1,50827.0,0
958,733,Spain,Male,53,1,121566.26,3,0,1,123493.31,0
959,850,France,Female,18,1,0.0,1,0,0,59383.49,0
960,606,Spain,Female,29,0,0.0,2,1,0,150338.02,0
961,626,Spain,Male,92,5,0.0,2,1,0,150436.21,0
962,746,France,Male,49,9,47432.75,2,0,1,68112.07,0
963,678,France,Female,41,5,67495.38,2,0,1,45984.02,0
964,729,Spain,Male,32,2,146061.01,2,1,1,73789.24,0
965,632,Spain,Male,35,4,233284.59,1,1,1,120455.76,0
966,619,France,Female,46,3,0.0,2,1,1,86624.33,1
967,542,Spain,Female,36,8,59241.53,2,0,1,132194.08,0
968,688,France,Female,32,7,170309.83,2,1,1,104034.18,0
969,704,France,Male,44,7,0.0,1,1,1,81041.03,0
970,398,France,Female,18,9,0.0,1,1,1,153180.93,0
971,596,Spain,Female,18,5,0.0,3,1,0,178683.23,0
972,558,France,Female,43,5,101578.18,2,0,1,94657.02,0
973,691,France,Female,31,9,152149.99,1,0,1,58897.59,1
974,730,Germany,Male,21,9,132346.25,2,0,0,41160.46,0
975,608,Germany,Female,20,9,1012.74,2,0,1,56219.44,1
976,790,Spain,Female,28,0,161331.82,1,1,1,157909.15,0
977,627,Germany,Male,20,2,51963.35,2,1,0,3326.94,0
978,623,France,Male,18,9,104164.44,1,0,0,4884.81,0
979,689,Spain,Female,50,3,88401.8,1,1,0,43191.94,0
980,574,France,Female,44,2,136095.58,1,0,0,144440.74,0
981,582,Germany,Male,44,4,0.0,1,0,1,55243.56,0
982,689,Spain,Male,36,7,0.0,1,1,0,125271.48,1
983,559,France,Female,34,10,168877.51,2,1,0,157979.83,1
984,480,Spain,Male,39,5,121896.69,1,1,0,22539.89,0
985,805,Germany,Female,29,9,81488.31,1,1,1,38907.43,0
986,603,France,Male,32,6,0.0,1,1,1,139450.18,0
987,542,Spain,Male,38,1,0.0,2,0,1,167277.65,0
988,703,Germany,Male,69,9,81531.12,1,1,1,21265.95,0
989,535,Spain,Male,40,8,0.0,2,1,0,50531.72,0
990,768,France,Female,28,2,93779.67,1,1,1,166570.67,0
991,653,France,Male,24,2,21037.34,1,1,1,154759.26,0
992,848,France,Male,28,10,155349.39,2,1,1,128713.04,0
993,586,France,Female,26,3,0.0,4,1,0,24942.41,1
994,422,Germany,Male,36,10,0.0,1,1,1,53735.21,0
995,713,Germany,Female,30,3,146249.61,1,1,1,175431.63,0
996,767,Spain,Male,36,5,136250.15,1,1,1,63036.38,0
997,756,France,Male,58,2,58009.33,1,1,1,3842.9,0
998,614,Germany,Male,46,10,66137.78,1,0,1,63674.57,0
999,586,Germany,Female,37,6,0.0,1,1,1,64451.21,0
1000,716,Spain,Male,50,3,0.0,2,1,0,54270.98,0
1001,608,Germany,Male,65,5,0.0,1,1,1,157592.91,0
1002,850,France,Male,18,9,0.0,2,1,1,102460.1,0
1003,653,Germany,Male,21,7,194503.41,2,0,0,53243.74,0
1004,636,France,Male,43,2,79324.76,1,1,1,103815.1,0
1005,680,Germany,Male,56,0,122250.56,2,1,0,195679.85,1
1006,780,France,Female,32,7,89510.8,1,1,1,17557.75,0
1007,522,France,Male,44,10,90232.73,1,1,1,14401.27,0
1008,775,Germany,Female,37,1,0.0,1,0,1,11396.38,0
1009,757,Germany,Female,53,4,131219.96,1,1,0,83071.09,1
1010,641,France,Female,57,1,42398.44,2,1,1,65687.08,0
1011,523,Germany,Male,18,6,0.0,2,0,1,11852.09,0
1012,718,France,Female,18,4,0.0,1,1,0,5695.46,0
1013,739,France,Female,27,2,0.0,1,1,0,104688.16,0
1014,648,France,Female,44,10,170809.24,2,0,0,118679.09,0
1015,810,Spain,Male,51,1,0.0,2,0,0,116721.82,0
1016,586,Spain,Male,24,1,0.0,2,1,1,31907.1,0
1017,619,France,Female,50,10,150075.43,2,1,0,182791.48,1
1018,570,Spain,Male,22,1,0.0,1,1,1,134132.92,0
1019,660,France,Male,22,5,133307.92,1,0,1,140074.51,0
1020,378,Spain,Female,18,6,0.0,1,0,1,118257.08,0
1021,644,Spain,Female,41,10,70002.55,1,1,0,124628.5,0
1022,708,France,Female,27,10,78978.64,1,1,0,616.23,0
1023,761,Germany,Male,40,6,145238.27,1,1,0,84615.63,0
1024,724,Spain,Male,39,6,77190.52,2,1,1,151366.93,0
1025,698,Spain,Female,30,9,210786.36,2,0,1,83536.75,0
1026,655,Germany,Female,52,7,0.0,2,1,0,93366.08,0
1027,641,France,Male,45,7,88935.27,2,1,1,85346.72,0
1028,564,Germany,Female,26,4,0.0,1,0,0,133146.03,0
1029,645,Germany,Female,53,3,0.0,2,1,0,101532.77,0
1030,630,France,Male,37,5,43734.7,2,1,0,180319.5,0
1031,747,France,Female,51,5,0.0,1,0,0,40945.16,1
1032,763,Germany,Female,42,4,113413.15,2,0,1,124592.09,0
1033,607,Germany,Male,33,6,121596.51,1,1,0,155559.4,0
1034,792,France,Female,32,1,185179.48,1,1,1,156147.2,1
1035,718,France,Male,26,2,1189.96,2,1,0,102353.14,0
1036,655,France,Female,27,5,0.0,2,1,1,5904.8,0
1037,685,Spain,Female,19,9,14445.63,1,1,1,44327.01,0
1038,560,Germany,Male,42,9,48975.89,1,0,0,173986.18,0
1039,794,Spain,Male,23,0,0.0,2,1,0,132916.93,0
1040,516,Germany,Female,56,5,160369.01,2,1,1,194253.96,0
1041,628,Germany,Female,23,10,33411.62,2,1,0,157660.79,0
1042,490,France,Male,34,4,95428.05,1,0,0,47188.79,0
1043,644,Germany,Male,65,2,0.0,2,1,0,7974.6,0
1044,763,France,Male,64,10,0.0,1,1,0,159215.76,1
1045,709,Germany,Female,45,3,27860.19,1,1,1,106156.84,0
1046,739,Germany,Male,69,10,37853.68,3,1,1,154361.76,0
1047,711,France,Female,29,9,0.0,2,1,1,192987.11,0
1048,728,Germany,Female,25,8,63022.13,1,1,0,32767.2,0
1049,640,Germany,Female,28,8,189381.37,2,1,1,95793.37,0
1050,546,Germany,Female,32,7,144716.96,1,0,1,125606.9,0
1051,758,France,Female,46,8,55341.14,2,1,1,94895.81,0
1052,680,Spain,Female,40,10,0.0,1,0,1,187874.37,0
1053,667,France,Male,22,1,250000.0,1,1,1,144675.81,0
1054,600,France,Female,18,3,0.0,1,1,0,3979.56,0
1055,665,Germany,Female,42,6,0.0,2,1,0,6782.21,1
1056,427,Germany,Female,45,1,0.0,1,0,0,79145.11,0
1057,711,France,Female,31,1,0.0,1,1,1,35951.59,0
1058,582,Spain,Male,41,8,0.0,1,1,0,186957.01,0
1059,560,France,Male,19,5,0.0,2,1,0,188147.4,0
1060,850,France,Female,33,8,141594.74,1,1,1,33959.11,0
1061,605,France,Male,61,1,0.0,1,1,0,10418.19,1
1062,654,Spain,Female,63,0,34526.34,1,1,1,143957.83,0
1063,647,France,Female,37,3,26994.17,2,1,1,123485.67,0
1064,602,France,Female,31,9,82716.14,2,1,1,110109.66,0
1065,769,France,Male,41,8,0.0,2,1,1,43079.4,0
1066,682,Germany,Male,27,7,0.0,2,1,1,181306.38,0
1067,569,France,Male,45,5,0.0,1,1,1,82577.58,0
1068,785,Spain,Male,28,4,0.0,1,0,1,97985.67,0
1069,704,Spain,Female,37,10,0.0,1,1,0,97760.42,0
1070,636,France,Male,24,7,0.0,2,1,1,71490.59,0
1071,596,France,Male,24,8,101227.47,2,1,1,4943.64,0
1072,746,France,Male,54,10,109833.69,2,1,1,124235.85,0
1073,693,France,Male,22,2,104651.94,2,0,0,169633.25,0
1074,488,Spain,Male,37,4,0.0,2,1,0,12565.04,1
1075,708,Germany,Male,31,10,22177.01,1,1,1,119908.86,0
1076,677,Spain,Male,40,1,118545.11,2,0,1,198320.23,0
1077,660,Germany,Female,25,9,0.0,2,1,1,8502.57,0
1078,675,Germany,Male,36,2,149389.91,2,0,0,175801.36,0
1079,633,France,Male,57,3,70979.78,2,0,0,186141.43,0
1080,547,France,Male,31,0,211981.77,1,0,0,168931.33,1
1081,658,Germany,Male,44,1,0.0,2,1,1,37136.72,0
1082,557,Spain,Female,27,9,0.0,2,1,0,95367.81,0
1083,557,France,Male,32,2,0.0,1,1,1,152339.43,0
1084,678,Spain,Female,28,10,0.0,1,1,0,30941.83,0
1085,602,France,Female,54,9,152304.78,2,1,1,8197.58,0
1086,720,Spain,Male,46,2,70399.32,1,1,0,83703.17,0
1087,775,Germany,Male,46,2,0.0,2,1,1,88812.32,0
1088,813,France,Male,40,10,89702.82,1,0,1,15941.75,0
1089,598,France,Male,43,7,0.0,2,1,1,21163.77,0
1090,670,France,Male,23,0,0.0,2,1,0,158577.14,0
1091,542,Germany,Male,27,8,0.0,2,0,1,68448.56,0
1092,583,France,Female,30,10,145689.82,1,1,1,133514.67,0
1093,672,France,Female,18,8,0.0,1,0,1,17149.23,0
1094,555,France,Female,18,5,0.0,2,0,1,43415.76,0
1095,582,Germany,Male,30,0,55315.08,2,1,1,59010.01,0
1096,622,France,Female,18,1,0.0,1,0,1,73220.23,0
1097,548,France,Female,29,10,202681.19,1,0,1,68046.12,0
1098,659,Spain,Male,27,1,140611.68,2,1,0,15472.57,0
1099,645,Germany,Male,39,2,65947.91,1,1,0,103631.85,0
1100,655,France,Male,34,5,0.0,1,1,1,107651.85,0
1101,728,France,Male,24,1,0.0,3,0,1,126610.2,0
1102,730,France,Female,37,4,75814.33,2,1,0,111102.24,0
1103,575,France,Female,36,10,88956.76,1,0,0,178735.72,0
1104,539,Germany,Male,49,10,79462.51,1,1,0,12544.08,0
1105,817,France,Male,19,6,0.0,1,1,0,117220.05,0
1106,611,Germany,Male,32,0,214062.26,2,0,0,91106.74,1
1107,599,Germany,Female,32,9,110844.35,2,0,0,76329.64,0
1108,642,France,Male,22,10,165028.19,2,1,1,186434.7,0
1109,763,Germany,Female,35,10,152636.65,1,1,0,129082.13,0
1110,734,Spain,Female,41,9,0.0,1,1,0,72043.01,0
1111,540,France,Female,42,10,0.0,1,0,0,181113.56,0
1112,572,Germany,Female,26,1,96059.26,1,1,0,192058.1,0
1113,646,France,Male,18,10,0.0,1,0,0,45694.92,0
1114,635,Spain,Male,44,10,131753.57,2,1,1,41729.32,0
1115,681,Germany,Female,55,7,132060.28,1,1,1,46553.81,0
1116,502,Spain,Male,39,0,0.0,2,0,1,173348.64,0
1117,850,Spain,Male,28,10,0.0,2,1,0,186124.09,0
1118,611,France,Male,59,10,31849.68,2,0,1,877.12,0
1119,558,France,Male,33,4,0.0,2,0,1,81804.64,0
1120,462,France,Female,42,10,0.0,2,1,0,3026.12,1
1121,679,Spain,Female,36,8,91055.71,1,1,1,116909.95,0
1122,738,France,Female,44,2,181791.32,1,0,1,80663.89,0
1123,641,France,Male,53,9,0.0,2,1,1,11702.99,0
1124,596,France,Male,33,10,50817.06,2,0,0,141254.79,0
1125,542,France,Male,31,4,0.0,1,1,0,162142.14,0
1126,637,France,Male,36,1,172009.67,1,1,1,13483.88,0
1127,541,Germany,Male,25,8,0.0,1,0,1,42612.45,0
1128,663,Spain,Male,24,4,0.0,2,1,1,2932.56,0
1129,745,Germany,Female,29,2,0.0,1,1,0,157783.55,1
1130,644,Spain,Female,56,6,170296.82,1,1,0,160719.65,0
1131,755,France,Male,38,10,0.0,1,1,0,192257.96,0
1132,830,France,Male,50,1,192096.62,2,1,0,168060.04,1
1133,595,France,Male,33,6,94436.08,2,0,0,189635.44,0
1134,652,Germany,Male,33,10,10834.99,1,1,0,140738.97,1
1135,743,Spain,Female,20,2,0.0,2,0,0,147826.37,0
1136,669,Spain,Female,26,7,0.0,2,1,0,64291.44,0
1137,579,France,Female,22,5,101825.23,3,1,0,142299.13,0
1138,727,Spain,Male,23,3,0.0,2,0,1,90000.52,0
1139,799,France,Male,23,9,0.0,1,1,1,10521.6,0
1140,557,Germany,Female,41,0,23715.64,1,0,1,107476.86,0
1141,561,France,Male,18,0,104146.31,2,1,1,127689.37,0
1142,792,Spain,Male,29,4,0.0,1,1,0,109543.16,0
1143,717,France,Female,51,7,71382.18,1,1,1,187009.39,0
1144,822,Germany,Female,33,10,184782.44,1,0,0,11854.11,1
1145,590,Germany,Female,32,3,0.0,2,1,0,77619.72,0
1146,710,France,Male,57,3,169115.72,1,1,1,160897.56,0
1147,723,France,Male,46,4,227213.43,2,0,1,96208.4,0
1148,555,Germany,Female,32,2,133145.65,2,1,0,100257.14,0
1149,668,France,Female,57,9,0.0,1,0,1,40484.78,0
1150,688,Spain,Female,44,3,154676.62,1,0,0,71809.12,0
1151,650,Spain,Female,34,10,55299.01,2,0,1,164761.05,1
1152,616,France,Female,33,1,0.0,2,1,0,168684.02,0
1153,614,France,Male,34,3,52486.29,1,1,1,184829.47,1
1154,639,France,Male,43,10,101379.78,2,0,0,9882.09,0
1155,630,France,Female,25,0,10730.84,1,0,0,135479.84,1
1156,739,Germany,Female,28,4,63061.75,1,1,1,198568.01,0
1157,693,France,Male,34,7,66141.84,1,0,1,22888.85,0
1158,806,France,Female,34,1,0.0,2,1,0,4777.31,0
1159,537,Germany,Male,23,9,51247.77,1,1,1,175904.87,0
1160,568,Germany,Female,31,7,97791.07,1,1,1,79588.62,0
1161,665,France,Female,19,7,0.0,2,1,0,57245.48,0
1162,681,France,Male,45,7,158010.35,2,1,0,197618.46,0
1163,544,France,Female,27,2,38157.46,2,1,1,100719.64,0
1164,592,France,Female,25,9,204489.19,2,1,1,77652.41,0
1165,660,France,Male,33,3,94363.3,2,1,1,95285.02,0
1166,493,France,Male,27,0,0.0,1,0,1,185636.3,0
1167,655,Germany,Male,18,5,0.0,1,1,1,57803.92,0
1168,657,Spain,Female,42,2,0.0,2,1,1,49768.5,0
1169,702,France,Female,48,5,0.0,1,1,1,79036.71,0
1170,644,Germany,Female,68,10,125901.09,1,1,1,178484.77,0
1171,772,France,Female,38,9,12415.58,1,1,1,141210.2,0
1172,573,Spain,Male,63,9,79577.65,1,1,1,181905.98,0
1173,544,France,Male,18,3,119314.28,1,0,0,81170.89,0
1174,564,Germany,Female,50,7,35360.3,1,0,0,130236.99,0
1175,784,France,Female,46,9,0.0,2,0,0,171338.38,0
1176,682,Germany,Female,43,4,86387.13,1,0,1,171361.62,0
1177,681,France,Female,59,0,110549.36,2,0,1,136650.47,0
1178,595,France,Male,40,10,0.0,2,0,0,191765.18,0
1179,662,France,Male,34,5,114729.04,2,1,1,157403.17,0
1180,609,France,Male,18,10,194374.34,2,1,1,171348.55,0
1181,622,Spain,Male,33,6,180119.4,2,1,1,129459.49,0
1182,743,Spain,Female,31,10,0.0,1,0,0,186125.01,1
1183,608,France,Male,29,5,78602.79,2,0,0,165875.72,0
1184,537,France,Male,34,3,0.0,1,1,1,48110.44,0
1185,431,France,Female,63,2,0.0,2,1,0,160345.06,1
1186,798,Germany,Female,49,6,74778.68,2,1,1,9725.24,0
1187,501,Spain,Female,44,7,0.0,2,1,1,121265.14,0
1188,554,France,Female,43,2,72438.49,1,1,0,190060.55,0
1189,590,France,Male,25,9,0.0,2,0,0,170918.41,0
1190,564,Germany,Male,18,6,98645.21,2,0,1,89329.83,0
1191,748,France,Male,60,0,138775.62,1,1,0,5324.91,0
1192,591,France,Male,33,3,0.0,1,1,0,167679.4,0
1193,702,France,Male,46,8,189265.84,1,1,1,142934.4,0
1194,579,France,Female,32,6,181324.38,1,0,0,49977.49,1
1195,679,Spain,Female,56,7,57618.18,2,0,0,11010.99,0
1196,711,Germany,Male,39,1,162936.52,1,1,1,11524.06,0
1197,619,Spain,Male,36,7,0.0,2,1,0,161285.48,0
1198,571,France,Male,46,0,118199.63,2,1,0,110184.13,0
1199,502,Germany,Female,70,3,68046.73,2,0,1,138980.45,0
1200,674,France,Male,58,6,94830.88,1,0,0,13814.66,0
1201,552,France,Female,65,5,172111.24,2,1,0,35082.27,0
1202,627,France,Male,23,7,0.0,1,1,1,1210.91,0
1203,839,Spain,Male,23,4,185993.11,1,1,0,22565.1,0
1204,646,France,Female,31,7,58943.21,1,1,0,71747.68,0
1205,609,Germany,Female,39,8,0.0,2,0,1,7600.25,0
1206,627,Germany,Male,46,8,113235.99,2,1,0,161473.64,0
1207,605,Germany,Male,64,3,107746.02,1,1,1,156345.07,1
1208,632,Spain,Male,29,9,0.0,2,1,0,17864.67,0
1209,625,France,Female,27,8,74367.56,1,0,0,51275.11,0
1210,595,Spain,Male,57,2,0.0,1,1,0,127688.68,0
1211,688,Germany,Male,29,6,114831.71,1,0,0,2553.49,0
1212,752,France,Male,41,6,0.0,2,1,0,156838.27,0
1213,758,Spain,Female,41,10,91539.45,1,1,0,162685.39,0
1214,652,Spain,Female,28,7,0.0,2,1,1,190435.08,1
1215,464,Germany,Male,36,0,53995.57,1,0,1,107193.5,0
1216,518,France,Male,34,5,115609.83,1,1,0,125543.78,0
1217,692,Spain,Female,39,4,139509.74,2,1,1,954.32,0
1218,739,Germany,Male,18,3,0.0,2,1,0,198639.3,0
1219,660,France,Female,58,8,0.0,1,0,0,44572.64,0
1220,516,Germany,Male,62,7,100049.73,2,0,1,159589.16,0
1221,740,Germany,Male,30,3,194365.77,1,1,1,109544.07,1
1222,597,Spain,Male,53,5,53741.94,1,0,1,103902.11,0
1223,769,Germany,Male,39,3,139730.25,2,0,1,14661.41,0
1224,569,Spain,Female,30,8,0.0,2,0,0,195790.21,0
1225,666,Spain,Male,24,3,0.0,2,1,0,156678.69,0
1226,659,Spain,Female,33,5,113315.53,1,0,1,14754.74,0
1227,481,Spain,Male,35,6,113505.22,2,0,1,80450.13,0
1228,515,France,Female,50,6,10049.72,2,1,1,96139.55,0
1229,541,France,Male,34,2,116055.11,2,1,1,20783.67,0
1230,634,Spain,Male,32,5,172605.97,3,1,0,116519.2,0
1231,556,Germany,Male,38,4,0.0,1,0,0,88760.94,0
1232,642,Spain,Male,35,0,48957.02,2,1,1,23056.28,0
1233,671,Germany,Female,23,7,0.0,2,1,1,196293.04,0
1234,683,Germany,Female,33,6,0.0,1,1,1,168257.62,1
1235,654,France,Male,35,10,0.0,2,0,1,8337.21,1
1236,607,Germany,Male,25,8,0.0,1,1,1,178605.87,0
1237,482,Germany,Male,27,4,79619.02,2,1,0,94204.02,0
1238,719,Spain,Female,18,2,96873.56,1,0,1,9974.69,0
1239,579,France,Male,21,7,0.0,2,1,0,161410.28,0
1240,699,France,Male,35,4,158029.15,1,1,0,50131.34,0
1241,780,Spain,Female,35,8,163728.18,2,1,0,28509.95,0
1242,476,Germany,Female,59,4,88724.38,1,1,0,41409.79,1
1243,556,France,Male,21,7,0.0,2,1,1,107360.35,0
1244,662,Spain,Female,51,4,0.0,1,1,1,106667.87,0
1245,686,Germany,Male,44,7,0.0,2,1,0,55489.09,0
1246,597,France,Female,18,7,6207.06,1,0,1,62085.65,0
1247,778,France,Female,28,1,0.0,2,1,1,92571.41,0
1248,626,France,Female,36,3,0.0,1,1,1,130696.96,0
1249,799,Germany,Male,18,7,212356.71,4,1,0,157116.43,0
1250,772,France,Male,34,0,47521.79,2,0,0,112886.94,0
1251,633,Germany,Male,49,0,0.0,2,1,1,11650.41,0
1252,756,Spain,Male,37,1,95742.68,2,0,0,165407.51,0
1253,641,France,Male,18,1,105788.14,1,0,1,82942.29,0
1254,724,France,Male,41,9,0.0,2,1,0,2944.55,0
1255,787,France,Female,22,8,0.0,1,0,0,138521.46,0
1256,703,Germany,Female,62,6,204559.41,1,1,1,114524.24,0
1257,423,France,Female,35,8,0.0,1,0,0,108566.4,0
1258,579,France,Male,18,3,154292.48,1,1,0,37948.85,0
1259,712,France,Male,49,3,121037.07,1,1,1,176006.69,0
1260,783,France,Female,29,10,107459.8,2,1,0,172845.52,0
1261,607,France,Female,32,4,2277.88,1,0,1,25532.77,0
1262,650,France,Male,34,2,76517.69,1,1,0,38661.53,0
1263,721,France,Female,48,2,95055.31,1,1,0,167518.32,0
1264,638,France,Female,36,6,70247.27,1,1,0,168270.92,0
1265,609,Spain,Male,44,8,0.0,1,1,0,165245.09,0
1266,590,Germany,Female,30,7,116692.93,1,1,1,171369.87,0
1267,656,Germany,Female,20,10,112882.86,2,0,1,107955.2,0
1268,712,France,Male,42,1,45188.83,2,1,0,77097.24,0
1269,484,France,Female,53,5,0.0,3,1,0,21356.11,1
1270,829,France,Male,35,0,2106.11,1,1,0,129436.76,0
1271,600,Spain,Male,35,0,197453.35,1,1,1,153985.12,0
1272,747,France,Male,52,6,73004.66,1,0,1,123665.13,0
1273,630,France,Male,39,2,66523.38,2,0,1,149665.24,0
1274,539,Germany,Male,29,0,0.0,1,1,0,95009.46,0
1275,721,Spain,Female,40,0,0.0,2,1,0,77533.98,0
1276,726,Spain,Male,28,6,148205.93,2,1,1,68254.2,0
1277,676,Spain,Male,37,2,115064.82,1,1,0,53096.92,0
1278,722,France,Male,50,7,208942.88,2,1,1,30157.25,0
1279,681,Germany,Male,41,1,104101.45,1,0,0,48710.91,0
1280,672,Germany,Female,45,4,190685.36,2,1,1,89883.4,0
1281,559,France,Male,19,3,24741.8,1,1,1,4890.39,0
1282,721,France,Female,24,2,127275.81,2,1,1,91508.35,0
1283,588,Germany,Female,33,6,0.0,2,1,1,198115.04,0
1284,626,Spain,Female,23,1,143242.08,2,0,0,6840.33,0
1285,556,France,Female,38,1,0.0,2,0,0,26925.04,0
1286,628,France,Male,41,0,92170.45,2,1,0,172886.7,0
1287,674,Spain,Female,31,1,175899.49,2,0,0,66939.95,0
1288,661,France,Female,29,2,0.0,2,0,1,63951.81,0
1289,733,France,Male,63,7,47327.07,1,0,0,165093.55,0
1290,684,France,Female,50,10,0.0,1,0,0,107686.53,0
1291,697,Spain,Female,18,4,0.0,1,1,1,60691.88,0
1292,595,France,Male,27,9,2664.07,2,0,0,128411.52,0
1293,457,Germany,Male,56,9,0.0,2,1,1,168637.11,0
1294,552,Spain,Male,30,5,105873.34,4,1,0,57777.07,0
1295,654,France,Female,43,9,121369.56,2,0,1,112338.1,0
1296,716,Spain,Female,33,10,188963.79,2,1,0,187884.89,0
1297,581,Germany,Female,43,3,0.0,1,0,1,11375.49,0
1298,635,France,Male,51,5,102702.9,1,0,1,38219.59,0
1299,689,France,Male,29,7,0.0,2,1,0,28238.71,0
1300,563,France,Female,29,4,90132.82,1,1,1,111939.85,0
1301,787,France,Male,39,1,120219.04,2,1,1,160221.59,0
1302,669,France,Female,24,2,115115.73,3,1,0,65221.88,1
1303,727,France,Female,29,0,0.0,1,1,1,156175.0,0
1304,613,Germany,Female,40,7,172663.62,3,1,0,27125.08,0
1305,735,France,Female,41,4,135890.2,1,1,1,28405.44,0
1306,731,Spain,Female,62,2,1741.18,2,0,1,165790.36,0
1307,529,France,Male,47,1,120785.91,2,0,1,40955.89,0
1308,639,Germany,Male,37,4,0.0,1,0,1,33259.32,1
1309,804,Spain,Male,36,6,0.0,1,1,1,168421.24,0
1310,677,France,Female,49,6,109359.56,1,1,1,116582.28,0
1311,587,France,Female,33,5,0.0,2,1,1,41594.03,0
1312,527,Germany,Male,39,0,92224.71,1,0,1,33390.96,0
1313,661,Germany,Male,62,10,60158.06,2,0,1,117833.64,1
1314,675,Germany,Male,61,0,55616.28,1,1,0,56832.83,0
1315,552,France,Female,21,0,22573.52,2,1,0,151115.14,0
1316,689,Germany,Female,27,0,23597.58,1,1,1,148528.64,1
1317,629,France,Female,32,0,87209.31,3,1,0,156591.49,1
1318,757,France,Male,28,5,28737.73,1,1,1,142272.73,0
1319,615,France,Female,24,9,0.0,1,1,1,6445.17,0
1320,662,Germany,Male,25,7,27863.94,2,1,1,60781.2,0
1321,612,Germany,Female,18,10,0.0,2,1,1,196.98,0
1322,850,Germany,Male,49,9,250000.0,2,0,1,98236.55,0
1323,514,Germany,Male,22,4,87312.89,2,1,1,139296.61,0
1324,503,France,Female,37,9,167312.0,2,1,0,176597.18,0
1325,461,Germany,Female,37,3,123546.87,2,1,1,116354.12,1
1326,532,France,Male,36,3,128704.42,2,1,1,8529.55,0
1327,725,France,Male,68,2,175789.29,1,1,0,124121.46,0
1328,507,Spain,Male,42,0,141936.52,1,1,1,96584.02,0
1329,652,Spain,Female,36,4,0.0,1,0,0,166950.87,0
1330,561,France,Female,29,8,83936.28,1,1,1,24190.54,0
1331,643,Spain,Male,33,1,0.0,1,0,0,95208.39,1
1332,722,Spain,Male,64,9,0.0,1,1,0,140074.91,1
1333,834,Germany,Male,25,0,67371.33,3,1,1,162804.28,0
1334,658,France,Male,35,5,138884.9,2,1,1,143145.62,0
1335,485,Spain,Male,18,3,0.0,1,0,0,153278.89,0
1336,824,France,Female,18,4,107935.56,2,0,0,74960.36,0
1337,764,Spain,Female,42,8,117923.59,2,1,0,196626.15,0
1338,601,Spain,Male,25,8,110981.43,1,1,1,35988.65,0
1339,677,Spain,Male,43,8,131614.16,1,1,1,152606.59,0
1340,850,France,Female,56,6,0.0,2,1,0,15415.95,0
1341,722,Spain,Male,30,9,0.0,2,1,0,123257.35,0
1342,713,Spain,Female,47,1,0.0,1,0,0,18238.65,0
1343,555,France,Female,39,0,0.0,2,1,0,83738.5,0
1344,777,Spain,Male,38,2,101941.46,1,0,1,54454.24,0
1345,585,France,Female,26,0,86159.38,1,0,1,154087.61,0
1346,581,Germany,Male,29,7,198906.27,1,0,0,135258.97,1
1347,595,Germany,Female,44,2,121022.93,2,0,1,124476.28,1
1348,673,Germany,Female,45,10,168063.5,1,1,1,31024.18,1
1349,535,Germany,Female,37,2,0.0,1,1,1,161746.59,0
1350,688,France,Male,28,3,243864.53,1,1,1,76223.64,0
1351,525,Spain,Female,19,0,0.0,2,1,0,24031.85,1
1352,619,Germany,Female,34,7,89375.04,1,1,0,77405.44,1
1353,550,France,Male,35,0,106677.06,2,0,0,22181.33,0
1354,850,France,Female,43,7,0.0,1,0,0,46554.84,0
1355,850,France,Female,32,3,0.0,1,1,0,137604.76,1
1356,667,France,Female,43,9,250000.0,2,1,0,159033.9,0
1357,783,Germany,Female,42,4,0.0,2,1,1,97797.83,0
1358,717,France,Female,35,0,35953.03,2,1,1,175855.68,0
1359,693,France,Female,33,6,0.0,2,1,1,71585.99,0
1360,595,France,Female,28,5,0.0,2,1,1,22837.23,0
1361,615,France,Male,26,2,106794.25,2,1,0,176828.85,0
1362,643,Germany,Female,27,4,0.0,2,1,1,12388.91,0
1363,683,France,Male,45,8,0.0,1,0,1,36737.94,0
1364,634,France,Male,49,0,198769.03,1,1,1,49258.84,0
1365,762,Spain,Female,24,7,43684.61,3,1,0,7375.62,0
1366,545,Spain,Female,41,4,94997.24,2,0,0,16195.31,0
1367,843,Germany,Male,49,5,110639.65,1,0,1,25515.77,0
1368,601,Germany,Male,36,8,140046.46,2,1,1,9921.17,0
1369,530,France,Male,43,8,0.0,2,1,0,147142.47,0
1370,672,France,Female,37,2,105416.78,2,1,1,154009.55,0
1371,683,Spain,Female,26,9,59112.58,1,1,1,61699.82,0
1372,442,Spain,Male,58,8,154363.99,1,0,0,138402.39,1
1373,826,France,Male,29,10,0.0,1,1,0,133753.39,0
1374,798,Germany,Male,43,4,182504.54,2,1,1,63162.29,0
1375,734,Spain,Female,18,4,250000.0,2,0,1,194409.74,0
1376,644,France,Male,28,0,0.0,2,1,0,66563.3,0
1377,653,France,Male,49,10,0.0,2,1,0,180257.56,0
1378,627,Germany,Male,46,10,0.0,1,1,0,98371.23,1
1379,749,France,Female,43,2,0.0,1,1,0,105203.98,1
1380,708,France,Female,44,4,0.0,1,1,0,43567.83,1
1381,700,France,Female,45,2,70457.81,1,0,1,46657.63,0
1382,616,Germany,Female,36,2,97101.61,2,0,0,66230.23,0
1383,719,Spain,Female,55,3,163124.49,3,1,1,17823.68,0
1384,715,France,Male,28,3,65896.84,2,1,0,175412.45,0
1385,685,France,Female,26,9,0.0,1,1,1,140703.31,0
1386,514,Germany,Male,53,5,0.0,1,0,1,89160.44,0
1387,728,Germany,Female,22,4,102376.15,2,1,0,16547.33,1
1388,647,France,Male,50,3,51766.89,1,0,0,35498.12,0
1389,548,Spain,Male,44,9,0.0,1,0,0,148067.67,1
1390,850,France,Female,62,3,86756.22,1,1,0,120693.89,0
1391,694,France,Male,28,9,2143.12,4,1,0,24729.0,0
1392,600,Spain,Male,18,10,17669.14,2,1,0,142372.06,0
1393,716,France,Male,33,7,145013.88,1,1,1,19353.71,0
1394,582,Spain,Male,30,9,0.0,2,1,1,82230.34,0
1395,493,Germany,Male,28,6,0.0,2,0,1,78783.72,0
1396,711,Spain,Male,45,3,0.0,1,1,0,39827.09,0
1397,532,Spain,Female,49,2,0.0,1,1,1,151765.83,0
1398,479,France,Male,54,0,159724.56,1,1,1,138425.37,1
1399,681,France,Female,48,3,105726.67,1,0,1,52823.72,0
1400,709,Germany,Female,49,2,49965.22,2,1,1,169248.17,0
1401,726,Spain,Female,27,4,0.0,3,1,1,142515.71,1
1402,640,France,Female,28,10,168135.39,2,0,1,79496.47,0
1403,624,France,Female,18,2,0.0,1,0,0,99300.47,0
1404,763,Spain,Male,45,1,0.0,1,1,1,45376.61,0
1405,390,Germany,Male,44,8,64523.8,1,1,0,110225.34,0
1406,546,France,Male,30,5,78052.08,1,1,1,77150.29,0
1407,633,France,Female,31,2,250000.0,2,1,1,142188.48,0
1408,774,Germany,Male,34,6,0.0,1,0,0,175764.42,1
1409,481,France,Male,27,6,109203.01,2,1,0,97584.59,0
1410,606,Germany,Male,27,10,85508.21,2,1,0,122731.68,0
1411,780,France,Female,27,5,80567.94,2,1,1,78559.49,0
1412,698,France,Female,28,10,72865.15,2,1,1,199579.8,0
1413,670,France,Female,24,4,159460.8,1,1,0,27073.17,0
1414,517,France,Female,18,5,77907.23,1,1,1,119044.57,0
1415,719,Spain,Female,40,8,109365.18,2,1,1,94141.5,0
1416,499,France,Male,50,10,186185.78,2,1,1,40745.83,0
1417,571,Germany,Male,27,8,0.0,2,0,0,191145.84,0
1418,706,Germany,Male,35,9,99506.98,1,0,0,41748.61,1
1419,574,France,Male,32,0,46861.33,1,1,1,151448.72,0
1420,710,France,Female,38,4,0.0,2,1,0,30659.83,0
1421,626,Germany,Female,28,4,42816.88,2,0,1,67933.3,0
1422,759,France,Female,18,6,0.0,1,1,1,92120.68,0
1423,627,France,Female,31,9,0.0,2,0,1,5126.93,0
1424,602,Germany,Male,65,3,0.0,2,1,1,153223.64,0
1425,494,Germany,Male,36,1,0.0,2,0,0,134309.6,0
1426,653,Spain,Female,21,3,0.0,1,0,1,172401.35,0
1427,602,France,Male,29,7,76003.12,1,1,0,171316.59,0
1428,642,Germany,Male,18,5,108008.39,2,1,0,36828.67,1
1429,723,France,Female,42,9,0.0,2,1,1,146040.61,0
1430,678,Germany,Male,32,3,93152.97,1,1,0,101642.25,0
1431,688,Germany,Male,54,2,137518.53,1,1,0,100563.43,0
1432,720,France,Female,54,9,86927.15,1,0,0,103916.03,0
1433,678,France,Female,41,3,178647.0,1,1,0,132861.51,0
1434,673,Spain,Female,23,9,74108.63,2,1,0,45261.27,0
1435,739,France,Female,30,1,106259.57,1,1,0,35593.58,0
1436,733,Spain,Male,38,5,163884.73,1,0,1,107441.21,0
1437,580,Germany,Female,44,5,0.0,2,1,0,113089.03,0
1438,605,France,Female,34,5,116622.97,1,0,1,169454.73,0
1439,615,Spain,Male,20,1,0.0,2,1,1,68191.52,0
1440,704,France,Male,32,0,109079.77,1,0,1,176684.19,0
1441,633,Germany,Female,34,5,66858.39,1,1,0,59643.94,0
1442,528,France,Male,54,5,80647.81,1,1,1,94208.42,0
1443,670,Spain,Male,27,9,81771.58,1,1,0,9402.76,0
1444,690,Spain,Male,25,1,73384.82,1,1,1,169038.89,0
1445,532,Spain,Male,20,9,0.0,1,1,1,150839.09,0
1446,540,Spain,Male,28,7,0.0,2,0,1,122537.39,0
1447,665,Spain,Female,22,2,0.0,2,1,1,149161.88,0
1448,554,Germany,Male,38,4,103829.53,1,1,0,1868.54,0
1449,691,Spain,Male,23,8,250000.0,1,1,1,113494.18,0
1450,707,Spain,Female,56,5,64966.79,2,1,1,92146.44,0
1451,476,Spain,Male,30,7,0.0,1,1,1,191835.45,0
1452,629,Germany,Male,42,10,0.0,1,0,0,71475.82,1
1453,690,Germany,Female,40,5,85763.43,1,1,1,106445.34,0
1454,841,France,Male,30,1,20103.58,1,0,0,135321.84,0
1455,565,France,Female,31,5,0.0,1,1,0,22075.98,0
1456,717,Germany,Female,57,10,84325.0,2,1,0,177265.06,0
1457,644,Spain,Female,25,0,0.0,1,1,1,38787.49,0
1458,600,France,Female,30,8,201096.84,1,0,1,105795.7,0
1459,583,France,Female,28,9,0.0,2,1,1,195407.36,0
1460,642,Spain,Male,42,4,0.0,2,1,1,177649.94,0
1461,718,France,Female,28,1,125847.94,1,0,0,29321.8,0
1462,663,Spain,Female,21,9,38188.03,1,1,1,113992.45,0
1463,595,France,Female,20,0,83607.53,2,1,1,179679.98,0
1464,596,France,Male,45,2,0.0,2,0,0,3273.87,0
1465,719,Germany,Female,25,4,117471.04,2,1,1,132448.71,0
1466,640,Spain,Male,28,2,0.0,1,0,0,84356.43,1
1467,621,France,Female,22,5,90187.94,2,1,0,106661.07,0
1468,850,Spain,Female,59,5,50558.05,1,1,1,77465.2,0
1469,697,Germany,Male,35,10,0.0,1,1,1,162881.49,0
1470,657,France,Male,36,5,0.0,1,0,1,27445.89,0
1471,686,France,Female,36,7,0.0,1,1,0,120016.66,0
1472,790,France,Female,46,1,0.0,2,1,0,122632.35,0
1473,647,Spain,Female,28,4,0.0,1,0,1,58914.06,0
1474,765,France,Male,40,3,121779.74,2,1,0,919.96,0
1475,755,France,Female,30,5,0.0,1,1,0,49702.6,0
1476,607,France,Female,45,5,0.0,1,1,1,153073.2,0
1477,575,Germany,Male,36,2,0.0,2,0,0,149577.08,0
1478,580,Germany,Female,32,9,125032.02,3,1,1,42228.02,1
1479,627,France,Female,18,7,96738.06,1,1,1,97597.88,0
1480,651,France,Male,46,1,0.0,1,0,1,196790.28,0
1481,710,France,Female,19,2,55738.83,1,0,1,6852.2,0
1482,781,Germany,Male,21,10,0.0,2,1,1,86313.29,0
1483,725,Germany,Female,50,1,0.0,2,0,0,120734.85,0
1484,729,France,Female,41,3,132251.54,1,0,1,10333.42,0
1485,491,Spain,Female,29,7,0.0,1,1,0,192450.22,1
1486,583,France,Female,35,3,36845.38,2,1,1,134147.5,0
1487,659,Spain,Male,46,4,46393.59,2,0,0,76095.18,0
1488,469,Spain,Female,53,6,118125.49,3,1,1,196532.16,0
1489,566,Spain,Female,49,0,128440.28,1,1,1,74860.44,0
1490,739,Germany,Male,39,2,125437.93,2,1,1,143381.88,0
1491,637,France,Male,29,1,100204.0,2,1,0,197063.6,0
1492,570,France,Male,41,3,128567.93,2,0,1,100836.55,0
1493,648,Spain,Male,44,5,88430.06,2,0,0,123741.28,0
1494,576,France,Male,24,6,167548.3,2,1,1,131783.53,0
1495,788,Spain,Female,40,8,0.0,1,1,0,73566.91,1
1496,571,Germany,Female,24,3,108005.28,2,1,0,74981.76,0
1497,551,France,Female,41,3,57759.82,1,1,1,90529.71,0
1498,515,Germany,Female,26,6,0.0,3,1,0,92472.1,0
1499,844,Germany,Male,38,9,78963.39,1,0,0,124272.1,1
1500,646,France,Female,32,7,0.0,2,0,0,67419.15,1
1501,698,France,Male,40,4,105108.93,1,1,1,37411.22,0
1502,713,Spain,Male,43,4,16770.48,2,1,1,183328.02,0
1503,482,France,Female,18,4,10345.45,1,1,0,178046.57,0
1504,598,France,Male,31,8,115974.89,1,1,1,127148.14,0
1505,671,Spain,Male,62,6,112669.43,2,1,1,191709.84,0
1506,612,France,Female,34,7,0.0,1,0,0,45031.76,0
1507,629,Spain,Female,18,7,0.0,1,1,1,30919.59,0
1508,742,France,Female,37,7,79670.29,2,1,1,188497.55,0
1509,771,Germany,Female,51,0,105016.7,1,1,0,150517.78,1
1510,406,Germany,Male,40,3,0.0,2,1,1,196499.64,0
1511,765,Germany,Male,50,9,0.0,2,1,0,29447.76,0
1512,732,France,Male,59,4,191548.86,1,1,0,90311.29,0
1513,744,Germany,Female,59,9,0.0,2,1,0,68128.89,0
1514,611,France,Female,55,2,145175.56,2,0,0,73332.62,1
1515,729,France,Female,30,0,0.0,1,1,1,158809.3,0
1516,559,France,Male,30,0,0.0,2,0,0,102697.43,0
1517,568,Spain,Male,39,4,116371.35,1,0,0,133300.29,0
1518,693,Spain,Female,36,5,0.0,2,0,1,197706.46,0
1519,514,Spain,Female,31,0,35064.31,1,1,0,96255.37,0
1520,556,France,Female,23,4,128216.68,1,1,1,136896.72,0
1521,838,Spain,Male,27,6,157326.96,1,1,0,97397.45,0
1522,786,Spain,Male,35,3,112009.17,2,1,0,108304.95,0
1523,788,France,Female,20,10,41806.0,2,1,1,6744.62,0
1524,675,France,Male,37,6,0.0,1,1,1,130792.52,0
1525,499,Spain,Male,43,4,0.0,1,1,0,155309.44,0
1526,647,France,Female,51,1,0.0,1,1,1,84340.01,0
1527,477,France,Female,43,0,0.0,1,1,1,40037.11,0
1528,753,Spain,Female,40,10,0.0,2,0,0,14.9,0
1529,591,France,Male,35,9,63491.14,1,1,0,120181.82,0
1530,821,France,Male,31,2,0.0,1,1,0,127065.27,0
1531,611,France,Female,36,3,0.0,2,1,1,58861.12,0
1532,737,Germany,Male,34,0,0.0,1,1,1,44773.59,0
1533,470,France,Male,26,1,0.0,2,1,0,162734.68,0
1534,509,France,Male,31,2,0.0,1,1,0,108372.09,0
1535,654,Spain,Male,60,1,62084.33,2,0,0,64693.4,0
1536,427,Germany,Male,28,2,28722.24,1,1,1,154663.48,0
1537,556,Germany,Male,58,9,57689.55,2,1,0,68646.0,1
1538,709,France,Male,27,4,0.0,1,1,1,171342.34,0
1539,646,Spain,Male,19,3,131978.1,2,1,0,114646.42,1
1540,645,France,Female,18,5,142924.29,2,1,1,189625.62,0
1541,501,France,Female,37,10,118852.17,1,1,0,104654.52,0
1542,685,France,Female,37,2,0.0,1,0,0,167320.16,1
1543,606,France,Male,25,8,105739.34,1,1,0,133017.92,0
1544,667,France,Male,29,2,492.61,2,1,0,173306.01,0
1545,714,Germany,Female,46,10,49341.67,1,0,1,192892.1,0
1546,693,France,Female,54,7,174086.86,2,1,1,109733.5,0
1547,681,France,Female,18,7,0.0,1,1,1,28701.5,0
1548,570,France,Female,20,10,47834.77,2,0,1,113901.78,0
1549,774,France,Female,29,8,0.0,1,1,0,166053.64,0
1550,641,France,Female,43,7,0.0,1,1,0,114653.1,0
1551,659,Germany,Male,37,10,0.0,1,1,0,93527.31,0
1552,596,France,Female,31,2,36869.77,1,0,1,169429.37,0
1553,653,Spain,Male,31,8,103657.24,1,1,1,65674.53,0
1554,543,Germany,Male,37,8,0.0,2,1,0,8471.06,1
1555,724,France,Male,31,10,0.0,1,0,0,42991.27,0
1556,663,France,Male,38,10,56916.46,1,0,1,188546.97,0
1557,780,Germany,Female,30,2,108653.45,2,1,0,125460.07,0
1558,558,France,Male,44,0,99773.21,2,1,1,46319.44,0
1559,519,Spain,Male,38,0,73530.17,1,1,1,65192.48,1
1560,703,France,Female,28,7,0.0,1,1,1,48790.86,0
1561,750,Germany,Male,18,6,0.0,2,1,0,127919.71,0
1562,796,Spain,Female,31,10,0.0,3,1,1,184920.22,0
1563,600,France,Male,40,0,0.0,1,1,1,33870.2,0
1564,671,France,Male,50,0,112418.1,1,1,1,108930.63,0
1565,623,Germany,Female,36,6,91829.01,2,1,1,199363.96,0
1566,657,France,Female,41,6,0.0,2,0,1,82697.28,0
1567,701,France,Female,22,4,112173.94,2,0,0,137882.45,1
1568,650,Spain,Female,41,6,0.0,1,1,0,74609.43,0
1569,497,France,Male,38,5,133666.91,1,1,1,85276.11,0
1570,605,Spain,Female,41,5,0.0,2,1,1,104153.18,0
1571,731,France,Male,42,4,144718.32,1,1,0,7296.31,0
1572,679,France,Female,45,4,109377.04,2,1,0,47484.11,0
1573,706,France,Female,49,6,0.0,2,0,0,99060.54,0
1574,588,France,Female,30,1,22516.36,1,1,0,80299.44,0
1575,468,Spain,Male,37,7,191120.53,2,0,1,10979.68,0
1576,826,Spain,Male,49,1,154920.22,2,0,0,88893.85,1
1577,765,France,Female,34,8,100948.47,1,1,0,147684.08,0
1578,495,Germany,Female,28,5,130610.49,2,0,1,157915.41,0
1579,713,Germany,Female,32,5,0.0,2,1,0,172671.65,0
1580,593,Germany,Female,26,5,54708.98,2,1,0,97875.13,1
1581,628,France,Male,33,4,0.0,1,1,1,97657.26,0
1582,517,France,Female,43,1,121173.74,1,1,1,1899.44,0
1583,539,Spain,Male,20,4,0.0,2,0,1,169353.05,0
1584,677,France,Male,23,4,132883.86,2,1,0,135162.66,1
1585,701,Spain,Female,35,2,0.0,1,1,1,148942.49,0
1586,689,France,Female,34,6,116339.97,2,1,1,91083.29,0
1587,683,France,Female,39,6,150416.74,1,1,0,159138.5,0
1588,700,France,Male,45,6,138882.24,2,1,1,184196.49,0
1589,761,France,Female,44,2,0.0,1,1,1,64726.82,0
1590,734,Spain,Female,38,5,0.0,1,1,0,53149.28,0
1591,634,France,Male,46,7,147146.38,1,1,1,102921.33,0
1592,677,Germany,Male,44,1,33332.34,2,1,1,36489.81,0
1593,721,Spain,Female,37,8,105313.32,1,1,0,192823.82,0
1594,477,Germany,Female,34,6,213582.65,2,1,1,109874.59,1
1595,624,Spain,Male,32,9,52230.37,2,0,1,17240.64,0
1596,580,France,Female,23,10,0.0,2,0,0,80304.76,0
1597,726,Germany,Female,37,3,208327.95,1,1,1,87683.34,0
1598,729,France,Male,35,8,0.0,1,0,0,115145.77,0
1599,616,France,Female,29,0,132164.48,2,1,1,192295.45,0
1600,552,France,Male,35,1,165024.3,2,1,1,31615.74,0
1601,850,Germany,Female,55,4,0.0,1,1,0,15503.32,1
1602,727,France,Male,30,5,0.0,1,1,0,17452.19,0
1603,568,Germany,Female,47,8,116263.15,2,1,0,182011.46,1
1604,689,France,Female,28,6,148611.02,2,0,1,59292.48,0
1605,444,France,Female,45,2,0.0,1,1,0,86110.86,0
1606,673,Spain,Female,38,8,0.0,1,1,0,191542.1,1
1607,654,Germany,Male,56,8,136160.37,1,1,1,32902.76,0
1608,653,France,Female,18,0,0.0,2,1,1,172795.53,0
1609,692,France,Female,43,7,111061.22,1,1,1,150251.25,0
1610,531,Spain,Male,23,2,64937.08,1,1,1,45305.9,0
1611,676,France,Male,51,8,110991.25,1,1,0,71071.12,0
1612,640,France,Female,47,3,0.0,2,1,1,134875.06,0
1613,516,Spain,Female,33,6,40264.09,1,1,1,183148.14,0
1614,687,Spain,Female,48,5,37824.4,2,1,1,124009.1,0
1615,743,France,Male,20,6,0.0,2,0,1,78546.75,0
1616,546,Spain,Female,60,1,0.0,1,0,1,45333.96,0
1617,583,Spain,Female,24,5,0.0,2,0,0,117980.14,0
1618,601,Germany,Female,33,3,73629.06,1,1,0,104036.02,1
1619,659,France,Male,31,10,119822.74,2,1,1,175390.38,0
1620,585,France,Female,40,8,84238.51,2,1,1,143314.45,0
1621,745,Spain,Female,28,9,86850.23,2,0,0,73103.77,0
1622,700,Spain,Male,38,5,29768.52,2,0,1,123875.63,0
1623,726,France,Male,36,6,53712.63,3,1,0,147805.52,1
1624,792,Spain,Male,34,10,0.0,2,1,1,119322.13,0
1625,653,France,Male,53,3,145840.11,1,1,0,47137.41,0
1626,767,Germany,Female,40,6,133680.98,2,0,0,48582.24,0
1627,593,Germany,Female,25,10,126592.68,1,1,1,11860.69,0
1628,663,Spain,Male,33,4,0.0,1,0,1,56457.66,0
1629,647,Spain,Male,37,7,14494.86,2,1,0,50972.53,0
1630,668,Germany,Male,18,9,199566.91,2,1,1,96374.45,0
1631,479,Germany,Male,41,3,174663.05,2,1,1,17594.52,0
1632,748,France,Female,41,4,55083.56,1,1,1,124040.51,0
1633,480,France,Female,30,8,0.0,1,1,0,91288.69,0
1634,613,France,Female,25,5,0.0,1,1,0,179588.85,0
1635,665,France,Female,34,1,0.0,2,0,0,63085.28,0
1636,562,Germany,Female,49,8,0.0,1,1,0,64048.58,0
1637,535,Germany,Female,43,6,0.0,2,0,1,126609.39,0
1638,604,France,Male,28,6,184670.94,1,0,1,57674.88,0
1639,649,Germany,Male,20,9,174340.85,1,1,1,40717.61,0
1640,739,France,Male,41,10,41126.86,1,0,1,22576.34,0
1641,454,Spain,Female,50,10,154591.71,1,1,1,73583.19,0
1642,583,France,Female,25,5,0.0,1,1,0,161556.64,1
1643,732,France,Male,29,2,0.0,1,1,1,25902.9,0
1644,687,Germany,Male,43,7,0.0,1,1,0,72055.38,0
1645,686,Spain,Male,49,9,0.0,1,0,0,30675.0,0
1646,677,France,Male,20,2,0.0,1,1,0,109073.11,0
1647,674,France,Female,32,1,194702.13,1,1,1,103304.78,0
1648,740,France,Male,34,0,0.0,1,0,1,15345.52,0
1649,671,France,Male,37,7,0.0,1,1,0,25302.42,0
1650,573,France,Female,33,0,57126.94,2,1,0,61746.59,0
1651,585,France,Male,32,1,0.0,1,1,0,33178.24,0
1652,593,France,Male,32,5,43811.82,1,1,0,198538.17,0
1653,586,Spain,Female,29,2,97499.78,1,1,1,153553.63,0
1654,667,Germany,Female,43,10,218331.35,1,1,0,96570.69,0
1655,604,Germany,Male,51,8,46035.22,2,1,1,108526.54,1
1656,667,France,Male,39,1,0.0,2,1,1,32557.98,0
1657,596,Spain,Male,34,7,0.0,2,1,1,19640.53,0
1658,777,France,Female,19,5,135368.85,1,1,0,27514.11,0
1659,666,Germany,Male,45,9,0.0,1,1,0,128266.0,1
1660,630,France,Male,44,3,90245.77,1,0,0,102965.57,0
1661,720,Germany,Female,22,9,0.0,2,1,0,115530.56,1
1662,561,France,Male,25,4,0.0,2,1,0,127073.84,0
1663,673,France,Female,33,10,114301.12,2,1,1,134170.99,0
1664,647,France,Male,48,9,0.0,2,1,1,88278.09,0
1665,753,Spain,Female,28,10,111361.49,1,1,0,140549.65,0
1666,821,France,Female,31,4,106554.01,2,0,1,106793.93,0
1667,527,Spain,Male,39,6,161618.13,4,1,0,44131.88,0
1668,796,France,Female,44,9,0.0,1,1,1,24032.21,0
1669,623,France,Female,41,1,140731.09,1,1,1,163997.26,0
1670,513,Germany,Male,75,10,0.0,1,0,1,129803.46,0
1671,736,Spain,Female,39,0,0.0,1,1,1,37971.73,0
1672,575,France,Male,27,1,203631.67,1,1,0,40472.17,0
1673,788,Germany,Female,35,3,0.0,2,1,0,120936.54,0
1674,653,Spain,Female,43,7,28145.89,1,1,0,184546.1,0
1675,709,France,Male,47,0,103359.31,1,1,1,22207.93,0
1676,506,France,Female,23,9,183232.94,2,0,0,11633.15,0
1677,458,Spain,Female,18,6,113529.06,1,1,0,37150.59,0
1678,602,France,Male,30,9,107389.59,1,0,0,194717.04,0
1679,569,France,Female,23,10,96611.84,2,1,1,187320.9,0
1680,506,France,Male,58,4,0.0,2,1,0,18995.13,0
1681,708,Spain,Male,42,10,135553.67,1,0,0,182463.25,1
1682,513,France,Female,43,0,0.0,2,1,1,69851.47,0
1683,725,France,Female,33,9,112170.89,2,1,0,28496.88,0
1684,518,Spain,Female,30,3,0.0,1,0,1,121246.91,0
1685,573,Spain,Female,26,6,76994.27,1,1,0,108629.86,0
1686,693,France,Male,39,7,0.0,2,1,0,44992.59,0
1687,748,France,Male,28,3,149551.75,1,1,0,29440.66,0
1688,701,France,Female,37,1,115078.08,1,1,0,132960.79,0
1689,814,France,Female,40,8,225099.36,1,1,0,39035.61,0
1690,693,Germany,Female,36,3,133224.95,2,1,1,40464.17,0
1691,768,Spain,Male,25,10,74438.01,1,1,0,93351.15,0
1692,599,Germany,Male,48,2,0.0,3,1,1,62292.4,0
1693,692,France,Female,42,3,72222.0,2,0,1,119489.29,0
1694,678,Germany,Male,40,4,94196.63,2,0,0,10212.3,0
1695,659,Germany,Male,41,2,45598.93,1,1,1,166721.35,0
1696,600,France,Male,21,4,0.0,2,0,0,113177.42,0
1697,706,Spain,Male,20,5,0.0,2,1,1,125959.65,0
1698,773,Germany,Female,18,6,119981.08,4,1,0,198045.52,0
1699,644,France,Female,42,9,0.0,1,1,1,108036.46,0
1700,607,France,Female,33,1,91625.42,2,1,1,125745.43,0
1701,811,France,Male,34,0,0.0,2,0,1,82464.98,0
1702,845,France,Female,33,5,2142.11,1,1,1,43345.59,0
1703,549,France,Male,37,1,0.0,2,1,0,78151.3,0
1704,710,Germany,Female,32,10,0.0,2,1,0,48057.45,0
1705,775,France,Female,30,0,0.0,2,0,1,190971.44,0
1706,725,France,Female,22,7,0.0,1,1,1,195458.82,0
1707,780,Spain,Male,35,1,39527.63,1,0,1,75250.87,0
1708,630,Germany,Male,28,5,57169.7,1,1,1,125944.39,0
1709,820,Spain,Female,37,10,113698.13,2,1,0,199752.19,0
1710,644,Spain,Male,41,1,40026.33,2,1,1,174291.81,0
1711,555,France,Male,20,8,92731.96,2,1,0,75512.37,0
1712,799,France,Male,30,6,73441.06,2,1,0,184309.79,0
1713,722,France,Male,48,4,201297.44,2,1,0,47731.13,0
1714,789,France,Male,18,10,122037.32,2,1,1,135437.38,0
1715,726,Germany,Male,53,0,0.0,2,1,0,75897.44,0
1716,596,Germany,Male,50,8,0.0,2,1,0,114505.78,0
1717,722,Germany,Male,19,10,0.0,3,1,1,15420.05,1
1718,630,France,Female,29,0,67628.21,2,1,0,26788.37,0
1719,608,France,Male,35,7,0.0,2,1,0,61059.09,0
1720,731,Spain,Female,41,9,97694.18,1,0,1,162060.55,0
1721,694,France,Female,53,4,0.0,1,1,1,90993.4,0
1722,627,France,Female,26,4,124988.98,2,0,0,65398.14,0
1723,650,France,Male,44,3,177099.26,2,1,1,118595.12,0
1724,481,France,Female,45,2,0.0,2,1,0,7332.13,0
1725,589,France,Female,20,9,0.0,1,1,0,99127.7,1
1726,752,France,Female,38,1,133421.43,2,1,0,181274.48,0
1727,525,France,Male,19,10,0.0,1,0,0,46283.32,0
1728,652,France,Male,36,4,0.0,1,1,1,160058.76,0
1729,689,France,Female,34,7,119885.03,1,1,1,106627.78,0
1730,739,Germany,Female,18,8,0.0,1,0,0,47604.55,1
1731,608,Germany,Male,42,2,61325.51,2,1,0,88114.28,0
1732,830,France,Female,36,1,0.0,2,0,0,72117.67,1
1733,583,Germany,Male,30,4,3609.42,1,1,1,141286.34,1
1734,734,Spain,Female,52,5,0.0,2,1,0,5425.29,0
1735,743,Germany,Male,28,2,97301.05,1,1,0,42084.88,0
1736,721,France,Male,31,2,179547.43,3,1,1,85560.99,0
1737,715,Spain,Male,39,7,132923.5,1,0,0,97516.24,0
1738,629,Germany,Female,24,9,109655.56,1,1,0,67735.43,1
1739,741,France,Female,66,9,108978.47,1,1,1,21918.16,0
1740,628,Spain,Male,31,9,0.0,1,1,1,73209.15,0
1741,655,Spain,Male,36,2,153517.21,2,1,0,74711.41,0
1742,630,France,Male,38,3,88835.3,2,1,0,194784.87,0
1743,545,France,Male,54,4,0.0,1,1,1,40926.12,0
1744,537,France,Female,46,3,75732.19,2,1,0,45671.74,0
1745,673,France,Male,25,2,0.0,1,1,0,70334.66,0
1746,756,France,Male,42,8,197209.36,1,0,1,85228.48,0
1747,753,Germany,Female,43,7,189353.8,2,1,0,146011.11,0
1748,634,Germany,Female,53,6,95419.66,2,0,1,178297.84,1
1749,542,Spain,Male,42,0,10055.49,2,1,0,61801.36,0
1750,672,Spain,Female,18,7,0.0,1,1,0,73174.65,0
1751,588,Germany,Male,30,6,33128.58,2,1,0,93473.5,0
1752,727,Spain,Female,31,2,0.0,1,0,0,85518.54,0
1753,694,Germany,Female,50,6,0.0,1,1,1,133980.94,0
1754,645,France,Female,34,10,189506.4,1,1,0,9374.26,1
1755,741,Germany,Female,18,3,171207.7,2,1,1,87922.23,1
1756,604,France,Male,18,5,0.0,2,1,0,42648.2,0
1757,732,France,Male,26,2,0.0,1,0,0,62217.84,0
1758,710,France,Female,54,8,15883.42,2,0,1,99440.65,0
1759,563,Spain,Female,30,9,63084.37,2,1,0,140423.17,0
1760,614,Spain,Male,38,10,74216.36,1,0,1,138350.37,0
1761,590,Germany,Male,66,7,81786.09,1,1,1,139814.87,0
1762,645,France,Male,36,1,87458.32,1,0,1,99516.7,0
1763,654,Germany,Female,18,4,0.0,1,0,0,150945.9,0
1764,778,Spain,Male,21,7,0.0,2,0,0,124082.67,0
1765,590,Spain,Male,37,4,100687.61,2,1,0,44609.33,0
1766,709,France,Female,67,5,0.0,2,0,1,164664.98,0
1767,580,Germany,Male,66,7,0.0,1,0,0,97579.7,1
1768,524,Germany,Male,29,7,99664.5,1,1,1,184231.43,0
1769,621,Germany,Female,26,7,0.0,2,0,0,151277.29,0
1770,662,Spain,Male,27,9,80430.32,1,1,0,180218.63,0
1771,641,France,Female,18,7,32651.54,1,1,0,103940.43,0
1772,654,France,Female,38,10,192034.33,1,1,0,39168.92,0
1773,635,Germany,Female,45,10,0.0,1,1,1,56913.71,1
1774,620,France,Female,36,4,66768.9,1,1,1,54978.83,0
1775,850,France,Male,47,6,147347.67,2,1,0,197450.91,0
1776,573,Germany,Female,23,1,90263.96,2,1,0,47201.75,0
1777,728,Germany,Male,23,6,92300.76,2,1,1,151261.91,0
1778,643,Spain,Female,18,8,0.0,1,1,1,99395.8,0
1779,511,France,Male,27,7,136401.19,1,0,1,122304.8,0
1780,640,Germany,Female,46,3,226684.61,2,1,0,16355.51,0
1781,620,Spain,Female,35,1,0.0,2,1,0,167216.81,0
1782,850,Germany,Male,26,8,148150.67,1,1,0,69168.54,0
1783,609,Germany,Male,37,6,0.0,2,1,0,135439.05,0
1784,566,Spain,Female,25,7,0.0,1,1,0,109123.05,0
1785,524,France,Female,35,6,223491.77,1,1,1,87375.19,0
1786,522,Spain,Male,51,4,149953.77,2,1,0,190364.5,1
1787,761,France,Female,45,10,0.0,1,1,0,51944.99,0
1788,604,France,Male,47,7,109089.38,2,1,0,172439.27,0
1789,747,Spain,Female,24,7,166865.55,2,1,0,169451.97,1
1790,644,France,Female,25,10,0.0,2,1,0,66161.53,0
1791,499,France,Male,36,10,0.0,2,1,0,151414.81,1
1792,618,Spain,Male,46,4,116487.27,2,1,1,52788.59,0
1793,667,Spain,Female,36,2,0.0,1,1,1,198734.19,0
1794,494,France,Male,19,2,0.0,1,0,0,55484.91,0
1795,539,France,Male,27,10,128366.88,1,1,0,162974.49,0
1796,626,France,Female,45,1,43162.81,1,1,1,186522.61,0
1797,703,France,Male,31,1,0.0,2,0,1,39813.3,0
1798,647,France,Female,53,6,0.0,2,1,0,144898.16,0
1799,737,France,Male,27,1,97497.35,2,1,0,106885.13,0
1800,532,Germany,Female,33,5,0.0,1,1,1,7421.4,0
1801,670,France,Male,46,5,33000.64,1,1,0,13662.51,0
1802,557,Germany,Female,26,0,0.0,2,1,1,114721.36,0
1803,551,Germany,Male,43,2,0.0,1,0,0,109137.35,1
1804,381,France,Female,23,8,0.0,2,1,0,11526.31,1
1805,733,Germany,Female,43,3,0.0,2,0,1,165275.79,1
1806,573,France,Male,28,7,125893.48,1,1,1,2451.03,0
1807,646,France,Female,42,10,61584.26,2,1,1,78456.34,0
1808,554,Spain,Female,37,0,0.0,2,1,1,157698.34,0
1809,583,Germany,Male,48,0,130753.21,1,1,1,141141.48,1
1810,714,France,Female,40,0,70560.31,2,0,0,4590.29,0
1811,713,Germany,Male,47,4,0.0,2,1,0,113421.34,0
1812,693,Spain,Female,21,7,104836.55,2,0,1,6889.95,0
1813,589,France,Female,34,0,129572.38,2,1,0,78343.37,0
1814,726,France,Female,31,1,3178.08,2,0,0,167509.98,0
1815,699,Germany,Female,31,4,0.0,2,1,1,113354.25,0
1816,522,Germany,Male,22,9,0.0,1,1,1,79532.53,0
1817,575,Germany,Male,35,6,0.0,1,0,1,3608.49,0
1818,495,Spain,Female,35,6,30044.35,2,1,0,30659.96,0
1819,648,Spain,Female,26,9,220387.08,2,1,1,4417.17,0
1820,661,Spain,Female,26,6,114764.63,2,1,0,183034.37,0
1821,707,France,Female,47,0,0.0,1,1,0,119376.89,0
1822,580,France,Female,19,8,33506.93,4,1,1,45759.28,0
1823,604,France,Female,51,8,78451.35,1,1,1,25509.67,0
1824,665,Spain,Male,54,10,113645.46,1,1,1,12291.78,0
1825,717,France,Male,30,10,85170.63,1,1,1,148880.4,0
1826,618,France,Female,48,7,45555.88,2,1,0,125507.22,0
1827,772,France,Male,42,2,0.0,1,0,0,130379.54,0
1828,624,Germany,Male,36,1,0.0,1,1,1,184097.65,0
1829,606,Spain,Male,33,10,0.0,1,1,0,113453.8,0
1830,739,Germany,Male,62,9,144857.37,1,1,0,93578.42,0
1831,630,France,Male,20,0,172027.74,1,1,0,97582.61,0
1832,800,Germany,Male,33,0,0.0,2,1,0,41361.62,0
1833,598,Spain,Male,38,0,85761.92,1,1,0,131050.76,0
1834,638,France,Male,38,5,0.0,2,1,0,168008.35,1
1835,850,Spain,Female,40,2,21376.83,1,1,1,106786.9,0
1836,580,Germany,Male,34,5,83407.76,1,1,0,36542.41,1
1837,774,Spain,Female,20,1,114198.99,2,0,0,151070.07,0
1838,599,France,Male,55,3,46117.04,2,1,0,194600.82,0
1839,763,France,Female,28,0,0.0,2,1,0,175690.55,1
1840,661,France,Female,18,7,133887.8,1,0,1,163744.04,0
1841,697,Spain,Female,34,7,0.0,2,1,0,62579.54,0
1842,446,France,Female,52,1,49954.17,2,1,0,36148.63,0
1843,559,Spain,Female,38,8,0.0,1,1,1,105437.51,0
1844,594,Spain,Male,52,4,0.0,1,1,0,30794.18,0
1845,688,Spain,Male,27,5,99854.66,1,1,1,143379.84,0
1846,567,Spain,Female,30,4,106309.11,1,1,1,109676.0,0
1847,850,France,Female,26,5,0.0,2,0,1,133857.73,0
1848,629,France,Female,38,2,57669.64,2,1,1,26189.56,0
1849,490,France,Male,19,5,0.0,2,1,1,9513.87,0
1850,625,Germany,Male,52,4,165158.46,2,1,1,129602.41,0
1851,617,Spain,Male,61,5,0.0,4,1,1,72202.35,0
1852,563,France,Female,21,5,48292.03,2,0,1,33768.86,0
1853,622,Germany,Female,41,1,0.0,1,1,1,55641.84,0
1854,520,France,Male,52,5,160038.35,1,1,0,98611.97,1
1855,741,France,Female,28,6,77465.23,1,1,1,192850.76,0
1856,578,France,Female,40,3,0.0,2,1,0,151222.75,0
1857,653,France,Male,41,4,0.0,1,1,0,94629.55,0
1858,715,Germany,Female,50,9,0.0,1,1,1,18953.19,0
1859,750,Germany,Female,47,10,0.0,2,1,1,169906.62,0
1860,555,France,Male,38,5,144047.48,1,1,1,183579.76,0
1861,549,France,Male,25,2,0.0,2,1,1,130269.97,0
1862,701,Spain,Male,25,5,0.0,1,1,0,16569.25,0
1863,679,Germany,Male,74,6,148283.11,2,1,1,153997.49,0
1864,490,Germany,Male,38,6,127753.01,2,0,1,127441.95,0
1865,532,France,Male,28,6,0.0,1,1,1,65411.94,0
1866,742,France,Male,30,8,86386.95,1,0,1,138734.23,0
1867,579,France,Male,60,10,140824.34,2,1,1,122502.45,0
1868,710,France,Male,43,9,74092.92,2,1,0,190969.77,1
1869,628,Spain,Male,52,7,250000.0,1,1,0,168894.48,0
1870,607,France,Male,41,8,0.0,2,0,0,163366.83,0
1871,750,France,Male,32,1,114081.06,2,1,0,162885.1,0
1872,724,Germany,Male,37,4,101631.65,1,1,1,122831.96,0
1873,624,Spain,Female,33,8,0.0,2,1,1,108166.9,0
1874,427,France,Female,35,1,155485.01,2,0,0,78103.09,1
1875,643,France,Male,31,3,138111.75,1,0,1,26866.88,0
1876,850,France,Male,39,0,0.0,1,1,0,80095.1,0
1877,635,France,Male,56,0,0.0,2,0,0,56230.34,1
1878,740,Spain,Female,33,9,110885.3,2,1,1,106399.7,0
1879,440,Germany,Female,39,4,135740.43,2,1,0,101268.32,0
1880,746,Spain,Male,18,1,0.0,1,0,0,112641.41,1
1881,655,France,Male,35,10,68857.44,1,1,0,89922.81,0
1882,654,Germany,Male,46,0,137798.87,2,0,1,110534.36,0
1883,691,France,Male,41,9,89895.86,1,0,1,51346.29,0
1884,620,Spain,Male,46,3,99133.68,2,1,1,33092.67,0
1885,528,France,Male,41,6,0.0,2,1,0,12195.32,1
1886,630,Spain,Male,44,5,63881.63,1,0,1,53725.59,0
1887,637,Germany,Male,47,2,0.0,1,1,0,142591.57,0
1888,519,Spain,Male,25,5,0.0,1,0,1,187047.18,0
1889,774,France,Male,29,1,103708.27,2,0,0,83185.59,0
1890,600,Spain,Female,31,4,146929.04,1,0,1,48117.86,0
1891,537,Spain,Female,23,6,25664.37,2,1,0,54709.87,0
1892,783,France,Male,21,3,118544.59,2,0,1,178235.41,0
1893,653,Spain,Female,38,6,140161.25,1,0,1,101653.13,1
1894,641,Spain,Female,37,7,0.0,1,1,0,27950.12,0
1895,617,France,Female,32,2,0.0,2,0,0,71836.13,0
1896,656,France,Male,29,1,0.0,1,1,1,65133.51,0
1897,631,Germany,Male,28,5,38614.6,2,1,0,98780.68,1
1898,607,Germany,Female,31,10,0.0,1,1,1,58167.99,0
1899,503,France,Male,40,2,114348.72,2,1,1,65047.48,0
1900,813,France,Male,37,2,58294.87,1,1,0,86176.3,0
1901,649,Spain,Male,32,2,0.0,1,1,0,196021.43,0
1902,611,France,Male,18,10,112560.14,2,0,0,9535.21,0
1903,624,Germany,Female,40,5,0.0,2,1,0,105303.68,0
1904,789,Germany,Male,53,1,40478.55,2,1,0,66208.88,0
1905,602,France,Female,27,9,69508.38,2,0,0,92147.99,0
1906,504,France,Male,51,3,48116.16,1,0,1,77187.86,0
1907,661,Germany,Male,46,6,49023.19,2,1,1,142466.99,0
1908,614,France,Male,35,9,0.0,1,1,1,27498.19,0
1909,661,Germany,Male,31,5,103268.87,2,1,0,28577.06,0
1910,534,France,Male,45,5,137640.4,2,1,0,82144.03,0
1911,653,France,Female,29,2,179858.52,2,1,0,147615.96,0
1912,557,France,Male,36,8,0.0,1,1,1,146516.17,0
1913,742,Spain,Female,34,4,0.0,2,0,0,132513.51,0
1914,517,Germany,Male,31,9,250000.0,1,1,1,197052.7,0
1915,768,France,Female,18,6,83416.65,1,1,1,150500.32,0
1916,702,France,Male,68,0,0.0,1,0,1,99434.21,0
1917,674,Germany,Female,38,5,176641.2,1,1,1,92234.15,0
1918,731,Germany,Male,25,2,0.0,2,1,0,91365.4,0
1919,681,France,Female,57,6,0.0,1,1,1,123837.38,0
1920,738,Germany,Female,29,6,0.0,2,1,0,80425.54,0
1921,584,France,Female,43,0,76866.1,2,1,0,24317.68,0
1922,622,France,Male,30,9,145188.89,1,1,1,17479.2,1
1923,669,Spain,Female,44,1,71165.17,2,1,1,177891.45,0
1924,665,France,Female,27,0,0.0,1,0,1,81786.13,0
1925,645,Germany,Male,65,8,0.0,2,1,0,166823.89,0
1926,619,France,Female,58,10,174454.17,1,0,0,187216.49,0
1927,664,Germany,Male,73,5,95534.51,1,1,1,25838.31,0
1928,795,France,Male,37,4,61900.53,1,1,0,145595.56,1
1929,703,Spain,Female,33,5,63947.22,1,0,1,122467.99,0
1930,616,France,Male,37,4,113191.74,1,1,1,36772.98,0
1931,589,Spain,Male,31,2,0.0,1,1,0,30806.1,0
1932,832,France,Male,33,2,30189.72,2,1,1,2606.75,0
1933,541,France,Male,30,5,14878.82,2,0,0,161656.83,0
1934,450,France,Male,35,2,0.0,1,0,1,125382.18,0
1935,700,France,Female,25,2,84491.88,1,1,1,45375.36,0
1936,734,France,Female,29,0,125228.88,2,0,1,115491.56,0
1937,608,Germany,Male,47,2,0.0,1,1,0,12269.38,1
1938,709,Germany,Male,57,7,0.0,3,0,1,48141.04,1
1939,594,France,Female,26,0,172363.48,1,1,0,16041.06,1
1940,584,Germany,Male,43,0,80405.03,1,1,1,101701.95,0
1941,655,Spain,Male,24,4,0.0,2,1,0,18132.71,0
1942,661,France,Male,35,4,182106.88,1,1,0,81519.94,1
1943,678,Germany,Male,46,3,123464.97,1,1,0,139667.75,0
1944,636,Germany,Female,63,4,147546.81,1,1,0,26075.91,0
1945,587,France,Female,25,6,109227.21,2,1,0,70061.72,0
1946,728,France,Female,38,2,165059.09,1,1,0,174773.34,0
1947,474,Germany,Female,28,6,0.0,2,1,1,44050.22,0
1948,568,France,Female,37,2,77852.26,2,0,0,166070.81,0
1949,679,France,Male,39,0,154460.36,1,0,0,46789.71,0
1950,759,France,Female,42,3,0.0,2,0,0,109048.05,0
1951,726,France,Female,30,3,90595.81,2,0,0,127625.6,0
1952,728,France,Female,32,3,0.0,3,1,1,39558.82,0
1953,540,France,Female,27,9,45396.27,1,0,0,97301.67,0
1954,603,France,Male,41,8,0.0,1,1,1,79297.35,0
1955,626,France,Male,35,9,0.0,1,1,0,8028.49,0
1956,629,Germany,Female,20,2,0.0,2,1,1,48898.84,0
1957,564,France,Male,45,10,0.0,1,0,0,71741.58,0
1958,620,Germany,Female,21,1,190163.13,2,1,1,199100.8,0
1959,559,France,Female,39,6,73709.17,1,1,1,153895.53,0
1960,552,Spain,Female,24,6,165565.86,1,1,0,148326.35,0
1961,527,Germany,Female,46,10,0.0,2,1,0,50256.91,0
1962,798,France,Female,28,0,31830.13,2,1,1,75253.59,0
1963,659,Germany,Male,36,4,154155.1,2,1,1,185743.47,0
1964,696,France,Female,62,5,0.0,2,1,0,19698.79,0
1965,749,France,Male,42,0,0.0,1,0,0,101459.01,0
1966,708,France,Female,31,1,96176.87,1,0,1,136596.45,0
1967,554,France,Male,60,8,40645.37,2,1,1,86002.02,0
1968,716,France,Female,45,8,0.0,2,1,1,182395.88,0
1969,558,France,Male,22,6,85665.77,2,1,1,51751.38,0
1970,743,France,Female,46,0,65616.36,2,1,1,17363.11,0
1971,571,Spain,Female,42,4,53648.36,1,1,0,94655.61,0
1972,761,Germany,Male,30,7,0.0,1,0,1,28811.6,0
1973,633,France,Male,19,7,200978.77,1,1,0,25156.78,1
1974,781,Germany,Male,24,7,0.0,2,0,1,154069.35,0
1975,478,Spain,Female,28,0,84249.06,1,0,1,137737.56,0
1976,774,France,Female,34,1,29088.56,2,1,0,148010.8,0
1977,528,Spain,Male,32,1,117644.08,2,1,0,3477.03,0
1978,497,France,Female,35,7,0.0,1,1,1,168872.29,0
1979,710,Spain,Male,41,0,0.0,2,0,1,56507.89,0
1980,638,France,Female,43,0,137706.72,1,1,1,74176.51,0
1981,493,Germany,Female,23,10,113047.35,2,0,0,51555.15,1
1982,678,Germany,Female,36,9,36978.73,2,0,1,147134.61,0
1983,720,France,Male,18,0,0.0,2,0,0,163043.07,0
1984,569,Germany,Male,47,7,125425.68,2,1,1,103936.29,0
1985,781,France,Male,27,0,85093.4,2,0,1,86949.14,0
1986,573,France,Female,41,2,122434.43,2,1,1,157617.27,0
1987,619,Germany,Male,46,3,0.0,1,1,1,57133.64,0
1988,850,Spain,Female,46,9,201994.69,1,1,1,117855.4,0
1989,614,France,Male,29,6,0.0,2,1,1,127871.27,1
1990,668,France,Male,20,10,0.0,1,1,0,74223.63,0
1991,710,Spain,Female,18,6,0.0,2,1,0,171485.71,0
1992,566,Germany,Male,27,3,0.0,1,0,1,14828.49,0
1993,643,France,Male,39,2,0.0,1,1,1,97320.5,0
1994,409,Germany,Male,22,8,75428.86,2,1,0,65044.24,0
1995,706,France,Male,25,3,79109.97,1,1,0,67080.84,0
1996,768,Germany,Female,20,6,0.0,1,1,1,29392.82,0
1997,538,Germany,Female,24,4,84802.18,4,1,0,82512.85,0
1998,658,Germany,Female,23,1,52072.75,1,1,0,33921.28,0
1999,708,Spain,Male,65,1,0.0,2,1,0,73075.66,0
2000,538,Spain,Male,18,7,68599.09,3,1,1,182734.31,0
2001,519,Germany,Female,18,9,0.0,2,1,0,135801.8,0
2002,658,France,Female,44,10,0.0,1,1,0,102591.93,0
2003,612,France,Female,32,7,13057.38,1,1,0,138491.94,0
2004,533,Spain,Male,35,4,114701.47,2,1,0,182112.61,0
2005,614,France,Male,64,8,125431.15,1,0,1,130027.01,0
2006,692,France,Male,19,8,106861.59,1,1,1,76648.12,0
2007,464,France,Male,29,1,12737.84,2,1,1,188541.48,0
2008,693,France,Male,28,2,87189.88,1,1,0,76033.74,1
2009,719,Germany,Female,41,2,135291.67,1,0,1,13689.16,0
2010,572,Germany,Female,44,9,135376.62,2,0,0,93700.47,0
2011,493,France,Female,56,8,0.0,1,1,1,181806.58,0
2012,717,Germany,Male,31,3,41100.41,2,1,0,56115.68,0
2013,614,France,Female,37,4,219732.34,2,0,0,75824.57,0
2014,607,France,Male,30,8,80578.13,1,1,1,66971.16,0
2015,635,Spain,Female,39,9,45939.52,3,1,1,193743.17,0
2016,695,France,Female,23,7,41631.59,2,1,1,186625.83,0
2017,689,Germany,Male,29,3,0.0,1,1,1,65989.87,0
2018,534,Germany,Female,22,6,106709.39,2,1,0,46797.07,1
2019,777,Spain,Male,23,2,156565.1,2,1,0,119052.03,0
2020,685,Germany,Male,55,10,0.0,1,0,0,119578.7,0
2021,494,France,Male,18,9,83312.17,1,0,1,75589.38,0
2022,411,France,Male,35,3,148153.69,1,1,0,65895.03,0
2023,633,France,Female,45,0,0.0,2,1,0,153351.97,0
2024,504,France,Male,53,4,155712.88,2,1,0,168184.7,1
2025,555,Germany,Male,51,4,95235.77,2,1,1,145519.74,0
2026,661,France,Male,30,0,65416.42,2,0,1,1966.77,0
2027,610,Spain,Male,26,7,0.0,2,1,0,142771.76,0
2028,721,France,Male,23,3,0.0,2,0,0,170033.24,0
2029,728,France,Male,35,10,129283.46,1,1,0,61503.99,0
2030,818,France,Male,63,2,0.0,2,1,1,119366.25,0
2031,701,France,Male,48,4,168951.08,1,0,0,182634.13,0
2032,791,Spain,Male,36,4,0.0,1,1,0,37226.45,0
2033,647,Spain,Male,33,1,0.0,2,1,0,47794.55,0
2034,657,Germany,Male,26,1,0.0,2,1,0,142160.47,1
2035,462,Spain,Male,36,7,101300.46,1,1,1,11348.18,0
2036,645,France,Male,36,8,0.0,2,1,0,45357.13,0
2037,585,Spain,Male,26,5,55957.67,1,0,0,175647.37,0
2038,850,France,Male,24,4,53683.92,2,0,1,40322.17,0
2039,651,France,Female,52,1,96802.48,2,1,1,145184.94,0
2040,719,France,Female,18,7,94857.6,1,1,1,3998.41,0
2041,645,France,Male,41,8,42399.24,2,1,0,187447.44,0
2042,587,France,Male,36,7,0.0,1,0,0,124922.88,0
2043,729,Germany,Male,18,6,61514.43,1,1,0,93045.42,1
2044,599,France,Male,26,6,137895.42,1,1,1,78194.06,0
2045,687,France,Female,40,10,124791.96,1,1,1,20804.55,0
2046,592,Spain,Male,25,4,0.0,1,1,0,104997.42,0
2047,567,Germany,Male,51,1,0.0,2,1,1,54371.61,1
2048,545,Germany,Female,38,4,190635.74,2,0,1,13413.69,0
2049,559,Germany,Female,29,5,0.0,2,1,1,69278.17,0
2050,558,Spain,Male,29,7,0.0,2,1,0,142315.95,0
2051,724,Spain,Female,47,0,0.0,2,1,1,150372.94,0
2052,741,Spain,Female,23,0,0.0,2,1,0,31964.17,0
2053,608,France,Male,33,1,0.0,2,1,1,36794.03,0
2054,622,France,Female,20,4,0.0,2,0,0,77078.46,0
2055,609,France,Male,29,1,0.0,2,1,0,143648.75,0
2056,725,Spain,Male,55,8,112584.67,2,1,1,171576.98,0
2057,623,Spain,Male,49,5,36843.3,1,0,0,34711.66,0
2058,631,France,Male,30,6,0.0,2,1,0,20092.06,0
2059,633,Spain,Female,44,5,0.0,2,1,1,100715.77,0
2060,570,Spain,Female,36,1,0.0,1,0,0,12334.21,0
2061,715,Germany,Female,26,10,0.0,2,0,0,129800.39,0
2062,760,Germany,Female,37,4,0.0,1,0,0,64849.7,0
2063,781,France,Male,31,2,136684.46,1,1,0,17826.19,0
2064,667,France,Male,34,8,33606.46,2,1,0,158118.26,0
2065,455,Germany,Male,27,5,205756.4,2,1,1,80945.41,0
2066,659,France,Male,28,7,0.0,2,1,1,143476.76,0
2067,678,France,Male,28,9,0.0,2,0,0,74136.72,0
2068,493,France,Female,26,5,85822.57,1,1,0,35311.32,0
2069,763,Spain,Male,23,2,0.0,1,1,0,134379.28,0
2070,704,France,Female,45,6,0.0,2,1,0,154613.82,1
2071,706,Germany,Male,33,8,0.0,1,0,1,93172.13,0
2072,617,Spain,Male,35,6,115588.67,2,1,1,43491.03,0
2073,749,Spain,Male,22,4,90892.84,2,1,1,13696.75,0
2074,555,France,Male,44,6,161379.17,1,0,1,186548.1,0
2075,724,France,Female,39,3,0.0,1,1,0,122433.07,1
2076,682,France,Female,25,3,0.0,2,1,0,131374.02,0
2077,770,France,Male,35,5,128242.98,2,1,1,119955.29,0
2078,656,Germany,Female,45,0,59468.09,2,1,0,65985.7,0
2079,761,Germany,Male,46,2,0.0,1,1,1,157920.08,0
2080,571,France,Male,28,2,0.0,1,1,1,15752.57,0
2081,640,Germany,Female,30,7,173802.74,2,1,1,90254.25,0
2082,626,France,Male,22,1,0.0,1,1,1,72519.41,0
2083,655,France,Female,30,9,118852.01,1,0,0,185584.82,0
2084,616,Spain,Female,46,9,0.0,2,1,1,29173.1,0
2085,579,France,Male,23,6,173198.53,1,1,0,10517.63,0
2086,661,Germany,Male,18,2,197104.7,2,0,1,24262.32,0
2087,585,Spain,Female,47,7,41560.97,2,1,1,154524.72,0
2088,763,France,Male,21,9,0.0,1,1,0,104836.0,0
2089,579,France,Male,40,2,149526.09,2,1,1,120393.24,0
2090,558,Germany,Male,38,7,96388.8,2,0,0,89646.69,0
2091,493,Germany,Male,65,6,33482.51,1,0,1,116526.48,0
2092,592,France,Male,31,3,219154.44,1,1,1,9784.75,0
2093,850,Spain,Female,51,2,62250.77,1,1,1,143095.78,0
2094,850,Spain,Male,42,1,83310.02,1,1,1,180433.32,0
2095,664,France,Male,70,1,0.0,1,0,0,183728.13,0
2096,425,France,Male,50,3,0.0,1,1,0,4750.8,0
2097,624,France,Female,22,7,83911.24,2,1,1,37578.92,0
2098,774,Spain,Female,46,1,46073.17,1,0,1,143658.2,0
2099,668,Spain,Female,42,5,120048.35,2,1,1,194126.97,0
2100,588,Spain,Male,46,9,0.0,2,0,0,94845.67,0
2101,639,France,Female,41,9,0.0,4,0,0,98112.92,0
2102,663,France,Female,43,8,77191.52,2,1,1,121231.24,0
2103,555,France,Male,29,1,170200.35,2,0,1,82762.14,0
2104,794,Germany,Male,40,3,149915.46,1,1,0,97956.64,1
2105,499,Spain,Female,41,3,0.0,1,1,1,112618.51,0
2106,700,Spain,Male,33,1,228068.09,2,1,0,64614.78,0
2107,632,France,Male,32,9,0.0,1,1,1,146254.51,0
2108,579,Germany,Male,33,9,96293.5,2,1,0,77172.25,0
2109,755,Germany,Male,30,0,38360.68,2,1,1,197800.83,0
2110,535,Germany,Female,54,6,154200.34,2,1,0,151281.26,0
2111,592,France,Female,24,4,107785.75,1,1,0,117152.6,0
2112,734,France,Male,64,10,103902.53,2,0,0,68906.03,0
2113,652,Germany,Female,36,10,118105.91,2,1,1,84483.28,0
2114,692,Spain,Male,31,1,0.0,1,1,1,175752.79,0
2115,635,France,Male,35,7,85466.83,1,1,1,38661.89,0
2116,747,Spain,Female,25,2,232526.68,2,1,0,106523.78,0
2117,761,France,Male,40,3,34521.92,1,1,1,71043.38,0
2118,613,France,Male,32,4,0.0,2,0,1,35928.63,0
2119,536,France,Male,22,3,0.0,1,0,0,161521.37,0
2120,688,France,Male,41,7,0.0,2,1,0,26182.81,0
2121,642,Germany,Male,37,1,250000.0,1,0,1,61765.64,0
2122,598,France,Male,28,0,106186.52,1,1,0,47833.76,0
2123,695,France,Male,36,10,81405.14,2,0,0,111369.9,1
2124,779,France,Male,27,0,126171.87,2,0,0,158302.17,0
2125,693,France,Male,22,4,191790.31,2,1,0,106237.48,1
2126,635,Spain,Female,29,10,0.0,1,1,0,192928.13,0
2127,817,France,Female,20,2,0.0,1,1,0,149194.04,0
2128,756,France,Female,41,6,96912.98,2,0,0,167903.09,0
2129,755,Germany,Male,35,3,0.0,2,0,1,95925.85,0
2130,449,France,Male,40,8,69597.44,1,1,0,173568.97,0
2131,676,Germany,Male,62,2,155255.94,1,0,1,170558.94,0
2132,667,Germany,Female,24,4,0.0,1,0,0,27415.8,0
2133,778,Germany,Male,21,1,0.0,2,0,0,38358.99,0
2134,704,France,Male,36,1,161051.64,2,0,1,153468.75,0
2135,776,France,Male,28,0,131438.81,2,0,0,52907.68,0
2136,652,France,Male,19,3,0.0,1,1,0,99523.42,0
2137,640,France,Male,43,10,98486.17,1,0,1,167572.24,0
2138,814,Germany,Male,56,0,0.0,1,1,1,127568.06,0
2139,683,Spain,Male,42,6,76356.21,1,1,1,49242.59,0
2140,626,France,Female,29,7,0.0,2,1,1,171989.21,0
2141,567,France,Male,21,3,6123.63,1,0,1,98971.95,0
2142,724,Germany,Male,42,5,0.0,2,1,0,96621.93,0
2143,441,Germany,Female,28,8,0.0,1,0,1,64017.49,0
2144,719,France,Female,47,1,91765.24,2,0,0,129491.34,1
2145,665,Spain,Female,27,10,139878.61,2,1,1,13577.61,0
2146,570,Germany,Male,30,8,56069.84,1,1,1,96126.69,0
2147,646,France,Female,25,7,82963.81,1,0,0,77797.78,0
2148,635,Spain,Female,27,5,26203.66,2,1,1,99885.46,0
2149,764,Spain,Female,24,9,0.0,1,1,1,158461.45,0
2150,584,Germany,Female,33,7,0.0,1,1,0,96944.5,0
2151,555,France,Male,20,10,90833.13,1,1,1,20259.11,0
2152,636,France,Female,31,1,0.0,1,0,1,154316.86,0
2153,706,Germany,Male,39,8,19851.83,1,1,1,189013.57,0
2154,579,France,Female,50,1,0.0,2,1,0,24404.8,0
2155,756,Germany,Male,32,3,182581.01,2,0,1,156214.76,0
2156,686,Germany,Male,25,5,0.0,1,1,0,67455.12,0
2157,770,France,Female,71,9,0.0,4,1,0,109914.96,0
2158,557,Germany,Female,45,9,68025.27,2,1,1,4342.53,0
2159,757,Germany,Male,29,6,0.0,1,1,0,123835.97,0
2160,663,Spain,Male,32,6,24621.38,2,1,1,4791.68,0
2161,645,Spain,Female,49,9,16533.44,1,0,1,84995.4,0
2162,735,France,Female,35,1,128236.64,1,1,0,18945.8,0
2163,530,Spain,Female,53,7,0.0,1,1,1,140742.15,0
2164,627,Spain,Female,44,10,86447.64,2,1,1,122158.16,0
2165,575,Spain,Male,56,0,31098.87,1,0,1,191147.35,0
2166,683,Germany,Male,20,3,58583.63,2,0,1,43355.35,0
2167,714,Spain,Female,45,5,139458.86,1,1,0,93099.84,0
2168,640,Spain,Female,35,3,139015.96,1,1,0,1786.38,0
2169,603,Spain,Female,37,4,0.0,1,0,0,42211.99,0
2170,665,Spain,Female,30,3,0.0,1,1,0,88851.59,0
2171,601,France,Male,18,10,141943.75,1,1,1,82659.54,0
2172,493,Germany,Female,32,1,0.0,2,1,1,23885.48,0
2173,620,France,Male,45,9,48842.09,1,0,0,3539.47,0
2174,512,Spain,Male,43,6,14253.08,2,0,0,15724.66,1
2175,603,Spain,Male,46,10,32590.28,1,1,0,90799.9,0
2176,636,Germany,Male,36,8,32877.24,2,1,0,2527.62,1
2177,611,France,Male,52,6,0.0,3,1,1,150336.62,0
2178,632,France,Male,26,8,33711.05,1,1,1,20213.44,0
2179,592,France,Male,55,1,0.0,1,1,0,124018.38,0
2180,724,Germany,Male,40,9,173111.51,2,1,0,93011.23,0
2181,613,Germany,Male,42,7,191025.59,2,1,1,126304.39,0
2182,590,Germany,Female,48,2,0.0,2,0,0,195807.93,0
2183,538,Germany,Male,43,4,0.0,2,1,1,180226.0,0
2184,746,France,Male,43,1,0.0,1,0,0,14814.14,0
2185,689,Germany,Female,36,9,170754.44,1,1,1,62664.42,0
2186,724,France,Female,20,1,0.0,1,0,0,123709.82,1
2187,569,France,Female,31,9,17026.03,1,0,1,93176.54,0
2188,559,Spain,Male,34,3,0.0,1,0,1,32297.96,0
2189,610,France,Female,37,5,94491.03,1,1,1,16621.68,0
2190,686,Germany,Female,25,5,27520.04,1,1,1,99393.79,0
2191,652,Spain,Male,47,8,0.0,2,1,0,118179.22,0
2192,634,France,Male,22,9,0.0,1,0,1,160153.14,0
2193,642,France,Female,23,7,0.0,1,1,0,136001.51,0
2194,591,France,Female,41,0,227660.5,2,0,0,60701.12,0
2195,757,France,Female,19,9,57704.32,2,1,1,100264.26,0
2196,476,France,Female,35,1,135661.79,2,1,1,9186.14,0
2197,678,Germany,Female,24,6,0.0,1,1,0,130964.61,0
2198,751,France,Female,18,0,49166.31,2,1,0,174726.45,0
2199,656,France,Male,18,9,0.0,1,1,1,133484.12,0
2200,560,Spain,Male,21,3,147015.23,2,0,1,139583.95,0
2201,787,Germany,Male,28,0,0.0,1,1,1,96896.08,0
2202,735,Spain,Female,37,10,82016.1,1,1,0,50600.22,0
2203,669,Germany,Female,45,4,107429.11,1,0,1,168220.28,0
2204,605,Spain,Male,23,4,0.0,2,1,0,159295.44,0
2205,599,Germany,Male,64,9,0.0,2,1,1,85370.08,1
2206,594,Spain,Female,40,1,93703.55,1,0,1,74805.89,0
2207,680,Spain,Male,44,2,0.0,2,1,1,183884.3,0
2208,559,Germany,Female,62,7,152663.5,2,1,1,159547.99,1
2209,651,France,Male,31,6,0.0,1,1,0,35485.45,0
2210,486,Germany,Male,47,1,66937.32,1,1,0,6563.55,0
2211,772,Germany,Male,18,3,0.0,1,0,0,27810.86,1
2212,608,France,Female,36,2,169953.46,1,1,0,177140.67,0
2213,564,France,Male,28,8,142348.13,2,1,1,197908.45,0
2214,694,France,Male,44,8,0.0,2,1,1,10251.55,0
2215,568,Germany,Male,50,0,124889.98,1,0,0,96480.94,0
2216,529,Germany,Male,39,0,67586.45,1,1,1,9817.89,0
2217,542,France,Male,23,3,0.0,1,1,0,197066.5,1
2218,680,Germany,Male,60,9,0.0,1,1,0,157974.92,0
2219,403,France,Female,44,1,0.0,2,1,0,89472.01,0
2220,687,Spain,Female,50,6,0.0,1,1,1,193618.7,0
2221,673,France,Female,27,7,34723.7,1,0,0,160890.02,1
2222,522,France,Female,23,2,0.0,2,1,0,140966.31,1
2223,718,Germany,Male,40,9,104636.91,1,1,0,26425.44,0
2224,628,France,Female,30,1,61536.42,1,1,1,115436.59,0
2225,581,Germany,Male,42,5,60713.96,2,1,0,178762.39,0
2226,586,France,Male,44,2,197744.03,2,1,1,56894.84,0
2227,604,Germany,Female,34,7,0.0,2,1,0,126729.13,0
2228,642,Germany,Female,33,10,0.0,1,1,0,183144.77,0
2229,627,France,Female,21,8,103106.36,2,0,1,68985.94,0
2230,572,Spain,Male,27,7,55842.4,1,1,1,9524.3,0
2231,714,France,Male,34,0,0.0,1,0,1,31993.85,0
2232,713,France,Male,20,2,84507.5,1,1,1,159463.94,0
2233,648,Spain,Male,31,4,148476.14,1,1,1,95898.2,0
2234,534,Spain,Female,32,0,98959.65,2,1,0,44351.13,0
2235,686,France,Female,48,10,0.0,2,1,1,55478.07,0
2236,653,Spain,Female,54,0,193384.66,2,1,1,37038.97,0
2237,618,France,Male,29,9,149361.19,2,1,0,112387.58,0
2238,511,France,Male,36,9,205581.96,2,1,0,62315.88,0
2239,538,Spain,Female,25,2,149616.86,1,0,0,140437.54,0
2240,753,Spain,Female,36,10,0.0,1,1,0,193007.65,0
2241,639,Spain,Male,43,6,0.0,2,0,0,575.85,1
2242,813,Spain,Male,47,3,0.0,1,1,1,130890.41,0
2243,620,France,Female,28,1,160078.84,1,0,1,138776.77,1
2244,534,Germany,Male,46,10,0.0,1,1,0,18958.03,1
2245,635,Germany,Male,29,7,135697.06,2,1,1,106789.21,0
2246,430,France,Female,19,10,123521.38,1,1,1,4821.97,0
2247,560,Spain,Male,25,9,0.0,1,1,0,56018.86,0
2248,716,France,Male,37,5,5182.28,2,1,1,23530.08,0
2249,610,Germany,Male,25,3,0.0,1,1,0,76678.11,0
2250,500,France,Female,39,6,176864.86,2,1,0,64403.18,0
2251,824,Germany,Female,33,4,158745.97,2,1,0,126609.68,0
2252,653,France,Male,27,8,0.0,1,1,1,119057.7,0
2253,620,France,Male,33,7,0.0,2,0,1,107861.41,0
2254,539,Germany,Female,26,2,250000.0,1,0,1,130041.35,0
2255,622,France,Male,33,7,100769.16,2,1,1,23001.04,0
2256,612,Germany,Male,43,4,0.0,2,1,1,157439.94,0
2257,568,France,Male,63,6,0.0,1,0,0,161622.17,1
2258,602,Germany,Female,30,8,107546.79,2,0,1,175188.97,0
2259,735,France,Male,52,4,0.0,1,1,1,171811.67,0
2260,766,France,Male,29,4,0.0,1,1,0,172334.19,0
2261,750,Germany,Female,29,8,0.0,2,1,0,87058.97,0
2262,623,Spain,Male,26,6,0.0,2,1,0,109835.56,0
2263,677,Germany,Female,18,4,0.0,1,1,1,287.13,0
2264,652,France,Female,46,7,89147.5,1,1,1,181951.34,1
2265,569,France,Male,25,2,82961.13,1,1,0,101362.19,0
2266,621,France,Male,21,10,180971.88,1,1,0,83334.57,0
2267,560,France,Male,18,8,172607.43,2,0,0,173553.1,0
2268,572,France,Female,47,7,97188.0,2,1,1,37631.27,0
2269,650,France,Male,49,5,0.0,1,1,1,44345.49,0
2270,753,Germany,Male,18,0,235703.13,2,1,1,8255.29,0
2271,579,Spain,Female,32,5,92744.08,1,0,1,125094.93,0
2272,450,Spain,Male,27,4,38438.21,2,0,1,121431.59,0
2273,676,France,Male,41,0,0.0,2,1,1,42512.79,0
2274,561,France,Male,47,0,79217.33,1,1,0,191436.55,0
2275,792,France,Male,18,10,0.0,2,0,0,105147.8,0
2276,818,Germany,Male,39,8,0.0,2,1,0,102914.88,0
2277,706,France,Female,24,5,0.0,2,1,0,37589.01,0
2278,477,France,Male,52,3,81443.0,2,0,1,39838.73,0
2279,622,Spain,Male,32,1,183123.48,2,0,1,155873.19,0
2280,622,France,Female,29,1,104931.83,1,0,0,135701.4,0
2281,564,France,Female,23,0,122340.83,1,1,1,53901.77,0
2282,608,France,Male,52,0,61710.18,1,1,1,17143.7,1
2283,568,France,Male,31,10,94789.18,1,1,0,188796.88,0
2284,652,France,Female,56,6,2393.7,1,1,1,15699.22,0
2285,758,Germany,Male,31,7,0.0,2,0,1,12445.66,0
2286,638,Spain,Male,40,4,16584.61,1,1,0,176146.25,0
2287,618,Spain,Female,29,8,41996.23,1,1,0,7102.72,0
2288,732,Germany,Male,48,0,123202.34,2,0,1,187960.4,0
2289,805,Germany,Male,30,8,78205.68,1,1,1,57536.15,0
2290,622,Germany,Female,30,4,196155.3,2,1,0,30669.09,0
2291,735,Spain,Male,18,9,0.0,1,1,0,67261.64,0
2292,590,France,Male,55,5,128941.51,1,1,1,7941.02,0
2293,463,Spain,Male,28,5,91705.93,1,1,0,80468.84,0
2294,647,France,Female,40,5,194365.46,1,1,1,56819.96,0
2295,674,France,Male,22,4,0.0,1,1,1,185507.99,0
2296,750,France,Female,43,2,200541.65,2,1,0,198270.97,1
2297,830,France,Male,38,5,62771.22,2,1,1,39923.89,0
2298,579,Spain,Female,25,4,21288.41,1,1,0,176286.58,0
2299,651,Germany,Female,35,1,87275.37,2,0,1,121837.49,0
2300,712,Spain,Male,54,9,143088.68,1,1,0,20922.69,0
2301,492,Germany,Female,34,4,75424.42,2,0,0,113714.42,0
2302,535,Spain,Female,24,4,215677.93,2,1,0,99847.06,0
2303,552,Spain,Male,54,6,0.0,3,0,0,147310.33,1
2304,564,France,Male,34,1,65469.39,2,1,1,12181.47,0
2305,473,Germany,Male,35,10,95790.82,1,1,0,101941.11,1
2306,533,Germany,Male,18,1,0.0,2,1,1,190246.61,1
2307,587,France,Female,47,3,0.0,1,1,0,65173.95,1
2308,678,France,Male,42,8,152045.06,1,1,1,65571.63,0
2309,621,Spain,Female,31,10,0.0,1,1,1,106388.51,0
2310,636,Germany,Male,46,9,140721.21,2,1,1,18513.14,0
2311,747,France,Male,18,1,0.0,2,1,0,149204.6,0
2312,656,France,Male,55,2,0.0,1,1,1,36248.2,0
2313,520,France,Male,33,4,10494.35,2,0,0,76783.74,0
2314,640,Germany,Female,34,7,100442.45,2,0,1,181448.03,0
2315,456,Germany,Female,20,8,0.0,1,0,1,56208.63,1
2316,739,France,Female,40,3,112662.38,1,0,0,22226.8,0
2317,750,Germany,Male,31,4,159071.8,1,0,1,82963.45,0
2318,602,Germany,Male,45,5,0.0,2,0,1,197908.15,0
2319,728,France,Female,29,8,40082.87,1,1,1,29974.73,0
2320,604,Germany,Male,18,8,0.0,2,1,1,150168.43,0
2321,609,Germany,Female,32,9,98331.39,2,1,0,79318.13,0
2322,629,France,Male,32,9,144527.61,1,1,1,28005.49,0
2323,755,Germany,Male,25,10,0.0,2,0,0,78453.85,0
2324,653,Germany,Male,46,0,131847.72,1,1,1,155803.25,0
2325,569,Spain,Female,32,6,0.0,1,0,0,112129.74,0
2326,532,France,Male,26,2,0.0,1,1,1,15615.6,0
2327,585,France,Male,21,8,113758.84,1,1,0,101879.0,0
2328,554,France,Male,48,6,88740.85,2,1,0,102418.39,0
2329,781,Spain,Female,37,9,0.0,2,1,1,60254.63,0
2330,577,France,Male,40,5,174370.47,1,1,1,46476.81,1
2331,629,Germany,Male,29,6,48593.11,2,1,0,184067.64,0
2332,526,Germany,Female,48,1,0.0,2,1,0,128690.92,0
2333,652,France,Female,25,1,0.0,1,0,1,154196.24,0
2334,650,France,Male,65,3,0.0,1,1,1,45171.37,0
2335,689,Spain,Female,35,7,12948.15,1,1,0,62864.93,0
2336,691,France,Female,48,5,41923.64,2,1,1,177560.7,0
2337,618,Germany,Male,18,2,145234.87,1,1,1,17080.62,0
2338,572,France,Female,30,0,0.0,2,1,0,150122.39,1
2339,578,Germany,Female,22,3,0.0,2,0,0,86134.5,0
2340,429,Spain,Male,32,10,230971.68,1,0,0,25059.24,0
2341,718,France,Female,64,1,147778.41,2,1,0,104404.43,1
2342,635,France,Male,36,10,77863.96,2,0,0,164916.28,0
2343,612,Germany,Female,31,0,0.0,1,1,1,28573.82,1
2344,710,Germany,Male,21,5,70675.15,1,1,1,195374.98,0
2345,549,Spain,Male,30,0,0.0,1,0,1,127178.59,1
2346,610,Germany,Female,29,5,216108.34,1,1,1,73320.7,0
2347,812,Spain,Female,36,7,87906.58,1,1,0,124767.03,0
2348,566,Germany,Male,44,5,0.0,3,1,0,19904.33,0
2349,811,Spain,Male,47,7,140739.46,2,0,0,122796.93,0
2350,751,France,Male,42,7,40057.42,1,1,1,2950.39,0
2351,598,Spain,Female,27,8,0.0,2,1,0,30411.83,0
2352,638,France,Male,40,10,0.0,1,1,0,111461.11,0
2353,744,France,Female,42,6,165316.77,1,1,1,62843.08,0
2354,719,Spain,Male,26,7,0.0,2,1,1,89218.43,0
2355,621,Spain,Male,81,2,141458.18,1,1,1,127288.0,0
2356,802,France,Female,21,1,0.0,2,1,0,110606.31,1
2357,481,France,Female,22,2,0.0,2,0,1,189835.19,0
2358,709,France,Male,18,2,0.0,1,0,1,73880.7,0
2359,439,Spain,Female,44,3,101214.82,1,0,0,165956.93,0
2360,561,France,Female,28,9,0.0,2,1,0,95867.63,1
2361,671,Germany,Male,34,4,143204.97,1,1,1,191334.54,0
2362,574,Germany,Male,25,1,114359.75,1,1,0,182039.69,0
2363,714,Spain,Male,35,9,0.0,1,1,0,27409.49,1
2364,677,Germany,Female,18,5,233082.37,1,1,0,110357.76,0
2365,741,France,Female,23,7,0.0,1,1,1,102918.02,0
2366,475,France,Male,32,7,34784.88,1,1,1,152972.72,0
2367,712,Germany,Female,50,10,35842.24,2,1,1,156518.07,0
2368,522,France,Male,37,9,51590.24,1,1,1,144925.98,0
2369,685,Spain,Male,33,2,28561.02,1,0,1,131712.17,0
2370,735,France,Male,51,9,80407.41,1,1,0,140526.37,0
2371,789,Spain,Male,41,10,0.0,1,1,0,56077.2,0
2372,719,Spain,Female,18,6,0.0,2,1,1,17066.76,0
2373,542,Germany,Female,27,9,138769.75,2,1,1,142281.22,0
2374,727,Germany,Male,46,2,203860.25,2,1,1,183975.95,0
2375,811,France,Female,45,7,179385.46,2,1,1,194559.51,0
2376,517,Spain,Female,33,5,0.0,3,0,1,27235.72,0
2377,761,Germany,Female,27,5,136224.12,1,1,1,117205.89,0
2378,670,Germany,Female,37,3,119659.07,2,1,1,135155.22,0
2379,625,France,Male,18,10,0.0,1,1,1,161338.49,0
2380,771,France,Male,34,6,82645.65,1,1,1,194702.61,0
2381,636,Spain,Male,38,10,70049.62,1,0,0,159911.64,0
2382,658,France,Male,22,5,0.0,2,0,1,150604.14,0
2383,414,Spain,Female,43,3,41266.44,1,0,0,117430.39,0
2384,542,Germany,Female,32,9,106417.15,1,1,0,186802.67,1
2385,703,Spain,Male,48,5,163083.57,2,0,0,44097.45,0
2386,678,France,Female,35,5,0.0,2,0,0,80471.62,0
2387,603,Germany,Male,18,5,0.0,2,1,1,188749.51,0
2388,741,France,Female,36,4,0.0,2,1,0,44928.95,0
2389,691,France,Male,27,6,0.0,2,1,0,41.11,1
2390,624,France,Female,44,10,81859.71,1,0,1,30831.09,0
2391,693,France,Female,42,8,46463.29,2,1,1,187424.67,0
2392,589,Germany,Male,22,8,0.0,2,1,1,27940.73,1
2393,675,Germany,Male,30,4,118289.88,4,1,1,197851.25,1
2394,689,Germany,Female,46,2,0.0,1,1,1,198315.49,0
2395,526,Germany,Male,46,0,0.0,2,0,1,3033.54,0
2396,680,Germany,Female,28,7,112383.34,1,1,0,42423.75,0
2397,548,Spain,Male,36,8,29632.46,1,1,1,60397.59,0
2398,785,Spain,Male,23,0,0.0,1,1,0,11905.82,0
2399,643,France,Female,41,0,0.0,2,1,1,134766.63,1
2400,623,Germany,Female,19,1,149265.73,1,0,1,63722.65,0
2401,721,Germany,Male,36,2,122700.71,1,1,1,64003.01,0
2402,535,Germany,Female,18,0,7426.14,2,1,1,12877.33,0
2403,636,France,Male,43,5,0.0,2,1,1,86154.99,0
2404,652,Germany,Male,32,7,53962.49,2,1,0,69026.53,0
2405,671,France,Female,26,1,0.0,1,0,0,112539.42,0
2406,483,Germany,Male,36,4,0.0,2,0,0,88049.08,0
2407,457,Germany,Male,38,2,0.0,1,1,1,164293.75,0
2408,690,France,Female,29,6,0.0,2,0,1,101825.89,0
2409,633,Germany,Female,33,3,71373.62,2,1,1,90850.65,0
2410,848,France,Female,36,7,0.0,2,1,0,148955.92,0
2411,752,Germany,Female,37,8,0.0,2,1,1,56880.83,0
2412,671,Germany,Male,29,3,54066.75,2,1,0,153290.89,0
2413,484,France,Female,21,10,50719.26,1,1,0,139963.27,0
2414,519,Germany,Male,50,4,0.0,2,1,0,195188.84,0
2415,663,France,Female,39,2,133730.01,1,0,0,92198.34,0
2416,658,France,Female,36,6,0.0,1,1,1,24246.1,0
2417,645,France,Male,31,5,158915.77,3,1,1,32975.6,0
2418,589,France,Female,49,8,223486.94,2,0,0,174000.48,1
2419,599,France,Female,44,1,72861.89,1,0,1,141566.89,0
2420,643,France,Female,21,4,0.0,2,1,0,80743.1,0
2421,546,Spain,Male,29,8,55646.03,2,1,1,26376.15,0
2422,645,Spain,Male,18,7,0.0,2,1,1,35170.6,0
2423,466,France,Male,27,1,193119.55,1,1,0,64468.02,0
2424,538,Germany,Female,35,4,131614.28,2,1,1,163316.13,0
2425,663,France,Male,30,10,146431.99,1,0,1,143749.66,0
2426,651,Germany,Female,25,5,21843.93,3,0,0,79834.08,0
2427,652,Germany,Male,20,3,132718.37,1,1,1,7622.79,0
2428,472,France,Female,55,0,132147.68,1,0,1,153703.04,0
2429,657,France,Male,48,3,80800.87,4,1,1,102939.35,0
2430,568,Germany,Male,49,5,0.0,1,1,0,163098.12,0
2431,743,Spain,Female,21,8,0.0,1,1,0,32061.04,0
2432,598,France,Female,39,5,0.0,2,0,1,52266.03,0
2433,608,France,Female,41,3,0.0,1,1,1,81069.2,0
2434,600,Spain,Female,21,10,0.0,2,1,0,112308.61,0
2435,769,Spain,Male,23,0,206737.71,1,1,1,87629.05,0
2436,498,France,Male,41,2,0.0,2,0,0,97055.32,0
2437,672,France,Male,36,6,74884.54,2,0,0,83323.57,0
2438,648,Spain,Male,28,6,75353.61,2,1,0,97895.77,0
2439,681,France,Male,42,5,87143.79,2,1,0,50696.87,0
2440,508,France,Female,35,9,169317.03,2,1,0,109054.19,0
2441,528,Spain,Male,33,3,0.0,2,0,0,86351.01,0
2442,679,France,Female,24,10,0.0,2,1,1,11203.92,0
2443,671,Germany,Male,30,4,60210.07,1,1,1,162099.52,0
2444,756,France,Male,45,9,25855.51,1,1,1,151597.32,0
2445,587,France,Male,30,2,0.0,2,1,0,27410.46,0
2446,671,Spain,Male,48,6,106896.7,1,1,1,163841.63,0
2447,601,France,Male,40,7,0.0,2,1,0,133914.98,0
2448,705,Spain,Female,68,8,0.0,2,0,1,27846.27,0
2449,733,France,Male,40,1,116283.79,1,1,1,167443.9,0
2450,818,Germany,Female,25,7,106650.09,1,0,1,181867.22,1
2451,626,France,Female,33,3,39647.99,2,0,1,196615.89,0
2452,686,France,Male,29,4,206000.12,2,0,0,97891.19,0
2453,784,Germany,Male,28,6,83089.93,2,1,1,186451.49,0
2454,706,France,Male,18,6,139632.11,1,1,1,161284.63,0
2455,649,Spain,Male,40,0,0.0,1,1,1,80303.11,0
2456,673,Germany,Male,21,0,195988.75,3,0,1,124789.25,0
2457,674,Germany,Male,34,5,0.0,1,0,0,120530.06,0
2458,850,Germany,Male,50,3,137939.06,2,0,1,151410.33,0
2459,572,Germany,Male,56,5,81696.69,3,1,0,70529.77,0
2460,716,France,Male,30,9,7236.16,2,1,1,12184.52,0
2461,821,France,Male,36,9,94706.38,2,1,0,28242.13,0
2462,728,France,Female,31,9,0.0,2,1,0,156205.6,1
2463,705,Spain,Female,31,9,94642.96,1,1,0,61335.76,0
2464,730,France,Female,24,6,91644.64,1,1,1,146829.63,0
2465,718,France,Male,28,5,0.0,1,0,1,98890.08,0
2466,714,France,Male,32,0,200378.28,1,1,0,73608.92,0
2467,850,France,Male,44,10,123942.68,1,1,1,160006.29,0
2468,605,Spain,Male,18,10,104174.43,1,1,1,101181.91,0
2469,690,Germany,Female,26,1,92289.85,2,1,0,85634.2,0
2470,706,Germany,Male,32,0,0.0,1,1,0,64715.91,0
2471,609,France,Male,18,2,192878.51,2,1,0,42627.43,0
2472,814,France,Male,36,2,0.0,2,1,0,28888.61,0
2473,560,Spain,Male,30,2,70401.27,1,1,1,173246.96,0
2474,731,Spain,Male,37,8,81330.86,1,1,1,36635.48,0
2475,729,France,Male,20,9,91270.08,1,0,0,103573.76,0
2476,512,France,Female,32,10,0.0,2,1,0,163910.74,0
2477,585,Spain,Female,24,1,91057.45,1,1,0,182533.79,0
2478,587,France,Female,22,0,228385.21,1,0,0,192536.52,0
2479,658,France,Female,34,9,57816.85,1,1,0,49274.42,0
2480,641,Spain,Female,31,6,0.0,1,1,1,112648.56,0
2481,533,France,Male,24,2,133842.67,2,1,1,171130.07,0
2482,705,Germany,Male,56,6,110698.36,2,0,0,166602.46,1
2483,736,France,Female,55,1,182079.45,2,1,0,59471.38,1
2484,670,Germany,Male,31,10,115136.44,1,0,1,67258.01,0
2485,717,France,Female,37,9,220369.26,2,1,0,193757.11,0
2486,671,Germany,Male,34,10,0.0,1,1,0,193030.66,0
2487,546,France,Female,37,5,19761.87,1,0,0,196703.03,0
2488,712,Germany,Female,29,3,72805.92,1,1,1,141208.68,0
2489,825,Germany,Male,19,2,0.0,1,1,0,67740.98,0
2490,681,Germany,Male,54,6,79773.68,1,0,0,2893.61,0
2491,778,France,Male,42,6,0.0,2,1,1,151791.95,0
2492,738,France,Male,40,7,102183.96,2,1,1,77997.57,0
2493,540,France,Male,54,3,189459.38,2,1,1,180718.07,0
2494,690,France,Female,18,9,60192.54,2,1,0,76428.13,0
2495,627,France,Male,51,0,133320.79,2,1,1,170199.58,0
2496,536,France,Male,31,2,0.0,2,1,1,78784.87,0
2497,531,France,Male,42,9,0.0,1,1,1,182197.43,0
2498,497,Germany,Male,29,2,0.0,1,1,1,2089.16,0
2499,556,France,Female,66,2,152938.07,2,0,1,2754.22,0
2500,686,Germany,Male,32,3,0.0,1,0,1,199405.79,0
2501,811,Germany,Male,32,2,0.0,1,1,0,89867.0,1
2502,563,Germany,Male,34,4,90451.84,2,1,0,70752.97,0
2503,628,France,Male,25,8,55187.46,2,0,0,131249.38,0
2504,761,Germany,Female,43,7,118629.45,2,0,1,85149.64,0
2505,820,Spain,Male,18,10,0.0,2,0,1,146025.16,0
2506,726,France,Male,35,2,0.0,1,1,1,72724.37,0
2507,509,France,Male,42,9,0.0,2,1,1,188862.06,0
2508,649,France,Female,33,7,127651.56,1,0,1,135389.24,0
2509,636,France,Female,28,6,0.0,2,1,1,14270.63,0
2510,690,Germany,Female,32,8,195560.34,1,1,1,390.57,0
2511,563,France,Male,51,3,0.0,2,1,0,132110.75,0
2512,572,Germany,Male,30,10,158880.52,2,1,0,160891.53,0
2513,626,France,Female,24,5,209573.59,1,1,1,124217.17,0
2514,641,Germany,Male,37,4,0.0,1,0,1,82601.09,0
2515,538,Germany,Male,37,0,83105.42,1,1,0,122655.17,0
2516,659,Spain,Female,26,8,0.0,2,1,1,193745.45,0
2517,581,Germany,Male,34,8,142995.22,2,0,1,83456.59,0
2518,823,France,Male,53,3,136134.59,2,1,0,4790.02,0
2519,691,Spain,Female,18,6,89690.18,2,1,0,3872.79,0
2520,545,France,Male,31,6,147932.65,2,0,1,157984.7,0
2521,350,France,Male,47,3,154356.92,1,0,0,129122.74,0
2522,709,Germany,Male,52,1,0.0,2,1,0,32676.34,0
2523,610,France,Male,68,2,0.0,2,0,0,74376.8,0
2524,652,Spain,Male,38,9,0.0,1,1,0,131512.35,0
2525,540,Spain,Female,32,5,46048.69,1,1,1,163411.86,0
2526,558,France,Male,18,9,163715.83,1,1,0,44914.18,1
2527,644,France,Female,34,7,63386.77,2,1,0,152516.34,1
2528,760,France,Female,29,7,0.0,2,1,1,29674.76,0
2529,689,France,Female,44,3,68084.02,1,0,0,3755.12,0
2530,597,Spain,Male,39,5,56925.47,1,0,0,61605.49,1
2531,524,France,Male,42,10,208545.47,1,0,1,57437.03,0
2532,612,Spain,Female,28,6,138396.48,2,1,1,156333.6,0
2533,591,France,Male,23,7,176471.78,2,1,0,118742.78,0
2534,680,France,Female,27,6,0.0,1,1,1,102026.58,1
2535,557,Spain,Female,35,4,118063.36,2,0,0,49529.33,0
2536,532,Germany,Female,43,5,0.0,1,1,1,30778.56,1
2537,628,Germany,Female,29,4,176663.35,1,1,1,117152.95,0
2538,414,Germany,Female,62,3,129072.49,4,1,1,47442.06,0
2539,786,Spain,Male,50,0,141311.84,2,0,1,160724.78,0
2540,663,France,Male,26,2,175058.65,1,1,1,49626.35,1
2541,587,Germany,Male,71,7,36194.01,1,1,1,193470.05,0
2542,670,Germany,Female,48,8,77223.64,2,1,0,92324.29,0
2543,723,Germany,Female,30,6,119631.2,2,0,1,120611.46,0
2544,669,Germany,Female,28,10,129617.12,2,1,1,56789.89,0
2545,645,Germany,Male,28,2,0.0,2,0,0,74412.97,0
2546,792,France,Male,52,1,0.0,1,1,1,157787.03,0
2547,546,France,Male,22,9,0.0,1,1,1,178835.54,0
2548,757,Germany,Female,44,0,145020.54,2,1,0,175823.55,0
2549,666,France,Male,20,4,115409.48,1,1,0,178361.81,1
2550,585,Spain,Male,25,2,0.0,1,1,0,59526.11,0
2551,554,France,Male,19,10,137963.7,2,1,0,136378.03,0
2552,708,Spain,Male,21,3,0.0,1,0,1,63647.44,0
2553,822,Germany,Female,37,1,0.0,2,1,0,40942.73,0
2554,682,Germany,Female,48,3,0.0,1,1,1,46889.77,0
2555,714,Spain,Male,51,2,144862.62,1,1,1,176231.41,0
2556,729,Spain,Male,38,7,0.0,1,1,0,108178.65,0
2557,601,Germany,Male,20,4,0.0,2,0,0,80046.42,0
2558,622,Germany,Male,38,0,0.0,2,0,1,155650.82,0
2559,850,France,Female,28,2,0.0,1,0,1,102504.14,0
2560,671,France,Male,28,8,28220.2,1,1,0,36282.29,0
2561,642,France,Female,37,8,26957.51,2,0,1,198324.69,0
2562,496,Spain,Male,31,5,119459.55,2,0,1,55076.39,0
2563,538,France,Female,39,3,133025.5,1,1,0,70990.72,0
2564,765,Spain,Male,59,5,38693.64,1,1,1,168871.74,0
2565,780,France,Male,18,9,20127.43,1,0,0,74036.72,0
2566,595,Germany,Male,44,0,46631.12,2,1,0,145240.0,0
2567,548,Spain,Male,18,0,101141.74,2,1,1,56605.2,0
2568,637,France,Male,35,2,148055.67,2,0,1,151401.47,0
2569,582,France,Female,28,8,0.0,2,0,0,9707.49,0
2570,607,Germany,Male,29,2,168370.99,2,0,0,108709.78,0
2571,651,France,Female,52,7,73878.12,2,1,0,51518.4,0
2572,699,France,Male,53,1,82167.69,2,1,0,33807.23,0
2573,616,Spain,Male,52,4,176328.2,1,1,1,98536.65,0
2574,481,France,Male,35,9,0.0,2,1,1,181750.27,0
2575,537,France,Male,45,6,22589.28,2,1,1,3587.91,0
2576,716,France,Male,45,8,77839.75,1,0,1,157972.29,0
2577,850,France,Male,22,1,0.0,2,1,0,22305.97,0
2578,502,France,Female,35,9,167516.79,1,1,0,86780.71,0
2579,461,France,Female,29,3,119850.14,1,0,0,141135.57,0
2580,676,Germany,Male,41,8,159379.26,1,0,1,195481.25,0
2581,659,Germany,Female,47,2,20854.39,1,1,1,168299.84,0
2582,707,France,Female,25,8,176429.33,2,1,1,162086.29,0
2583,616,Spain,Male,24,0,0.0,1,1,1,53412.56,0
2584,606,France,Male,26,4,68915.54,2,1,0,133040.53,0
2585,802,France,Female,41,0,88022.19,1,1,1,163100.65,0
2586,581,France,Male,63,1,67235.97,1,1,0,165110.06,0
2587,702,Spain,Male,35,9,74339.81,1,1,0,166534.1,1
2588,757,France,Female,41,4,153581.86,1,0,0,110743.42,0
2589,699,France,Female,29,6,0.0,1,1,1,179733.23,0
2590,632,Spain,Male,25,3,0.0,2,1,1,155127.37,0
2591,691,France,Male,33,9,0.0,1,0,0,95899.95,0
2592,661,Germany,Male,42,0,97679.18,2,1,1,61968.2,0
2593,643,France,Male,44,2,76233.6,2,1,0,194612.47,0
2594,503,France,Female,18,10,94834.61,1,1,1,96296.39,0
2595,849,France,Male,29,9,0.0,1,1,1,163773.59,0
2596,639,Germany,Male,18,8,88603.35,1,0,0,32270.37,0
2597,792,France,Male,29,7,170800.5,1,1,0,194567.04,0
2598,556,Spain,Female,31,4,71433.76,1,1,0,196019.5,1
2599,552,France,Male,35,6,121804.14,2,1,1,178230.76,0
2600,617,France,Female,58,5,0.0,1,1,1,152141.23,1
2601,723,France,Male,20,1,0.0,1,1,1,199775.98,0
2602,638,Spain,Female,50,4,67562.02,2,1,0,29290.93,0
2603,527,France,Male,79,8,191476.19,1,1,1,123191.36,1
2604,850,Spain,Male,69,1,134778.26,1,1,1,135316.9,1
2605,545,Germany,Male,52,1,241920.49,1,0,0,74226.46,0
2606,529,Spain,Female,53,0,173144.31,1,1,0,137554.3,1
2607,790,Germany,Male,33,0,0.0,1,1,1,70796.41,0
2608,598,France,Male,20,6,96933.84,2,0,1,190476.12,0
2609,540,France,Female,24,4,0.0,2,1,1,66454.62,0
2610,717,Germany,Male,34,1,74018.16,2,1,1,81998.3,0
2611,801,France,Male,48,6,65151.01,1,1,1,6543.54,0
2612,680,France,Female,54,9,40556.71,2,1,0,187629.81,0
2613,747,France,Female,66,3,99492.19,2,1,1,125882.17,0
2614,649,Spain,Male,33,9,75316.26,2,0,0,81246.54,0
2615,746,Spain,Female,69,4,0.0,2,1,0,41515.33,0
2616,653,France,Male,25,3,206122.9,1,1,1,50787.18,0
2617,550,Spain,Male,37,1,135595.64,1,0,0,89803.96,0
2618,644,France,Female,30,1,102215.6,2,0,0,63953.53,0
2619,573,Germany,Male,28,4,101791.1,1,0,0,71826.36,0
2620,686,Germany,Female,34,6,76960.27,1,1,0,191862.77,1
2621,774,Germany,Female,39,10,165083.85,3,0,0,174738.87,1
2622,562,France,Male,43,9,66616.96,2,1,1,1630.58,0
2623,396,France,Female,50,6,127063.06,1,0,1,78317.33,1
2624,543,France,Female,33,9,68395.78,1,0,0,34675.09,1
2625,543,France,Male,39,10,245446.45,1,1,1,109574.27,1
2626,773,Spain,Male,30,5,0.0,2,0,0,98053.63,0
2627,601,France,Male,70,9,86428.08,1,1,1,18531.6,0
2628,650,France,Male,39,7,0.0,1,1,0,181844.05,1
2629,672,Germany,Female,18,0,168855.85,2,1,1,94690.33,0
2630,706,Germany,Male,53,7,153132.48,2,0,1,113713.53,0
2631,693,Germany,Female,41,3,65409.54,2,1,0,150843.73,0
2632,599,France,Male,31,4,0.0,1,0,1,175990.12,0
2633,746,Germany,Male,38,2,59915.06,1,0,0,188399.19,1
2634,683,Germany,Male,35,2,0.0,2,1,1,62420.04,0
2635,712,Spain,Male,50,10,119680.26,1,1,1,133114.6,1
2636,850,Germany,Male,43,4,0.0,1,1,1,156364.42,0
2637,765,Germany,Female,71,7,58320.27,2,1,1,25187.02,0
2638,624,France,Male,59,7,0.0,2,1,1,96080.61,0
2639,791,Spain,Female,36,1,12126.24,2,0,1,28181.58,0
2640,436,France,Female,43,7,0.0,1,0,0,139476.44,0
2641,625,Spain,Male,21,8,89748.93,1,0,1,87969.74,0
2642,721,France,Male,42,2,0.0,1,1,1,171374.77,0
2643,713,France,Male,49,7,68945.83,1,0,0,109968.11,0
2644,595,Spain,Female,34,9,0.0,1,1,1,11441.75,0
2645,678,France,Male,37,7,82278.76,1,1,1,47048.61,0
2646,488,Germany,Female,33,0,0.0,1,1,0,121535.97,1
2647,480,Spain,Male,41,0,0.0,1,1,0,52805.57,0
2648,662,Germany,Male,37,6,245389.22,4,1,1,83673.16,0
2649,769,France,Female,32,1,0.0,2,1,1,156854.72,0
2650,599,France,Male,44,5,0.0,1,1,1,129686.82,0
2651,816,France,Male,37,7,146951.59,1,0,1,29058.66,0
2652,747,Spain,Male,23,1,0.0,2,0,1,78483.55,0
2653,485,Germany,Female,28,8,142190.93,2,1,1,161623.07,0
2654,584,Germany,Male,32,4,111215.84,2,0,0,176226.42,0
2655,660,France,Male,53,2,230692.82,2,1,0,195309.82,0
2656,636,France,Male,42,8,204335.78,1,0,1,94540.69,0
2657,540,France,Male,29,10,25971.97,2,1,1,147005.55,0
2658,690,Spain,Male,21,8,0.0,1,1,1,76761.21,0
2659,850,Germany,Female,46,1,0.0,1,1,1,115678.82,0
2660,488,France,Male,30,1,38833.23,2,1,0,18999.93,0
2661,591,Germany,Male,23,8,128066.39,1,0,0,186345.67,0
2662,813,France,Male,41,1,112089.41,1,1,0,193627.26,0
2663,521,Germany,Female,32,10,111129.37,2,0,0,84860.49,0
2664,804,France,Female,18,6,0.0,2,0,1,135738.09,0
2665,604,Spain,Female,53,8,83815.87,1,1,0,181392.22,0
2666,623,Germany,Female,75,7,110434.69,1,0,0,155356.29,0
2667,674,France,Male,45,9,79272.91,2,1,1,133016.05,0
2668,749,Spain,Female,46,2,166082.06,2,1,1,3974.73,0
2669,634,Germany,Female,53,9,0.0,2,1,1,18483.39,0
2670,717,Germany,Male,53,10,114641.48,2,1,1,183187.17,0
2671,561,France,Female,61,4,113823.41,1,0,0,36096.54,0
2672,449,France,Male,36,0,148223.99,2,1,0,180550.44,0
2673,809,Germany,Male,39,4,129123.42,2,1,1,192913.23,0
2674,697,Germany,Female,29,0,0.0,2,1,0,98574.85,0
2675,729,France,Male,34,7,137983.77,1,1,0,15720.26,0
2676,848,Spain,Female,53,6,0.0,1,0,0,115539.74,0
2677,517,France,Male,21,10,0.0,2,0,0,90568.32,0
2678,505,Germany,Male,28,3,0.0,1,1,0,159435.18,0
2679,771,Spain,Male,53,4,0.0,4,0,0,41399.11,1
2680,747,Germany,Male,40,1,103780.37,2,1,1,5034.16,0
2681,539,France,Female,48,10,0.0,2,0,0,139694.24,0
2682,704,Germany,Female,18,4,0.0,1,0,1,104622.93,0
2683,558,Germany,Male,62,9,0.0,1,1,1,54811.14,0
2684,744,France,Male,40,9,0.0,2,1,1,146965.57,0
2685,800,France,Male,39,8,145749.23,2,1,0,23230.6,0
2686,662,Spain,Male,36,6,78024.1,2,1,1,23448.16,0
2687,401,Germany,Female,20,9,0.0,1,0,0,98798.5,1
2688,617,Spain,Female,19,0,137604.05,2,1,0,82345.31,0
2689,711,France,Male,22,5,79234.25,1,1,1,4348.08,0
2690,593,France,Female,42,9,0.0,2,0,1,62453.1,0
2691,703,France,Male,46,0,0.0,1,1,1,117463.71,0
2692,670,France,Female,56,5,0.0,1,0,1,52609.44,1
2693,719,Spain,Male,61,3,33600.82,3,1,0,103838.43,0
2694,706,France,Male,35,1,118902.74,2,0,1,114600.69,0
2695,715,Spain,Female,35,8,76003.35,1,0,1,148648.02,0
2696,829,Germany,Female,42,9,138247.46,2,1,0,70309.46,1
2697,735,France,Female,18,10,51282.37,2,0,1,187546.89,0
2698,610,France,Male,45,1,0.0,2,1,0,139570.57,0
2699,817,Germany,Female,43,10,101100.89,2,1,0,20379.3,0
2700,590,Germany,Male,35,3,0.0,2,1,1,186036.53,0
2701,558,France,Female,40,3,0.0,1,1,0,46692.32,0
2702,634,France,Female,34,2,110356.68,2,1,1,94667.38,0
2703,632,Spain,Male,35,7,213615.58,1,1,1,8003.06,0
2704,612,France,Male,39,4,0.0,1,1,0,113122.42,0
2705,808,France,Male,36,9,128259.01,2,1,1,10464.64,0
2706,701,France,Male,26,9,115147.77,1,1,0,168082.55,0
2707,700,France,Female,29,0,45554.78,1,1,0,134894.59,1
2708,662,Germany,Female,35,2,176073.83,2,0,1,55161.71,0
2709,602,France,Male,22,7,123400.58,1,1,1,57238.31,0
2710,709,France,Male,34,4,0.0,2,1,0,194126.5,0
2711,587,Germany,Female,34,5,66580.8,2,0,1,169870.68,0
2712,720,France,Male,18,5,37058.22,1,1,1,117252.91,0
2713,634,France,Male,38,10,0.0,2,1,1,192989.65,0
2714,714,Spain,Male,47,6,160964.64,1,1,1,79352.61,0
2715,777,France,Male,40,4,4062.08,2,1,1,57842.1,0
2716,715,Spain,Female,27,5,0.0,1,0,0,48207.35,0
2717,655,Spain,Male,61,4,163005.96,3,1,0,54634.93,0
2718,580,France,Male,38,8,181228.88,1,1,1,141492.42,0
2719,741,France,Male,33,6,201384.14,1,1,0,60362.56,0
2720,600,France,Male,44,10,80967.46,2,1,1,15457.59,0
2721,671,Germany,Female,18,3,0.0,2,1,0,57696.3,1
2722,498,France,Male,23,0,89666.45,1,1,1,13679.19,0
2723,566,France,Female,54,5,200010.94,1,1,0,24895.96,0
2724,582,Germany,Female,38,0,107438.18,3,0,1,170332.6,1
2725,420,France,Male,18,7,171090.47,2,0,1,56009.16,0
2726,571,Spain,Female,48,0,0.0,2,1,0,176535.73,1
2727,701,France,Male,38,1,144412.42,1,1,1,66507.68,0
2728,576,Germany,Male,19,5,164380.08,2,0,1,66248.5,0
2729,850,France,Female,19,5,127465.77,2,1,1,100881.43,0
2730,672,France,Male,35,10,7856.59,2,1,1,186422.35,0
2731,604,Germany,Male,40,5,78990.77,1,1,1,91298.54,0
2732,550,France,Female,35,6,140456.09,1,1,1,41343.15,0
2733,792,France,Female,28,7,101448.18,1,0,1,155003.16,0
2734,647,Spain,Female,27,5,93090.49,1,0,0,54785.97,0
2735,617,France,Male,36,8,0.0,1,0,0,57946.06,0
2736,641,France,Female,39,9,0.0,2,1,1,119539.97,0
2737,537,France,Female,56,3,0.0,2,1,1,41522.94,0
2738,541,France,Male,33,9,0.0,4,1,0,19644.23,0
2739,553,France,Female,28,9,211308.68,2,0,1,87164.59,0
2740,488,France,Male,39,0,0.0,1,1,1,40247.53,0
2741,554,France,Female,18,6,178105.48,2,0,1,150095.48,0
2742,741,Spain,Male,19,7,177718.37,1,1,1,149101.72,0
2743,713,France,Female,30,5,2301.89,2,1,0,19496.35,0
2744,538,Germany,Male,52,5,0.0,2,1,0,192779.84,1
2745,680,France,Female,27,2,76315.63,2,0,0,179420.84,0
2746,654,Germany,Male,38,10,196009.89,1,0,1,68246.38,0
2747,733,France,Male,19,10,0.0,2,1,0,192006.58,0
2748,694,Germany,Male,31,4,0.0,1,1,0,82973.14,1
2749,642,Germany,Male,46,10,0.0,2,1,1,175167.17,0
2750,629,Germany,Male,73,4,86301.18,2,1,0,81666.73,1
2751,603,France,Female,24,1,90501.74,1,1,1,60244.59,0
2752,610,France,Female,40,6,47165.95,2,1,0,8327.53,0
2753,751,France,Male,25,6,0.0,2,0,0,98410.61,0
2754,661,France,Female,38,0,49047.24,1,1,1,105820.22,0
2755,850,Spain,Male,18,4,0.0,2,1,1,23695.35,0
2756,749,France,Male,44,4,120962.6,1,1,0,113336.32,0
2757,478,France,Male,36,1,60095.53,2,1,1,102367.24,0
2758,677,Germany,Male,43,10,68028.02,2,1,0,6584.02,1
2759,792,France,Male,18,1,73737.54,2,1,1,46922.12,0
2760,593,France,Female,56,10,154882.66,1,1,1,48446.68,0
2761,408,France,Male,23,6,155079.51,1,1,1,133463.14,0
2762,560,France,Male,35,0,100018.56,1,0,1,192980.47,0
2763,548,Spain,Male,18,2,22504.76,1,1,1,76323.85,0
2764,516,Spain,Male,44,6,97868.13,3,0,0,131513.09,1
2765,607,Germany,Female,45,1,113547.47,2,1,0,54067.09,1
2766,702,France,Male,28,3,0.0,1,1,1,97464.56,0
2767,739,Germany,Female,25,10,47741.29,2,1,1,59556.88,0
2768,513,Germany,Female,52,1,9536.77,1,1,0,118188.71,0
2769,706,France,Male,28,8,197181.47,2,1,1,58250.21,0
2770,810,France,Female,28,4,0.0,2,1,0,102478.76,0
2771,350,France,Female,44,2,88566.6,1,1,1,194418.91,0
2772,582,Germany,Male,22,3,167050.14,2,1,0,17122.26,0
2773,490,France,Female,51,10,0.0,1,0,0,86843.22,0
2774,564,Germany,Female,26,10,113108.86,1,1,0,152459.86,0
2775,696,France,Male,35,3,149673.47,1,1,0,121556.19,0
2776,560,France,Male,43,0,75537.37,1,0,0,177992.28,0
2777,579,France,Female,35,10,85495.63,1,1,0,60292.21,0
2778,709,France,Female,52,7,0.0,1,1,1,86374.69,1
2779,496,France,Male,49,0,87020.13,1,1,0,65336.44,0
2780,623,France,Male,23,2,136583.54,2,1,1,187607.53,0
2781,514,Spain,Female,48,8,0.0,1,1,0,82534.42,1
2782,701,France,Male,41,5,0.0,2,0,0,106220.2,0
2783,718,France,Male,56,0,0.0,1,0,0,85931.82,0
2784,762,Germany,Male,28,8,89040.52,2,1,1,83990.62,0
2785,666,France,Female,30,4,0.0,1,0,0,12678.52,0
2786,734,France,Female,42,0,97977.89,1,1,0,115961.83,0
2787,569,France,Female,28,0,109738.82,1,1,1,188344.33,0
2788,593,France,Female,18,8,114262.79,1,1,0,134185.76,0
2789,674,France,Female,33,2,211087.58,2,0,1,86586.81,0
2790,762,France,Female,35,5,0.0,2,1,0,87225.1,0
2791,729,France,Female,18,6,162887.03,1,1,1,161633.02,0
2792,768,Germany,Male,40,6,163780.19,1,1,0,58292.86,1
2793,558,France,Male,34,9,0.0,1,1,1,97740.77,0
2794,657,Spain,Female,48,1,139217.53,2,1,1,134303.4,0
2795,619,Germany,Male,22,6,0.0,2,1,0,158357.71,0
2796,603,France,Male,46,6,36457.47,2,1,0,34722.44,0
2797,747,France,Female,19,5,0.0,2,1,1,99551.66,0
2798,736,France,Female,34,6,109536.8,2,1,1,12135.81,0
2799,439,France,Female,36,8,95978.54,2,0,0,20940.66,0
2800,749,Spain,Female,28,1,0.0,1,0,0,119300.94,0
2801,627,France,Female,36,6,0.0,1,1,0,80067.61,1
2802,734,France,Male,43,9,90382.26,1,1,0,193444.84,0
2803,631,Germany,Female,23,1,172264.95,3,1,0,79871.34,0
2804,732,France,Male,28,10,134428.72,1,1,1,169584.72,0
2805,819,Germany,Female,32,5,173600.63,1,1,1,42452.58,0
2806,813,France,Male,28,0,0.0,1,0,1,110787.32,0
2807,565,Germany,Male,29,5,86251.2,1,1,0,193188.94,0
2808,567,Germany,Male,42,0,87845.84,2,0,1,193302.37,0
2809,584,France,Female,55,10,0.0,1,1,1,193173.44,0
2810,603,Spain,Female,31,6,89167.43,1,0,0,33387.15,0
2811,681,France,Male,21,2,157850.28,1,1,0,131302.93,1
2812,780,France,Female,18,3,0.0,2,0,1,155891.52,0
2813,645,Spain,Male,24,10,96244.63,1,1,0,109632.84,0
2814,574,France,Female,52,7,0.0,2,1,0,53624.3,0
2815,516,France,Female,26,4,54809.48,2,1,1,123693.54,0
2816,711,France,Female,42,5,141662.72,1,1,1,99917.08,0
2817,510,Spain,Female,38,8,57175.53,1,0,0,21769.29,0
2818,650,France,Male,20,1,123439.47,1,1,1,196966.0,0
2819,550,Germany,Female,18,4,106705.42,1,0,1,191755.57,0
2820,557,Germany,Male,33,10,0.0,1,1,1,139156.71,0
2821,773,Germany,Male,31,8,0.0,3,1,1,20037.51,0
2822,746,Spain,Female,61,1,73767.8,2,1,0,194241.07,1
2823,725,France,Male,33,5,126053.69,2,1,1,116543.59,0
2824,687,France,Female,18,1,98584.64,1,1,0,57709.3,0
2825,653,Spain,Female,41,1,161815.02,4,1,1,18522.74,0
2826,613,Spain,Male,43,10,0.0,1,1,0,69993.16,0
2827,674,Spain,Female,27,5,98064.84,1,1,1,126657.45,0
2828,677,France,Female,30,7,202365.24,1,1,0,165888.88,0
2829,850,Germany,Male,49,9,125373.65,2,0,0,93743.44,0
2830,730,Spain,Female,51,8,43999.67,4,1,1,1612.82,0
2831,578,France,Female,36,3,0.0,1,1,1,93582.41,0
2832,636,Germany,Male,32,4,181925.16,1,1,1,79028.64,1
2833,717,Spain,Male,24,0,0.0,2,1,0,199336.8,0
2834,821,Spain,Female,26,1,0.0,2,0,0,148945.18,1
2835,714,France,Male,32,1,0.0,1,1,0,5165.66,0
2836,721,Spain,Male,48,10,31842.11,1,0,0,92946.48,0
2837,717,France,Male,45,0,124443.88,2,0,1,197264.63,0
2838,772,Germany,Female,28,1,0.0,2,1,0,11866.85,0
2839,789,Spain,Male,32,4,0.0,1,1,1,142907.6,0
2840,690,France,Male,31,3,195136.75,2,0,0,65844.43,0
2841,600,France,Female,21,6,0.0,1,1,0,192455.95,1
2842,745,France,Male,43,0,30318.6,1,1,0,151636.16,0
2843,569,France,Female,26,1,21593.74,1,1,0,22451.55,0
2844,599,France,Female,39,8,0.0,2,1,0,177119.77,0
2845,567,Spain,Male,40,10,0.0,1,1,1,120088.36,0
2846,628,Germany,Male,26,5,0.0,1,1,0,136209.58,0
2847,570,France,Male,30,6,103849.39,2,0,0,144161.6,0
2848,631,Germany,Male,26,8,66809.75,2,1,0,84863.12,1
2849,628,France,Female,32,7,0.0,1,0,0,189547.41,0
2850,775,Spain,Male,38,4,0.0,1,1,0,101115.91,1
2851,850,Spain,Male,37,0,0.0,1,1,0,117267.66,1
2852,689,France,Female,28,1,0.0,2,1,0,179223.32,1
2853,596,France,Male,23,9,0.0,2,1,0,54204.94,1
2854,634,Germany,Female,34,0,124354.25,2,1,1,63191.13,0
2855,699,Spain,Female,31,3,143102.55,2,1,0,11942.51,0
2856,641,France,Male,21,2,250000.0,2,1,0,7534.34,0
2857,725,Spain,Male,43,10,0.0,1,1,1,43763.8,0
2858,689,France,Male,43,9,52489.69,2,1,0,151616.61,0
2859,484,Spain,Male,36,1,0.0,2,1,1,17480.15,0
2860,632,France,Female,49,8,130898.65,2,1,0,173311.02,0
2861,727,France,Female,40,10,161372.98,1,1,0,148540.93,0
2862,751,France,Female,56,8,47070.46,1,0,1,94514.19,0
2863,591,Spain,Male,60,5,121177.76,2,0,1,63196.08,1
2864,350,Germany,Male,49,7,0.0,2,1,1,10088.03,0
2865,761,Spain,Male,58,8,145980.46,2,1,1,112232.8,0
2866,574,Germany,Male,31,4,85479.96,1,1,0,115873.86,0
2867,593,France,Male,24,5,80408.79,1,0,0,101602.11,0
2868,841,France,Male,25,7,0.0,1,1,0,77610.36,1
2869,807,France,Female,34,0,157071.59,1,0,1,30412.73,0
2870,672,Spain,Female,42,7,0.0,2,1,1,138053.64,0
2871,582,France,Male,32,4,145739.58,2,0,1,116493.81,0
2872,471,Germany,Female,27,10,0.0,1,1,0,112063.66,0
2873,556,Germany,Male,28,9,0.0,1,0,0,144277.69,0
2874,689,Germany,Female,31,3,0.0,1,0,0,111023.64,0
2875,631,Germany,Male,31,0,54483.14,1,1,0,24400.02,1
2876,776,France,Male,43,4,0.0,2,1,0,100649.03,0
2877,787,Spain,Male,34,3,136699.65,1,1,0,152184.59,0
2878,568,Germany,Female,31,8,74160.96,2,1,1,97137.63,0
2879,806,Spain,Male,37,8,156864.73,2,1,1,32846.91,0
2880,602,France,Male,27,6,0.0,1,1,1,199977.96,0
2881,588,France,Male,35,9,0.0,2,1,0,12825.62,0
2882,590,France,Female,35,1,104357.24,4,1,0,129627.78,0
2883,521,France,Female,42,4,157131.61,1,1,1,143897.12,1
2884,481,France,Female,29,8,0.0,1,1,0,7317.0,0
2885,649,Spain,Male,37,7,88480.49,1,1,0,51925.19,0
2886,668,Spain,Male,39,5,0.0,2,1,0,35480.05,0
2887,660,France,Female,26,10,0.0,2,1,1,184040.44,0
2888,575,France,Female,20,3,162783.91,2,0,0,72001.36,0
2889,740,France,Male,46,9,87459.95,2,1,0,104609.77,0
2890,681,Spain,Male,19,10,0.0,2,1,0,7716.3,0
2891,703,France,Male,24,0,176202.24,2,0,0,110403.3,0
2892,757,Germany,Male,18,2,90667.82,1,1,0,7875.55,1
2893,707,Germany,Male,37,5,0.0,1,1,0,71991.41,0
2894,729,Germany,Female,34,7,107599.49,1,1,1,12397.03,0
2895,739,France,Male,58,4,40043.54,1,1,1,10082.61,1
2896,526,Spain,Female,31,10,0.0,1,1,1,76048.19,0
2897,573,Germany,Male,79,1,0.0,1,1,0,74529.82,1
2898,436,Germany,Female,31,4,123978.67,1,1,0,183083.05,0
2899,601,Germany,Male,18,10,71801.1,1,1,0,26827.19,0
2900,751,Spain,Male,44,0,225445.13,1,1,0,182852.09,0
2901,633,Spain,Female,40,2,41107.78,2,1,0,30417.52,0
2902,709,Germany,Female,25,1,147656.14,1,1,0,41792.02,0
2903,648,Spain,Female,20,4,150548.4,2,1,0,119261.9,0
2904,684,Spain,Male,31,5,144924.58,1,1,0,26022.84,0
2905,556,France,Male,38,10,63040.55,1,1,1,144325.13,0
2906,709,Spain,Male,38,5,72739.42,4,0,1,134921.19,1
2907,765,Germany,Male,39,10,71033.01,2,1,1,144210.45,0
2908,659,France,Female,25,8,65922.69,2,1,1,74382.56,0
2909,567,France,Male,53,5,85658.22,1,1,1,34899.06,1
2910,654,Spain,Female,32,6,145291.89,1,0,1,2462.3,0
2911,618,Spain,Female,33,7,63688.71,2,0,1,24153.44,0
2912,697,Spain,Female,30,2,179954.34,2,1,1,50052.13,0
2913,649,France,Female,25,9,105152.46,4,0,1,197731.28,1
2914,732,Germany,Male,40,6,67982.08,2,1,1,67015.69,0
2915,850,France,Male,28,0,0.0,2,1,0,173350.51,0
2916,605,Germany,Male,18,8,60402.77,1,1,1,137057.41,1
2917,563,France,Female,30,4,86414.42,2,1,1,103868.21,0
2918,730,France,Male,29,6,0.0,1,1,0,186690.98,0
2919,756,France,Female,56,7,0.0,1,1,1,109144.5,0
2920,720,France,Female,46,2,0.0,1,0,0,128904.85,0
2921,818,Germany,Male,20,6,74740.48,1,1,0,173764.03,0
2922,695,France,Male,21,2,214165.12,2,1,0,101160.02,1
2923,589,Germany,Female,35,8,112363.44,2,1,0,52583.34,1
2924,616,France,Female,26,9,134583.13,4,1,0,56327.4,1
2925,599,Germany,Male,45,8,45927.35,2,1,1,40881.77,0
2926,696,France,Male,38,4,0.0,1,1,0,65300.9,0
2927,613,France,Male,56,7,100002.67,1,1,1,66853.39,0
2928,576,Spain,Male,24,7,0.0,1,1,0,96437.41,0
2929,691,Spain,Male,27,4,0.0,1,1,0,40849.28,0
2930,748,France,Male,30,7,88361.51,2,1,1,199677.03,1
2931,834,Germany,Female,30,10,0.0,1,1,1,179918.86,0
2932,791,Spain,Male,30,1,59005.08,2,0,1,36559.38,0
2933,660,France,Female,44,9,10426.43,2,1,0,9068.46,0
2934,850,Germany,Male,47,0,18410.62,1,0,1,160250.0,0
2935,553,France,Male,35,6,0.0,1,1,0,116328.8,0
2936,607,France,Female,44,0,0.0,1,1,1,83587.45,0
2937,551,Germany,Male,18,10,114490.97,2,1,1,104068.41,0
2938,817,France,Female,19,6,48726.16,1,1,0,169151.05,0
2939,796,France,Female,34,1,193262.65,1,1,0,79383.21,0
2940,673,Germany,Female,39,10,114787.79,2,1,1,184216.34,0
2941,616,Germany,Male,34,2,0.0,2,1,0,198720.75,1
2942,678,France,Female,27,8,141646.01,2,1,1,111891.05,0
2943,618,France,Male,29,1,111827.2,2,1,1,54443.22,0
2944,508,Spain,Male,38,3,48849.98,1,0,1,143628.37,0
2945,622,France,Female,33,5,68613.14,2,1,1,141941.49,0
2946,797,Germany,Female,22,0,35859.4,1,1,1,63702.87,0
2947,708,France,Female,21,1,52254.68,1,0,0,145963.26,0
2948,695,Germany,Male,47,4,166340.74,1,1,1,181889.34,0
2949,620,Spain,Female,56,6,23908.58,1,0,0,174439.19,0
2950,715,Spain,Male,43,9,0.0,1,1,0,25900.57,0
2951,564,France,Female,28,3,16853.18,2,1,0,93534.0,0
2952,648,Germany,Male,36,4,54030.05,2,1,0,87819.22,0
2953,641,France,Male,67,1,0.0,1,0,0,56622.0,0
2954,468,France,Male,30,4,105188.7,2,1,1,190364.9,0
2955,717,Spain,Female,18,8,165894.98,2,1,0,101938.91,0
2956,636,Germany,Female,39,7,0.0,2,0,0,748.42,1
2957,620,France,Male,25,7,90350.02,2,0,1,159989.25,0
2958,747,Germany,Male,43,4,0.0,2,0,0,84780.16,0
2959,587,France,Female,36,7,0.0,1,0,1,84722.71,1
2960,600,Spain,Female,47,5,0.0,1,1,1,173215.95,0
2961,790,Germany,Female,31,4,79548.89,1,1,0,21130.81,1
2962,599,Spain,Female,39,1,101102.12,1,1,0,64307.83,0
2963,639,Spain,Male,34,8,110409.15,1,1,1,32882.76,0
2964,679,Spain,Male,50,2,0.0,1,1,0,76579.4,0
2965,518,Spain,Female,67,4,67318.6,1,1,0,87754.29,0
2966,613,France,Male,48,9,0.0,2,1,1,72865.9,0
2967,565,Germany,Female,25,4,0.0,1,0,1,118123.75,0
2968,723,Spain,Female,45,10,83344.41,1,0,0,140960.23,0
2969,572,Spain,Male,67,6,35849.95,1,0,1,70389.35,0
2970,720,France,Male,42,4,147025.81,2,0,0,137095.05,1
2971,549,France,Male,18,7,75277.67,1,1,0,113486.58,0
2972,644,France,Female,35,5,181178.64,2,0,0,165453.11,1
2973,554,Germany,Female,76,7,91892.45,2,1,1,29086.91,0
2974,553,France,Male,27,3,68788.4,1,0,0,8050.15,0
2975,665,France,Male,36,2,154172.43,2,1,0,78825.0,0
2976,761,Spain,Male,39,8,0.0,2,0,0,149755.43,0
2977,761,Spain,Female,32,1,3364.08,2,0,1,186122.35,0
2978,623,France,Female,37,2,0.0,2,1,1,46601.69,0
2979,693,Spain,Male,25,0,0.0,1,1,1,53128.14,0
2980,404,Germany,Male,76,8,0.0,2,1,0,46905.77,1
2981,628,France,Female,29,6,78484.32,2,0,0,117968.88,0
2982,693,Germany,Female,27,6,179843.15,2,1,0,68818.49,1
2983,672,Spain,Female,45,6,192561.79,1,1,0,26488.98,0
2984,630,France,Male,32,6,0.0,2,0,0,182730.25,0
2985,638,Germany,Male,29,5,123421.02,2,1,1,49103.27,0
2986,796,Spain,Female,37,4,55969.16,1,1,0,195402.11,1
2987,658,France,Female,35,9,36754.2,1,1,0,1631.55,0
2988,632,Germany,Male,67,1,0.0,1,1,1,143195.45,0
2989,589,France,Male,60,6,65328.67,2,1,0,51400.01,0
2990,743,Germany,Female,41,8,140720.2,2,1,0,62812.86,0
2991,771,France,Female,29,8,0.0,1,1,0,78690.18,0
2992,710,France,Female,27,9,0.0,2,1,0,197821.57,0
2993,747,Germany,Female,32,10,0.0,1,0,1,141464.49,0
2994,742,Germany,Male,18,1,95102.8,1,1,0,154129.61,0
2995,617,Spain,Male,27,6,0.0,1,1,1,64964.63,0
2996,698,France,Male,39,9,0.0,1,1,1,111209.42,0
2997,618,France,Female,27,1,0.0,2,1,0,107261.01,0
2998,778,Spain,Male,19,9,161761.33,2,0,1,4555.51,0
2999,604,France,Female,33,4,5115.07,1,0,0,57837.13,1
3000,713,Germany,Male,42,8,206480.38,2,1,0,19939.01,0
3001,784,Spain,Male,44,6,0.0,1,1,0,134213.51,0
3002,480,France,Female,38,3,67632.2,2,1,0,69021.36,0
3003,606,France,Male,32,3,149187.51,2,1,1,48984.41,0
3004,573,Germany,Male,29,5,0.0,2,1,1,46995.71,0
3005,625,Spain,Male,52,6,14005.06,1,0,1,184126.49,0
3006,682,France,Male,45,4,89568.72,2,1,0,73383.81,0
3007,745,Spain,Male,24,6,163239.5,2,1,0,105551.15,1
3008,758,France,Male,26,9,40677.98,1,1,0,197324.34,0
3009,850,France,Male,25,4,78431.36,2,1,1,105279.16,0
3010,751,Germany,Female,49,2,92573.63,1,1,1,169641.79,0
3011,533,France,Female,48,2,56992.13,1,0,1,25947.34,0
3012,527,Spain,Male,18,1,30427.21,2,1,1,48395.89,0
3013,704,France,Male,25,1,106973.56,1,1,1,11959.0,0
3014,691,Germany,Female,35,7,116554.2,2,1,0,69615.03,1
3015,584,Spain,Female,28,4,0.0,1,1,0,107975.93,1
3016,546,Spain,Male,41,9,185011.66,1,0,1,86461.06,0
3017,743,France,Female,45,5,66918.52,1,1,0,25057.84,1
3018,563,Germany,Male,35,0,110267.19,1,1,1,193314.56,0
3019,478,France,Female,38,7,130369.71,2,1,1,184385.04,0
3020,531,Germany,Female,30,5,0.0,2,1,1,183754.45,0
3021,734,Germany,Female,34,2,0.0,1,1,1,88078.4,0
3022,572,Germany,Male,40,9,65188.9,2,1,0,86932.64,0
3023,793,France,Male,28,2,54210.98,1,1,0,104387.51,0
3024,681,France,Male,32,7,2531.96,1,1,0,68264.51,0
3025,696,Germany,Male,39,5,62591.53,2,1,0,163566.99,0
3026,640,France,Male,51,4,0.0,1,0,1,52971.57,0
3027,535,Spain,Male,51,1,75084.77,1,1,1,107410.2,0
3028,509,France,Male,29,6,86209.26,1,1,1,9895.76,0
3029,681,Germany,Female,32,3,0.0,1,1,1,88898.91,0
3030,753,France,Female,35,7,90763.58,1,0,1,58635.94,0
3031,655,Germany,Female,40,0,105050.47,1,1,1,100905.91,0
3032,642,Germany,Female,34,4,71362.99,1,1,1,183085.15,0
3033,720,Spain,Male,32,3,0.0,2,1,1,135615.35,0
3034,431,Spain,Male,36,9,28776.58,2,1,0,23720.8,0
3035,575,France,Female,24,2,76309.08,2,0,1,99679.59,0
3036,658,Germany,Male,29,0,109063.14,2,1,0,79876.02,0
3037,850,France,Male,28,8,0.0,2,0,1,186844.32,0
3038,850,France,Female,42,1,139477.82,1,0,0,169955.27,0
3039,572,Germany,Female,30,2,92045.3,1,0,0,163895.31,1
3040,634,Spain,Male,32,5,60508.32,2,1,0,151357.82,0
3041,805,France,Male,24,10,8772.73,2,1,0,19598.34,0
3042,620,Spain,Male,34,4,0.0,2,1,0,3214.66,0
3043,682,Germany,Male,39,1,0.0,2,1,0,136009.87,1
3044,604,France,Male,45,9,0.0,1,0,0,22518.28,1
3045,695,Spain,Female,32,0,0.0,1,1,1,91212.69,0
3046,670,Germany,Female,38,0,0.0,1,1,1,75482.74,0
3047,627,France,Male,56,6,0.0,1,1,0,14733.62,1
3048,586,Spain,Female,42,3,0.0,1,1,0,2464.7,0
3049,640,Germany,Male,36,4,204197.15,2,0,1,193847.19,0
3050,665,France,Female,27,2,0.0,4,0,0,53247.42,1
3051,564,Germany,Female,44,8,121052.67,1,1,0,164971.04,0
3052,638,Germany,Male,53,6,0.0,1,1,0,114163.96,0
3053,677,France,Female,20,5,152402.72,2,0,0,107283.43,1
3054,740,France,Male,49,10,67320.62,1,0,1,55200.75,0
3055,807,Germany,Male,20,0,0.0,1,1,0,101527.95,1
3056,625,Germany,Female,36,0,88835.12,1,0,1,182409.87,0
3057,725,France,Female,32,10,0.0,1,1,1,54208.14,0
3058,662,France,Male,47,1,105980.8,1,1,1,174625.44,0
3059,537,France,Male,40,9,167911.36,2,1,0,155536.37,0
3060,529,France,Male,47,6,73125.24,1,1,0,110934.01,0
3061,594,Spain,Male,31,9,69113.9,2,1,1,104932.32,1
3062,637,France,Male,62,2,114161.99,1,0,0,92276.96,0
3063,831,Germany,Male,45,1,121393.96,1,1,1,120750.12,0
3064,576,France,Male,27,1,0.0,2,0,1,73554.87,0
3065,579,Spain,Male,35,4,42927.88,2,0,1,133247.74,0
3066,755,France,Male,35,3,155523.66,2,1,0,43704.8,0
3067,570,France,Female,54,9,157565.56,1,1,0,165574.66,1
3068,564,Spain,Male,36,2,75565.36,1,1,0,22353.53,0
3069,689,France,Male,41,3,60077.19,1,1,1,146334.65,0
3070,781,France,Male,36,10,0.0,1,1,1,16080.3,1
3071,674,Germany,Female,24,7,104329.64,1,0,0,145796.98,0
3072,628,France,Male,30,1,112518.5,2,1,1,189105.93,0
3073,609,France,Female,34,4,0.0,2,1,1,63545.21,0
3074,638,France,Female,26,0,182345.12,2,1,1,179621.6,0
3075,650,France,Female,25,9,134194.87,2,1,1,70809.01,0
3076,716,Germany,Male,41,3,239591.36,1,1,0,101080.3,0
3077,651,Germany,Male,34,4,0.0,2,1,1,164361.05,0
3078,664,France,Female,41,3,127972.56,2,1,0,114672.95,0
3079,584,Germany,Female,25,0,184174.26,1,1,1,47152.31,0
3080,607,France,Female,51,9,108029.3,2,0,0,22666.81,0
3081,630,France,Female,39,8,0.0,2,1,1,107110.09,0
3082,792,Spain,Female,37,3,59688.04,2,0,1,124636.94,0
3083,526,Spain,Male,32,10,0.0,1,0,1,134583.89,0
3084,519,France,Male,62,3,179820.28,2,0,1,91424.22,0
3085,554,France,Female,18,10,0.0,2,1,0,172380.73,0
3086,602,France,Male,27,6,32825.46,1,0,1,117556.54,0
3087,648,France,Male,34,7,59884.02,2,1,1,46402.8,0
3088,672,Germany,Male,50,4,48417.79,2,0,0,146966.82,1
3089,672,France,Female,45,0,113907.14,2,1,1,81524.71,0
3090,399,France,Female,31,2,0.0,2,1,0,15343.49,0
3091,591,France,Male,39,8,0.0,2,1,0,140313.02,0
3092,763,Germany,Male,18,6,203089.36,1,1,1,131.8,0
3093,538,France,Female,21,2,162039.75,1,0,0,24928.1,1
3094,850,France,Male,32,3,90739.8,2,0,1,24756.69,0
3095,576,Spain,Female,29,5,0.0,2,1,1,9858.12,0
3096,686,Spain,Male,36,3,160652.23,1,1,0,137272.12,0
3097,611,France,Male,24,9,89098.85,1,1,0,128752.11,1
3098,701,Spain,Female,18,4,0.0,1,1,1,77621.46,0
3099,756,France,Female,23,10,0.0,1,0,1,173767.24,0
3100,637,Spain,Female,54,9,0.0,1,1,0,191048.71,0
3101,610,France,Female,31,6,191630.23,1,1,1,58832.62,0
3102,485,France,Male,26,2,132292.72,2,1,1,163847.53,0
3103,765,Germany,Male,42,10,0.0,1,0,0,58224.76,1
3104,767,Germany,Male,51,3,79739.42,1,0,0,101286.83,0
3105,563,Spain,Male,60,8,0.0,1,1,1,93580.57,0
3106,770,Spain,Male,19,8,15184.96,2,1,1,95224.0,0
3107,776,Spain,Female,35,1,51645.26,1,1,1,69688.01,0
3108,695,France,Male,39,8,83342.32,1,1,0,4581.56,0
3109,674,Spain,Female,56,8,59174.55,2,0,0,160578.71,0
3110,566,Germany,Male,34,0,95430.49,2,1,1,35997.32,0
3111,549,Germany,Male,43,6,0.0,2,1,0,85690.88,0
3112,576,Spain,Male,47,2,0.0,1,1,1,177688.9,0
3113,686,Germany,Male,33,1,47438.56,3,1,1,2151.25,0
3114,536,Germany,Male,19,5,126937.62,2,0,0,97853.32,0
3115,465,Germany,Male,42,4,99777.61,1,1,0,183679.84,0
3116,573,Spain,Female,35,7,0.0,2,1,1,135750.42,0
3117,645,Spain,Male,34,6,155448.48,2,0,0,48569.4,0
3118,536,Spain,Female,24,8,0.0,2,0,1,46113.35,0
3119,635,France,Male,42,2,0.0,1,1,1,154747.44,0
3120,676,France,Male,18,8,93056.91,2,1,1,94607.56,0
3121,726,France,Female,35,8,64850.91,2,0,0,21195.58,0
3122,612,Spain,Male,32,6,0.0,2,1,1,134993.94,0
3123,517,France,Female,53,5,93311.98,1,1,0,82870.59,0
3124,692,France,Male,41,5,0.0,1,0,0,197349.36,0
3125,637,France,Male,42,9,53472.74,1,1,1,60445.24,1
3126,586,France,Male,33,7,121723.63,2,1,1,89490.28,0
3127,751,France,Female,35,2,0.0,2,1,0,106645.13,1
3128,641,Germany,Female,31,0,118765.67,1,1,0,143798.85,1
3129,592,France,Female,24,2,52352.32,1,1,1,125492.27,0
3130,665,France,Male,31,5,117558.65,1,1,0,184744.55,0
3131,839,Germany,Male,44,0,0.0,1,1,0,171723.91,0
3132,815,Spain,Male,53,10,31826.36,2,0,1,68572.49,0
3133,850,France,Male,24,8,41757.92,1,1,1,141743.67,0
3134,671,Germany,Male,26,9,0.0,2,0,1,48350.51,0
3135,576,France,Male,40,2,88179.22,2,0,0,136797.9,0
3136,555,France,Male,56,3,8030.39,1,1,0,188073.96,0
3137,606,France,Female,31,6,102960.52,2,0,0,148172.79,0
3138,649,France,Female,35,7,0.0,1,0,1,129553.53,0
3139,632,France,Female,31,10,30257.89,1,0,0,163729.93,1
3140,656,France,Male,30,8,0.0,2,1,1,181388.24,0
3141,687,Germany,Female,27,6,0.0,1,0,1,28165.76,0
3142,590,France,Female,22,3,0.0,1,0,1,8019.41,0
3143,697,Germany,Female,45,9,28718.36,2,1,0,118219.38,0
3144,414,Germany,Male,32,5,0.0,2,1,1,136896.69,0
3145,693,Spain,Male,31,8,101902.98,1,0,0,173849.97,0
3146,621,Germany,Female,43,9,76072.0,2,1,1,4130.99,0
3147,713,France,Male,35,6,123905.17,2,1,1,173888.84,0
3148,566,Germany,Female,32,1,0.0,2,1,0,193747.52,0
3149,803,France,Male,28,9,54132.24,1,1,1,153064.16,0
3150,733,Germany,Female,37,7,78217.25,2,1,1,20996.41,0
3151,591,Germany,Male,34,7,162006.87,1,1,0,47107.39,1
3152,668,Germany,Female,64,2,0.0,2,1,0,1439.78,0
3153,742,France,Female,18,4,150765.53,2,0,1,33255.37,1
3154,697,Spain,Male,42,1,37120.86,2,0,1,32827.41,0
3155,623,France,Male,24,6,52290.73,2,0,1,181234.77,0
3156,761,Germany,Female,28,6,0.0,2,1,1,48042.39,0
3157,722,France,Male,19,10,0.0,1,1,0,86206.98,0
3158,827,Spain,Female,42,8,141773.82,1,0,0,192936.73,0
3159,708,Germany,Female,34,1,0.0,2,0,0,66822.53,1
3160,686,Spain,Male,28,4,68079.72,1,1,0,186800.17,0
3161,551,Germany,Male,35,7,113161.6,1,0,0,17267.69,0
3162,495,France,Female,39,5,91391.71,1,1,0,197040.59,0
3163,530,France,Male,39,1,137024.68,2,1,1,2819.1,0
3164,624,France,Female,47,9,0.0,2,1,1,163039.0,0
3165,623,Germany,Male,51,8,154376.34,2,0,1,159036.82,0
3166,677,France,Male,23,1,45830.83,1,0,1,134614.56,0
3167,665,Germany,Male,25,4,116798.53,1,1,0,93047.11,0
3168,559,France,Male,68,8,0.0,2,1,1,45403.08,0
3169,544,Germany,Male,52,10,0.0,2,0,0,175630.46,1
3170,520,France,Male,42,7,10889.77,2,0,0,105753.08,0
3171,840,Germany,Female,38,0,0.0,2,1,0,154988.03,1
3172,780,Spain,Female,32,0,39108.89,1,1,1,117361.62,0
3173,658,Spain,Female,38,1,8807.31,2,1,1,65538.78,0
3174,742,Germany,Female,44,4,125282.47,1,1,0,11439.89,0
3175,595,Spain,Male,41,3,50215.0,3,1,0,65546.93,0
3176,697,Germany,Female,40,1,0.0,2,1,0,103144.27,0
3177,679,Spain,Female,72,2,116300.29,1,1,1,92936.47,0
3178,660,Germany,Female,46,2,0.0,2,1,1,144988.75,0
3179,731,France,Male,40,0,115633.85,3,1,0,28263.45,0
3180,703,Spain,Male,49,4,0.0,1,1,0,57923.58,0
3181,561,Spain,Male,40,2,2907.5,2,0,1,14763.43,0
3182,656,Germany,Male,42,1,18974.95,1,1,1,83319.48,0
3183,709,France,Female,45,3,183188.05,2,1,0,12284.96,0
3184,529,France,Female,70,9,0.0,2,1,0,92212.41,0
3185,611,France,Female,48,9,88350.29,3,1,0,26625.62,1
3186,590,France,Male,22,1,0.0,1,0,1,73746.99,0
3187,697,Spain,Female,37,4,12178.46,2,1,1,101981.86,0
3188,641,Spain,Female,31,4,0.0,1,1,0,20935.74,0
3189,651,France,Male,20,4,93242.07,2,1,0,29761.65,0
3190,681,France,Female,38,7,234405.95,1,1,0,183965.51,0
3191,773,France,Female,22,7,126834.36,2,1,1,67893.99,0
3192,527,France,Male,71,9,0.0,2,0,1,11540.4,0
3193,791,Germany,Male,40,8,0.0,2,0,0,139219.5,0
3194,679,France,Male,69,6,168931.22,2,1,1,15398.68,1
3195,579,Germany,Male,42,7,0.0,1,1,0,177614.97,0
3196,539,Spain,Male,28,3,3803.76,2,1,0,75179.17,1
3197,773,Germany,Male,31,9,0.0,2,1,1,56376.62,0
3198,817,Germany,Male,58,8,82644.27,1,1,0,5289.64,0
3199,814,Spain,Male,58,1,147133.4,2,0,1,24303.35,0
3200,750,Germany,Female,38,8,132668.02,1,0,0,111151.98,0
3201,686,France,Male,26,10,0.0,1,1,1,35834.02,0
3202,585,Germany,Male,44,8,0.0,1,1,1,162155.07,1
3203,488,Germany,Male,37,5,0.0,1,1,0,169907.15,0
3204,700,France,Male,42,0,0.0,2,0,0,44724.0,0
3205,636,Spain,Female,32,7,0.0,2,1,0,22977.44,0
3206,629,France,Female,34,0,61358.93,2,1,1,488.81,0
3207,483,Spain,Female,36,9,0.0,2,1,0,117435.65,0
3208,780,Spain,Female,31,6,0.0,2,0,1,22790.75,0
3209,589,France,Male,33,9,60703.88,1,1,1,21378.68,0
3210,802,Germany,Male,27,8,0.0,2,0,1,148821.47,0
3211,702,France,Male,30,1,0.0,1,1,1,196040.73,0
3212,622,Spain,Female,19,7,101103.74,2,1,1,5961.01,0
3213,689,France,Male,29,2,165614.66,2,1,1,101964.95,1
3214,764,Germany,Female,42,6,155640.32,2,1,1,34844.65,0
3215,643,France,Male,25,10,143572.75,1,1,0,68920.35,0
3216,504,France,Female,38,4,0.0,2,1,0,48866.82,0
3217,596,France,Male,41,6,152596.7,2,1,0,51436.84,0
3218,474,Germany,Male,18,5,92176.8,2,0,1,103396.63,0
3219,698,Germany,Male,32,4,141168.04,1,1,1,84605.74,0
3220,739,Spain,Female,26,8,0.0,2,1,1,8961.58,0
3221,623,Spain,Male,40,7,0.0,2,1,0,59132.03,0
3222,601,France,Female,41,8,0.0,1,0,0,119272.72,0
3223,564,France,Male,30,6,0.0,1,1,1,166608.56,0
3224,770,France,Male,59,2,0.0,1,1,1,70273.88,0
3225,742,Germany,Male,32,8,59501.49,2,1,0,60650.7,1
3226,781,Spain,Male,61,7,0.0,1,1,0,155037.91,0
3227,532,Spain,Male,40,9,0.0,1,1,0,126027.64,0
3228,739,France,Male,23,7,90357.72,2,0,0,170342.76,0
3229,692,France,Female,33,10,0.0,1,1,0,13154.68,0
3230,508,Germany,Male,18,3,196793.89,2,1,0,199083.83,0
3231,582,France,Female,27,7,0.0,1,0,1,171944.14,0
3232,595,France,Female,38,2,90307.7,2,1,1,54480.29,0
3233,680,France,Female,32,6,189470.13,2,0,0,60912.35,0
3234,723,Spain,Male,29,6,0.0,2,1,0,18636.44,0
3235,512,France,Male,29,2,174554.33,4,1,0,154386.07,1
3236,715,France,Female,23,0,139839.49,2,0,0,127604.94,0
3237,813,Germany,Female,32,2,0.0,1,1,1,140545.45,0
3238,631,Germany,Male,31,7,98998.95,1,0,1,49011.83,0
3239,660,Germany,Female,41,10,50732.13,1,0,0,19546.25,0
3240,617,France,Male,56,9,163955.8,2,1,0,115261.54,0
3241,672,Spain,Male,25,5,21559.22,2,1,1,96153.57,0
3242,774,France,Female,63,8,146297.79,2,0,0,69412.5,0
3243,741,Germany,Male,31,9,138423.54,2,1,1,37946.14,0
3244,683,Spain,Female,46,1,0.0,2,0,0,97063.0,0
3245,521,France,Female,40,10,37275.84,1,1,0,54760.01,0
3246,693,Spain,Female,31,5,0.0,2,0,1,78148.83,0
3247,504,Spain,Male,85,10,0.0,1,0,0,120517.67,1
3248,623,France,Female,32,9,97992.45,1,1,0,172108.66,1
3249,550,Spain,Female,31,9,0.0,2,1,1,97823.76,0
3250,739,France,Female,36,8,0.0,1,1,0,10893.34,0
3251,754,Spain,Female,44,1,114293.38,2,1,0,9161.43,0
3252,536,France,Male,27,10,133871.18,1,1,0,69317.4,0
3253,682,France,Female,26,3,57966.89,1,1,1,103156.69,0
3254,738,France,Male,32,8,116084.69,1,1,1,2550.04,0
3255,639,France,Male,43,9,0.0,1,0,1,47462.34,0
3256,823,France,Male,57,1,115306.08,1,0,0,62894.3,0
3257,724,Spain,Female,48,7,0.0,2,1,0,98941.53,0
3258,535,France,Female,24,3,121794.09,1,1,1,16079.17,0
3259,673,France,Male,32,1,0.0,2,1,0,19695.55,0
3260,645,Spain,Male,38,5,0.0,1,1,0,128504.59,0
3261,652,France,Male,51,5,0.0,2,1,1,171597.03,0
3262,787,France,Male,32,3,0.0,2,1,1,103685.05,0
3263,592,France,Female,28,3,0.0,1,1,1,26965.35,1
3264,616,Spain,Female,38,10,85832.18,2,1,0,65565.13,0
3265,615,France,Male,44,10,60575.55,2,1,0,153687.78,0
3266,593,Spain,Male,37,4,76999.04,1,0,0,188090.92,0
3267,414,France,Female,40,7,97958.31,2,1,0,198355.58,0
3268,579,France,Male,36,7,0.0,1,0,0,91561.56,0
3269,470,France,Female,37,0,147516.72,2,1,0,100250.28,0
3270,597,France,Female,37,8,50143.62,2,1,1,147342.5,0
3271,821,France,Male,32,6,133707.05,1,1,1,12498.03,0
3272,712,France,Male,89,10,72220.41,2,1,1,42858.38,0
3273,825,Spain,Female,49,1,64593.7,1,0,0,24376.0,1
3274,622,France,Male,45,5,119747.66,1,1,1,104114.65,0
3275,562,Spain,Female,46,7,0.0,2,1,0,170613.64,0
3276,697,Spain,Female,28,9,0.0,1,0,1,157603.02,0
3277,555,France,Female,44,4,0.0,1,0,1,81650.81,0
3278,614,Spain,Female,48,2,117310.21,2,1,1,80273.65,0
3279,662,Spain,Female,23,9,120874.92,2,0,0,186995.48,0
3280,666,France,Male,30,8,180933.43,1,0,1,16211.54,0
3281,828,Spain,Male,45,7,72119.59,2,1,1,104463.47,0
3282,755,France,Female,42,8,0.0,1,0,0,87450.69,0
3283,678,France,Male,33,7,0.0,2,0,0,107105.06,0
3284,562,Spain,Male,36,10,0.0,2,0,0,36189.11,0
3285,699,France,Male,31,6,0.0,1,1,0,59359.39,0
3286,603,France,Male,27,6,153741.43,1,1,0,192204.05,1
3287,826,France,Female,34,3,0.0,1,1,1,17190.41,0
3288,569,Spain,Male,20,5,0.0,1,0,0,109219.14,0
3289,666,France,Female,53,0,148219.2,2,0,0,178873.01,0
3290,663,Germany,Female,46,3,149724.7,2,1,1,182802.52,0
3291,669,France,Female,27,5,0.0,2,1,0,46624.37,0
3292,678,Germany,Male,45,1,0.0,1,1,0,150252.8,1
3293,529,France,Male,22,8,0.0,2,1,0,63160.14,1
3294,649,Germany,Male,42,9,0.0,2,1,0,159124.52,0
3295,654,France,Female,42,4,0.0,1,0,1,116762.18,0
3296,657,France,Female,41,8,0.0,2,1,1,91847.76,0
3297,515,France,Female,23,2,72720.75,2,1,0,105122.47,0
3298,538,Germany,Female,33,0,106328.98,1,0,1,42522.07,0
3299,673,Germany,Female,37,9,73924.35,2,1,1,31442.39,0
3300,735,Germany,Male,27,9,82398.18,1,1,1,94229.17,0
3301,656,Spain,Female,38,6,81719.77,2,1,1,123588.78,0
3302,640,Spain,Male,26,8,61350.72,2,0,0,183571.17,0
3303,513,France,Female,34,2,0.0,1,1,1,136124.78,0
3304,486,France,Male,19,10,0.0,2,1,1,129854.95,0
3305,586,France,Male,54,3,40265.71,2,1,1,130117.05,0
3306,625,Germany,Female,39,10,118772.01,1,0,0,145683.41,0
3307,528,France,Male,30,0,0.0,1,1,1,136189.05,0
3308,555,France,Female,51,1,0.0,1,1,1,99710.58,0
3309,745,France,Male,27,1,0.0,3,1,0,169045.32,0
3310,593,France,Male,25,7,89318.54,2,1,1,171768.38,0
3311,605,France,Female,38,6,188784.62,2,0,0,140100.1,0
3312,489,France,Female,25,0,74611.81,3,1,1,184089.49,0
3313,518,France,Female,46,3,0.0,1,1,1,159865.98,0
3314,712,Spain,Female,43,4,127890.35,1,1,0,73378.73,1
3315,665,Germany,Male,45,10,136463.69,2,1,0,60922.53,0
3316,515,France,Female,23,9,0.0,2,0,0,37173.15,0
3317,588,Spain,Female,28,7,155668.86,1,1,1,148696.59,0
3318,704,Germany,Female,21,1,49935.95,1,0,0,157422.37,0
3319,627,Spain,Female,34,7,49605.46,1,1,1,116415.02,0
3320,776,Spain,Male,37,9,0.0,1,0,0,26018.32,0
3321,641,Germany,Male,43,1,0.0,2,1,0,74690.63,0
3322,639,Spain,Female,21,3,118329.79,2,1,1,79989.73,0
3323,565,Spain,Female,24,0,51759.31,1,1,1,75846.08,1
3324,564,Germany,Male,52,8,0.0,2,0,1,18067.28,1
3325,567,Spain,Female,43,10,12074.47,3,1,1,82896.53,0
3326,811,France,Male,42,0,190434.49,1,0,0,115005.26,0
3327,538,France,Male,29,8,8821.32,1,1,0,184053.7,0
3328,685,Germany,Male,36,1,0.0,2,1,0,113868.58,1
3329,600,France,Female,34,2,0.0,2,1,0,128981.39,0
3330,627,France,Male,32,8,134071.62,1,1,1,123792.33,0
3331,611,Germany,Female,38,6,0.0,2,1,1,53149.71,0
3332,623,France,Male,26,5,0.0,2,0,1,174394.56,0
3333,638,Spain,Male,40,1,81314.84,2,1,0,33262.18,1
3334,627,France,Male,26,3,65565.96,1,0,0,128538.1,1
3335,784,France,Female,38,9,140366.81,1,0,0,171129.98,0
3336,650,Germany,Male,34,4,0.0,2,1,1,167331.42,1
3337,627,Spain,Female,31,9,152338.24,1,1,1,99266.24,1
3338,550,Germany,Female,40,9,136290.33,2,0,1,95037.48,1
3339,722,Germany,Male,23,4,0.0,1,1,1,145111.9,0
3340,483,Spain,Female,30,10,139657.66,1,1,0,108332.33,0
3341,719,Germany,Male,35,8,116303.22,1,0,0,117073.9,0
3342,560,Spain,Male,32,10,145570.59,2,1,1,152558.25,0
3343,574,France,Male,18,7,0.0,2,1,0,121221.67,0
3344,832,Spain,Male,33,10,78596.63,1,0,1,106783.35,0
3345,588,Germany,Male,38,4,0.0,1,0,1,10108.55,0
3346,684,Germany,Male,59,6,83973.86,2,0,0,189803.73,0
3347,678,Germany,Male,32,9,104210.7,1,1,1,89469.27,0
3348,675,Germany,Male,40,10,143410.13,1,0,0,180474.43,1
3349,713,Spain,Male,26,6,123957.78,1,0,1,197806.72,0
3350,615,Spain,Female,25,5,0.0,1,1,1,19052.49,0
3351,608,France,Female,34,10,0.0,2,1,1,117039.06,0
3352,685,France,Female,43,3,43369.75,2,1,0,155281.58,0
3353,620,Germany,Male,58,1,138432.44,4,0,0,97119.51,0
3354,734,Spain,Male,31,5,0.0,1,1,1,47693.66,0
3355,715,Spain,Male,29,4,51701.1,1,1,1,136989.84,0
3356,580,Germany,Female,27,7,0.0,2,1,0,7265.28,0
3357,476,France,Male,34,2,43779.28,1,0,0,32096.96,0
3358,809,Spain,Male,37,0,144480.37,1,1,1,46313.63,0
3359,680,France,Male,38,1,65565.53,1,1,1,117200.47,0
3360,714,France,Female,37,4,0.0,1,1,1,5663.26,0
3361,633,France,Male,29,3,0.0,1,0,0,23658.92,0
3362,623,Spain,Female,63,7,123535.99,2,1,0,108609.02,0
3363,652,France,Female,26,1,103940.87,1,0,1,164275.82,0
3364,712,Germany,Male,19,3,118878.23,1,1,1,28966.64,1
3365,611,France,Male,24,0,34405.69,1,0,1,50124.31,1
3366,671,France,Female,21,1,0.0,1,1,0,161451.91,0
3367,553,Germany,Male,32,10,115845.8,1,1,1,30386.16,0
3368,669,Spain,Male,62,6,187384.04,2,1,1,75379.36,0
3369,732,France,Female,37,3,237056.89,2,1,0,92560.07,0
3370,626,Spain,Female,25,2,0.0,2,1,0,151282.39,0
3371,615,Germany,Male,19,7,119417.92,1,1,0,150074.47,0
3372,664,France,Male,51,3,0.0,1,1,0,85022.28,1
3373,792,France,Male,23,1,0.0,2,1,1,107667.17,0
3374,577,Spain,Male,36,2,0.0,1,1,1,73200.7,0
3375,697,France,Male,32,7,0.0,1,1,0,141967.25,0
3376,850,France,Female,41,1,166273.6,1,0,1,70235.26,0
3377,732,France,Female,42,1,0.0,1,1,1,99767.89,0
3378,760,Spain,Male,39,6,141161.44,1,0,0,146305.8,0
3379,685,France,Male,22,1,0.0,2,1,1,261.76,0
3380,850,Spain,Male,54,8,0.0,1,1,0,135587.12,0
3381,676,France,Male,45,7,0.0,2,1,0,19057.29,0
3382,696,Germany,Female,34,2,0.0,1,1,0,39389.41,1
3383,647,France,Male,46,7,154635.79,2,1,0,146708.98,1
3384,718,Germany,Male,57,7,172601.57,1,1,0,75378.75,1
3385,674,France,Male,49,2,104089.06,1,1,1,147820.16,0
3386,735,France,Female,57,3,33370.07,2,0,0,189927.84,1
3387,731,France,Female,27,4,0.0,4,0,0,127116.07,1
3388,654,France,Female,47,2,141025.66,1,0,1,80532.32,0
3389,668,France,Female,39,5,220670.2,2,1,1,33514.46,0
3390,424,France,Female,26,0,190187.59,2,1,1,107182.09,0
3391,652,France,Male,38,2,89623.57,2,0,0,63526.74,0
3392,586,France,Male,32,2,125394.93,2,1,1,18473.05,0
3393,588,France,Female,35,2,0.0,1,0,1,97966.13,0
3394,676,Germany,Male,57,6,0.0,1,1,1,23703.76,0
3395,485,France,Female,31,4,0.0,2,1,0,180092.26,0
3396,590,France,Male,43,9,0.0,1,0,0,198846.71,0
3397,467,Germany,Female,25,1,0.0,1,1,0,185871.79,0
3398,680,France,Female,50,7,83576.59,2,0,1,28768.52,0
3399,614,France,Male,37,9,0.0,2,0,0,89486.44,0
3400,593,Germany,Male,48,4,18046.88,2,1,1,44929.88,0
3401,670,Germany,Male,33,5,175546.19,1,1,1,153168.34,0
3402,513,France,Male,51,1,113819.21,2,1,0,58853.88,0
3403,847,France,Female,34,4,87642.52,2,1,0,64934.32,0
3404,536,France,Male,31,0,120215.72,1,1,0,53172.83,0
3405,717,Germany,Male,54,6,0.0,2,0,0,6348.86,0
3406,723,France,Male,46,9,0.0,2,0,1,126713.61,0
3407,801,Germany,Male,29,10,173954.58,1,1,1,159057.76,0
3408,650,France,Male,24,10,88823.72,2,1,1,154798.04,0
3409,650,Spain,Male,26,6,0.0,1,1,0,71516.38,0
3410,532,Spain,Male,28,3,0.0,2,1,1,75552.22,0
3411,501,France,Male,40,10,72160.97,1,1,0,179084.4,0
3412,756,Spain,Male,30,1,182840.74,1,1,1,158289.7,0
3413,597,France,Male,21,8,145407.62,2,0,1,34830.72,0
3414,757,France,Female,18,10,0.0,2,1,1,149611.83,0
3415,616,Spain,Female,49,4,142045.05,1,1,0,144444.1,0
3416,552,Spain,Male,30,9,32557.44,1,1,0,151297.37,1
3417,601,France,Male,24,9,0.0,2,1,0,43788.99,0
3418,586,France,Male,18,1,36437.83,2,1,0,42336.31,0
3419,611,France,Female,46,4,0.0,1,1,0,46292.23,0
3420,738,Germany,Female,35,5,126081.21,1,1,0,40872.42,1
3421,790,France,Male,31,2,0.0,1,1,1,10965.46,0
3422,693,France,Female,54,4,0.0,1,0,1,138258.14,0
3423,616,Spain,Male,21,7,0.0,2,1,0,106845.68,0
3424,635,Spain,Female,26,10,0.0,2,0,1,95305.96,0
3425,577,Spain,Male,61,1,121573.46,2,1,0,67361.04,1
3426,799,Spain,Male,31,5,170537.26,1,1,1,129459.38,0
3427,690,France,Male,37,6,133779.56,1,1,1,4553.89,0
3428,758,Spain,Female,41,0,64813.81,2,1,0,166791.29,0
3429,741,France,Male,30,10,138365.88,1,0,0,140218.61,0
3430,722,Spain,Female,47,9,58755.65,2,1,0,1467.39,0
3431,729,Spain,Female,40,6,0.0,1,1,0,118893.97,0
3432,711,France,Female,52,1,0.0,1,1,0,17805.34,1
3433,668,Germany,Female,26,4,0.0,1,1,1,155975.44,0
3434,683,France,Male,37,6,89809.02,1,0,1,12764.97,0
3435,715,Spain,Male,33,9,0.0,1,1,0,44946.53,0
3436,764,Germany,Female,45,9,0.0,1,1,0,142517.79,0
3437,639,France,Male,37,8,0.0,1,1,1,114267.3,0
3438,591,France,Female,20,7,193805.51,2,1,0,175658.13,0
3439,710,France,Female,68,5,218014.43,1,1,1,19497.87,0
3440,609,France,Male,25,6,0.0,1,1,1,37846.73,0
3441,655,France,Female,30,7,87438.94,1,1,1,133120.53,0
3442,645,Germany,Female,18,0,0.0,1,1,1,6279.49,0
3443,765,Germany,Male,43,10,68453.85,1,1,1,160915.83,0
3444,600,France,Female,44,6,118008.85,1,1,1,131563.44,0
3445,687,Germany,Female,33,4,64357.12,2,1,0,16222.68,0
3446,685,Germany,Female,34,3,0.0,1,1,1,114525.81,0
3447,408,France,Female,42,9,195586.67,2,1,0,150629.21,0
3448,512,France,Male,36,10,122787.2,2,1,1,167565.28,0
3449,728,Spain,Male,35,1,104143.16,1,1,0,96438.66,0
3450,762,France,Female,38,8,110943.68,1,0,0,191576.33,0
3451,506,Germany,Male,29,9,0.0,1,1,1,23016.93,0
3452,586,France,Male,24,10,0.0,2,1,1,7339.01,0
3453,774,Spain,Female,38,7,151862.65,2,1,0,204.36,0
3454,676,Spain,Female,33,1,63355.13,1,1,0,196879.43,0
3455,697,Spain,Male,34,9,28518.3,1,1,1,172547.26,0
3456,598,Spain,Female,31,3,19070.14,1,1,0,67926.5,0
3457,838,Germany,Male,30,10,111268.77,1,0,0,103886.58,1
3458,595,Germany,Male,25,2,45331.61,3,1,0,182217.5,1
3459,754,France,Male,32,3,0.0,2,1,1,89957.69,0
3460,547,France,Male,22,6,153323.23,2,0,1,100253.75,0
3461,663,Germany,Male,27,9,15674.87,2,1,1,181053.13,0
3462,663,Spain,Female,30,9,0.0,2,1,0,15757.91,1
3463,608,Spain,Male,35,5,71950.36,2,1,1,14323.41,0
3464,637,France,Male,60,6,199731.44,2,1,0,71145.32,0
3465,628,Germany,Female,62,2,72424.44,1,1,0,73210.23,1
3466,601,France,Male,36,4,135072.92,2,0,0,197375.34,1
3467,734,France,Female,38,4,102457.25,1,1,0,84877.15,0
3468,727,France,Female,68,5,109309.55,1,0,0,46677.12,0
3469,639,Germany,Female,32,3,32213.87,2,1,1,37801.69,0
3470,608,Germany,Male,25,6,114796.08,2,0,0,143873.81,0
3471,535,Spain,Female,24,9,43544.93,1,0,1,128514.15,0
3472,671,France,Male,19,5,196425.72,2,1,1,75104.8,0
3473,684,France,Female,46,9,0.0,2,0,0,142601.27,1
3474,740,France,Male,55,6,0.0,2,1,1,33822.86,1
3475,749,France,Female,23,1,0.0,2,1,0,157592.46,0
3476,761,France,Male,43,2,161870.8,2,0,0,188217.53,0
3477,636,Spain,Male,18,1,0.0,1,1,0,162961.99,0
3478,654,France,Male,37,3,158900.29,1,1,1,182019.48,0
3479,611,France,Male,44,7,0.0,1,1,0,67021.69,0
3480,758,France,Male,25,1,77256.62,1,0,1,157565.47,0
3481,798,Germany,Male,45,7,81284.93,1,1,0,112485.07,1
3482,736,Spain,Male,27,9,15737.78,1,1,0,43581.81,0
3483,719,Germany,Female,35,9,250000.0,1,1,0,4075.43,0
3484,577,Germany,Female,76,7,133040.75,2,1,1,137724.88,0
3485,673,Spain,Male,43,1,0.0,1,0,1,157791.36,0
3486,672,Spain,Female,19,10,105239.18,1,1,1,179007.41,0
3487,684,Spain,Male,56,4,0.0,2,1,1,3581.86,0
3488,643,France,Female,44,6,0.0,2,0,1,64943.36,1
3489,564,Germany,Male,57,2,0.0,1,1,1,197993.63,0
3490,468,Spain,Female,29,2,22691.98,2,1,0,22149.21,0
3491,539,France,Male,25,10,170942.95,2,0,1,156951.28,0
3492,637,France,Female,56,10,0.0,1,0,0,71880.89,1
3493,814,France,Male,37,3,0.0,1,1,0,2542.45,0
3494,581,Spain,Female,53,8,6706.96,2,0,1,53883.78,0
3495,500,Spain,Male,31,0,147434.25,1,1,0,57172.27,1
3496,717,Germany,Male,34,2,138158.48,1,1,0,119222.39,1
3497,798,France,Male,30,9,67870.36,2,1,1,28833.06,0
3498,760,Germany,Female,29,5,33699.32,2,1,1,65860.28,1
3499,557,Germany,Male,48,8,0.0,1,1,1,21147.61,0
3500,633,Spain,Male,65,4,126151.41,1,1,1,116056.42,0
3501,847,France,Female,29,0,53372.18,2,0,0,167362.55,0
3502,657,Spain,Female,26,7,31367.87,1,1,1,189679.26,0
3503,771,Spain,Female,40,8,92285.12,2,0,0,188537.2,0
3504,850,Germany,Male,35,0,131176.1,2,1,0,15921.22,0
3505,620,Germany,Female,56,5,36485.27,1,1,1,149677.06,0
3506,701,Spain,Male,34,6,0.0,2,0,0,170536.76,0
3507,548,France,Male,61,3,0.0,4,1,0,192573.54,1
3508,469,France,Female,31,10,0.0,1,1,1,138333.57,0
3509,689,France,Male,18,9,0.0,1,1,1,42996.03,0
3510,559,Spain,Female,44,6,66925.15,1,0,1,63288.45,0
3511,609,Germany,Male,36,2,0.0,1,1,0,113152.62,0
3512,797,Germany,Male,53,9,10052.96,2,1,0,106062.38,1
3513,687,France,Female,40,6,198463.44,1,1,0,99100.55,1
3514,635,France,Female,36,6,109357.93,2,1,0,166878.16,0
3515,607,France,Male,18,0,98634.28,2,1,1,87792.17,0
3516,667,Spain,Male,34,2,0.0,1,1,0,171811.01,0
3517,555,France,Male,31,8,60645.08,1,1,0,63505.13,0
3518,722,Spain,Female,29,5,98531.45,1,0,0,110656.14,0
3519,753,Germany,Male,39,5,98931.85,1,1,1,46583.95,0
3520,599,France,Male,28,5,6751.47,1,1,1,74150.04,0
3521,612,Spain,Female,25,2,62732.93,1,1,1,100932.25,0
3522,617,France,Male,44,2,68540.53,1,1,1,6068.8,0
3523,415,Germany,Male,22,7,138219.31,1,1,0,82280.51,1
3524,542,Germany,Female,26,9,85191.49,3,1,1,86367.6,0
3525,605,France,Female,33,4,94071.86,1,1,0,102434.7,1
3526,683,Spain,Female,30,8,119287.39,2,1,1,26308.36,0
3527,495,Spain,Female,21,1,149953.72,1,1,0,159380.06,0
3528,678,France,Female,20,1,48629.17,1,1,1,27134.4,0
3529,460,Spain,Female,62,9,0.0,1,1,0,165901.41,1
3530,460,France,Male,51,9,139116.3,2,0,0,196098.12,1
3531,707,France,Male,18,9,195973.69,2,1,0,107453.99,0
3532,703,France,Female,57,0,0.0,2,1,1,165212.96,0
3533,537,Germany,Male,29,8,0.0,2,1,1,132885.64,0
3534,582,France,Male,35,0,0.0,1,1,0,35434.3,1
3535,727,Spain,Male,47,3,0.0,1,1,1,15084.39,0
3536,431,Spain,Male,25,1,0.0,2,1,0,47448.37,0
3537,703,France,Male,26,4,51655.49,1,0,1,196939.62,0
3538,666,Spain,Female,30,2,218435.12,2,0,1,36180.99,0
3539,597,France,Male,34,0,49742.94,1,1,1,129433.6,0
3540,705,France,Male,42,0,29747.93,1,1,1,152917.99,0
3541,656,France,Female,18,1,111719.39,1,0,1,54210.44,0
3542,599,France,Male,42,4,163249.44,2,1,1,64095.85,0
3543,643,France,Male,18,8,83898.83,1,1,1,577.82,0
3544,755,Spain,Female,29,6,56877.3,2,1,1,35848.59,0
3545,547,Spain,Female,22,4,136161.95,2,1,0,124479.04,0
3546,688,Germany,Male,30,4,31576.82,2,1,0,90055.8,0
3547,807,Germany,Male,72,5,142904.62,1,0,1,152854.7,1
3548,572,Germany,Male,73,6,96813.77,1,1,0,11767.52,0
3549,821,Spain,Male,61,4,0.0,1,0,0,181165.25,0
3550,617,Spain,Male,26,5,233418.47,1,0,0,109902.43,0
3551,760,France,Male,36,5,199788.11,2,1,0,198097.56,1
3552,804,France,Female,46,8,159234.71,2,1,0,14516.23,0
3553,760,Spain,Male,28,6,0.0,2,1,1,24967.2,0
3554,643,Germany,Male,48,0,148105.9,2,1,1,118153.71,0
3555,736,Germany,Female,32,1,29128.07,2,0,0,148700.81,0
3556,767,France,Male,38,8,194531.33,1,1,0,44181.77,0
3557,714,France,Female,26,4,0.0,1,0,0,32135.29,0
3558,495,Spain,Female,79,1,159165.82,1,1,1,147557.67,1
3559,556,France,Female,41,8,92805.35,1,1,1,145031.27,0
3560,619,Spain,Male,19,9,78218.64,2,1,0,74886.65,0
3561,548,Spain,Male,26,7,144428.21,2,1,0,65373.27,1
3562,610,France,Male,33,7,88535.02,2,1,0,122236.46,0
3563,711,Germany,Female,29,3,0.0,1,1,0,164149.92,1
3564,676,Spain,Female,33,2,89070.93,1,1,0,92240.75,0
3565,723,Spain,Male,39,10,198842.56,2,0,0,745.25,0
3566,728,Spain,Female,59,0,0.0,1,0,1,196274.89,1
3567,679,Germany,Female,42,3,0.0,1,0,0,160741.74,0
3568,608,France,Female,22,0,116239.12,1,0,0,174605.66,0
3569,798,Spain,Male,60,0,118372.34,1,0,1,136015.11,0
3570,701,France,Female,48,0,43222.72,2,1,1,77188.31,0
3571,676,France,Male,23,4,73282.76,2,0,1,165435.53,0
3572,592,Spain,Female,39,6,0.0,1,1,1,177122.04,0
3573,626,Germany,Female,31,7,0.0,1,1,0,8765.05,0
3574,523,France,Female,34,7,0.0,2,1,0,161924.21,1
3575,687,Spain,Female,30,1,0.0,2,0,0,73288.4,0
3576,771,Germany,Male,54,10,0.0,1,1,1,152175.74,0
3577,746,Spain,Male,18,9,0.0,2,0,0,3903.18,0
3578,683,Germany,Female,42,2,97072.79,1,0,0,90252.72,1
3579,581,France,Male,26,8,0.0,1,0,0,54320.43,0
3580,745,Spain,Male,41,1,182409.64,2,1,0,81961.08,0
3581,653,Spain,Female,31,3,0.0,2,0,0,52969.57,0
3582,613,France,Male,21,4,98532.36,1,1,0,83045.21,0
3583,687,France,Female,25,0,88022.37,1,1,0,119476.61,0
3584,658,Spain,Female,29,9,98994.59,2,1,1,191214.51,0
3585,629,France,Female,24,3,0.0,1,0,0,172870.82,0
3586,579,France,Female,27,4,0.0,3,1,1,75951.16,0
3587,477,Spain,Male,32,8,104476.57,1,0,0,10714.85,0
3588,618,France,Male,45,2,0.0,2,1,1,33199.2,0
3589,706,France,Female,24,9,125832.83,2,1,0,176239.62,0
3590,616,France,Female,18,0,120686.18,1,1,0,170462.33,1
3591,692,Germany,Female,35,5,58029.0,2,0,1,160922.73,0
3592,672,Spain,Male,21,7,85107.63,1,0,0,57805.01,0
3593,683,Germany,Female,62,0,119427.95,1,0,1,64861.04,0
3594,788,France,Female,41,10,161454.78,2,1,1,15252.28,0
3595,559,Spain,Male,48,4,0.0,2,1,0,166773.26,1
3596,564,Spain,Male,37,9,0.0,1,1,1,59432.86,0
3597,605,Germany,Male,30,3,112397.13,1,1,1,78957.75,0
3598,689,Germany,Male,28,9,0.0,2,1,1,22652.26,0
3599,680,France,Male,27,10,0.0,1,0,1,3617.93,0
3600,454,Germany,Male,29,4,121965.41,1,1,0,149896.52,0
3601,564,France,Female,40,3,143415.72,2,0,0,62347.21,0
3602,620,Germany,Female,28,9,414.57,2,1,1,118037.68,0
3603,646,France,Female,22,2,0.0,1,0,0,8494.46,0
3604,669,France,Female,36,2,103377.58,1,1,1,89697.25,0
3605,759,France,Male,41,5,0.0,2,1,1,93531.45,0
3606,738,Spain,Male,45,2,12697.21,1,1,1,146648.73,0
3607,650,Germany,Male,25,4,81850.64,4,1,0,191050.92,1
3608,553,Germany,Female,44,4,2011.16,1,1,0,126090.85,0
3609,674,France,Male,59,8,185344.18,1,0,0,106468.08,0
3610,619,Germany,Female,30,1,0.0,2,1,1,23167.33,1
3611,742,Spain,Female,36,7,160089.88,1,1,0,88316.72,0
3612,478,Spain,Male,39,8,150109.19,2,0,1,43197.61,0
3613,850,France,Male,35,2,138586.85,2,1,0,60599.51,0
3614,547,Germany,Female,53,0,91965.99,1,1,1,191120.21,1
3615,700,Spain,Male,41,7,214041.79,1,1,1,186775.41,0
3616,539,Germany,Female,52,0,119032.79,2,0,0,198995.81,1
3617,574,Germany,Male,31,3,0.0,1,1,1,176948.55,0
3618,535,France,Male,32,9,153821.7,1,1,1,97265.6,0
3619,745,Germany,Male,27,5,50712.93,2,0,1,129610.99,0
3620,598,France,Female,28,5,0.0,3,1,1,47677.13,0
3621,741,Germany,Female,43,0,172289.03,2,1,0,91053.24,0
3622,469,France,Male,39,6,121772.49,1,0,1,142523.7,0
3623,697,Germany,Male,46,1,123057.99,1,1,1,192255.19,0
3624,571,Germany,Male,18,0,43084.53,2,0,0,67241.08,1
3625,566,France,Female,25,3,168096.59,2,1,0,46450.56,1
3626,560,France,Male,38,3,0.0,2,1,0,91755.96,0
3627,648,Germany,Female,53,8,0.0,1,1,1,13071.74,0
3628,727,Spain,Female,18,1,183503.82,2,1,1,154357.58,0
3629,576,Spain,Female,28,8,0.0,2,1,1,157671.51,0
3630,502,Germany,Male,26,6,182302.35,1,1,1,115626.14,0
3631,604,Germany,Female,30,6,67830.73,1,1,1,166376.47,0
3632,636,France,Female,25,2,0.0,1,1,1,149214.77,0
3633,754,France,Male,34,10,124320.65,1,1,1,182631.19,0
3634,617,Germany,Male,29,9,0.0,1,1,1,2816.85,0
3635,571,France,Male,36,9,0.0,2,1,1,140132.61,0
3636,613,France,Female,50,7,185149.47,2,0,1,113767.62,0
3637,673,France,Male,29,7,0.0,1,1,1,130566.61,0
3638,517,France,Female,25,6,0.0,2,1,0,7824.25,0
3639,793,Germany,Male,29,8,0.0,1,1,1,155433.69,0
3640,605,France,Female,29,1,70097.05,2,0,0,155462.88,0
3641,599,France,Female,32,7,238575.08,1,1,1,160581.76,0
3642,650,Spain,Male,39,10,0.0,2,0,1,90469.54,0
3643,700,Spain,Male,22,1,0.0,2,1,1,154272.68,0
3644,727,France,Male,47,1,87492.03,2,1,1,196182.38,0
3645,520,Germany,Female,39,5,0.0,2,1,1,111929.08,0
3646,691,Germany,Male,38,8,0.0,1,0,0,101865.54,1
3647,580,France,Female,45,2,0.0,2,1,0,94113.16,0
3648,631,Germany,Female,34,9,100071.47,2,1,1,19360.17,0
3649,709,Spain,Male,34,10,0.0,1,1,1,199720.95,0
3650,728,France,Female,22,4,123536.01,1,1,1,99821.94,0
3651,742,Spain,Male,26,7,0.0,2,0,1,63687.58,0
3652,619,France,Female,60,1,0.0,1,0,1,131988.69,0
3653,820,Spain,Female,44,1,0.0,2,1,1,190710.06,0
3654,669,France,Male,29,2,87875.35,2,1,1,46508.79,0
3655,710,France,Male,26,0,43688.63,1,0,0,113704.35,0
3656,681,France,Female,33,4,104185.58,1,1,1,91728.8,0
3657,778,France,Female,53,7,0.0,1,0,0,121982.46,0
3658,579,France,Male,29,0,0.0,2,1,0,22340.33,0
3659,613,Spain,Female,34,4,0.0,1,1,1,102044.35,0
3660,605,France,Female,37,0,117848.88,2,0,1,91309.66,0
3661,689,France,Male,32,8,82897.19,1,1,1,1963.19,0
3662,538,France,Male,22,5,154143.7,1,1,0,160476.9,0
3663,600,France,Female,48,6,0.0,1,0,1,164294.62,0
3664,791,France,Male,40,9,132514.42,2,0,0,181527.82,0
3665,626,France,Male,18,8,200332.22,2,1,0,156965.32,1
3666,680,France,Male,19,0,0.0,2,1,1,25101.77,0
3667,617,France,Male,18,6,0.0,2,1,0,42518.38,0
3668,555,France,Female,55,9,134087.46,2,1,1,158489.46,0
3669,747,France,Female,35,5,16391.54,2,1,1,103166.58,0
3670,617,France,Male,52,8,0.0,2,0,0,4551.51,0
3671,529,Spain,Male,23,5,47201.65,1,1,0,35365.28,0
3672,685,Spain,Male,42,10,51779.55,2,1,0,98000.42,0
3673,707,France,Female,34,0,136700.56,2,1,1,198765.99,0
3674,636,France,Female,37,9,0.0,1,1,0,53856.23,0
3675,613,France,Male,20,3,34747.23,4,1,0,102517.95,0
3676,600,France,Female,33,10,84831.79,1,0,1,36750.22,0
3677,684,Spain,Female,18,8,0.0,2,1,0,187749.25,0
3678,631,France,Male,26,0,0.0,1,1,0,27168.19,0
3679,585,Germany,Male,39,8,62992.78,2,1,0,133761.4,0
3680,628,Spain,Female,32,9,148143.01,1,0,0,22790.51,0
3681,783,Spain,Female,31,8,99351.49,2,1,1,143514.5,0
3682,486,France,Female,33,8,97526.68,1,0,1,162072.03,0
3683,625,France,Male,35,0,0.0,1,1,1,55091.8,0
3684,810,Spain,Female,50,1,73061.31,1,0,0,6033.5,0
3685,833,France,Female,47,0,126863.72,2,1,0,26353.38,0
3686,500,Germany,Female,20,10,0.0,2,1,1,148317.6,0
3687,698,Germany,Male,55,6,0.0,2,1,1,162569.38,0
3688,684,Spain,Male,34,3,134971.55,1,1,1,130674.5,0
3689,754,Germany,Female,20,6,0.0,2,1,0,35598.26,0
3690,680,Germany,Male,42,7,153199.22,2,1,0,145251.99,1
3691,631,Germany,Female,18,7,0.0,1,1,1,142144.44,1
3692,692,Germany,Male,29,4,0.0,1,1,1,186862.13,0
3693,730,Germany,Male,36,6,137981.52,1,0,1,54850.87,0
3694,743,France,Male,42,6,123999.85,1,1,0,53057.64,0
3695,667,France,Male,43,10,0.0,1,1,0,29958.42,0
3696,636,Germany,Male,68,1,79053.4,2,1,1,170337.15,1
3697,671,France,Male,31,3,137429.42,1,0,1,112358.65,0
3698,464,France,Male,39,4,0.0,1,1,0,33035.43,0
3699,714,France,Female,49,3,153710.98,1,0,0,170201.98,1
3700,670,France,Male,41,4,56820.49,2,1,0,110538.95,0
3701,530,France,Female,31,5,226892.81,2,1,1,182257.27,0
3702,643,Spain,Male,44,2,126105.7,2,1,0,34993.74,0
3703,598,Germany,Male,56,2,0.0,2,0,1,3348.04,0
3704,602,France,Female,45,3,182998.88,2,1,1,144928.5,0
3705,583,France,Female,38,3,68676.72,2,0,0,149512.66,0
3706,688,Spain,Male,37,5,0.0,1,0,1,115898.13,0
3707,691,France,Male,25,6,167108.57,2,0,1,187293.69,0
3708,671,Spain,Female,43,9,0.0,2,0,1,154983.26,0
3709,680,France,Male,42,4,0.0,1,1,0,132030.36,0
3710,627,France,Female,51,8,88029.98,2,1,0,59931.72,0
3711,651,France,Female,30,5,153886.42,1,1,1,112023.53,0
3712,603,Spain,Female,62,7,217576.4,1,0,0,92084.63,0
3713,697,Spain,Female,38,7,148772.9,1,1,1,85156.45,0
3714,733,France,Female,25,0,0.0,2,1,0,179217.83,0
3715,697,Germany,Male,21,7,89603.29,2,1,0,195064.62,0
3716,653,Germany,Male,26,10,80232.01,1,0,1,14436.5,0
3717,485,Germany,Male,65,10,9203.84,2,1,1,148326.27,0
3718,558,France,Female,36,0,0.0,1,1,1,153864.22,0
3719,550,France,Female,40,6,96404.93,1,0,0,115200.62,0
3720,680,France,Male,67,0,121933.94,2,0,0,11601.15,0
3721,512,France,Female,26,2,0.0,1,1,1,124973.15,0
3722,714,France,Male,29,1,0.0,1,1,0,102613.01,0
3723,557,Germany,Male,25,10,0.0,1,0,1,161923.61,0
3724,573,France,Female,46,3,116217.67,2,1,0,66822.69,0
3725,525,France,Female,24,7,107190.89,2,1,0,68845.96,0
3726,565,Germany,Female,21,8,0.0,1,1,1,67770.97,0
3727,718,Spain,Female,38,10,85436.45,1,0,1,160712.28,0
3728,633,Germany,Female,31,5,179991.7,2,1,0,197841.47,0
3729,595,France,Male,26,0,60589.04,2,0,1,170251.48,0
3730,645,Spain,Male,44,8,130231.36,1,1,0,159407.68,0
3731,588,Spain,Female,60,10,168418.95,2,0,1,146689.93,1
3732,612,Germany,Male,41,2,15565.78,2,1,1,130795.16,0
3733,684,Spain,Male,41,8,0.0,2,1,1,184141.01,0
3734,640,Germany,Male,24,0,34192.72,2,1,1,198700.86,0
3735,667,Germany,Female,46,7,0.0,1,1,1,17703.65,0
3736,837,Germany,Male,51,2,162458.27,1,1,0,119785.12,0
3737,711,Spain,Female,59,0,144898.61,2,1,1,107684.01,0
3738,726,Germany,Female,39,3,0.0,1,0,1,162269.33,0
3739,533,Germany,Male,49,0,237228.51,1,1,0,111937.12,0
3740,687,France,Male,23,1,76452.05,2,0,0,88451.28,1
3741,713,France,Male,46,10,224883.95,2,1,1,102567.08,0
3742,557,France,Female,38,10,112710.21,1,0,1,75481.75,0
3743,567,Germany,Male,34,4,0.0,2,1,1,114081.87,0
3744,674,Spain,Female,28,5,0.0,2,1,1,157582.23,0
3745,565,France,Male,51,0,110845.92,2,1,0,128652.55,0
3746,719,Spain,Male,39,2,65816.66,1,1,0,182169.87,1
3747,717,Spain,Female,53,10,0.0,2,0,0,70664.87,0
3748,435,France,Male,25,2,82768.12,1,1,1,110939.05,0
3749,679,Spain,Female,23,6,89929.96,1,1,0,107957.34,0
3750,573,Germany,Male,41,4,0.0,1,0,1,178473.48,0
3751,511,France,Male,37,6,0.0,1,1,1,170112.36,0
3752,603,France,Female,35,0,98479.82,1,1,1,26974.4,0
3753,777,Spain,Female,30,9,0.0,1,0,1,146314.96,0
3754,764,Spain,Male,42,8,172263.08,2,1,0,94373.01,0
3755,675,France,Male,47,7,171314.77,1,0,1,121416.68,0
3756,629,Germany,Female,30,0,0.0,2,1,1,108657.86,0
3757,709,France,Female,36,1,101083.59,2,1,0,4349.07,0
3758,559,France,Female,35,2,46396.6,2,1,1,84965.3,0
3759,729,Spain,Male,42,0,69921.65,1,1,1,59555.23,0
3760,629,France,Female,31,6,53470.19,2,1,0,183617.58,0
3761,613,Germany,Male,57,8,0.0,2,1,1,157245.57,0
3762,713,Spain,Female,45,2,101642.67,1,1,0,12012.39,1
3763,850,France,Male,37,4,63133.57,1,0,0,167939.71,0
3764,577,Germany,Female,31,5,0.0,2,0,0,15408.97,0
3765,715,Germany,Female,35,0,130422.66,1,0,0,76950.82,0
3766,707,Spain,Male,52,8,138047.75,1,1,0,11006.04,0
3767,598,Germany,Male,47,4,140881.87,2,0,1,27062.41,0
3768,636,France,Female,71,4,38794.45,2,0,0,62296.78,0
3769,674,France,Male,28,0,0.0,2,0,0,4913.23,0
3770,596,Spain,Female,26,5,126152.24,2,0,0,19755.34,0
3771,597,France,Male,52,9,109625.42,2,1,1,119846.19,0
3772,706,Spain,Male,24,5,96166.05,1,0,1,45580.46,0
3773,731,France,Female,26,1,0.0,1,1,1,20375.71,0
3774,644,France,Male,50,5,89750.17,2,0,1,175556.38,0
3775,472,Germany,Female,50,10,99266.93,2,1,1,159694.42,0
3776,726,Germany,Female,38,6,0.0,2,1,0,157459.18,0
3777,651,France,Male,18,10,0.0,1,1,1,157885.11,0
3778,516,Germany,Female,30,1,62769.8,1,1,1,8820.39,0
3779,653,France,Male,18,4,0.0,2,1,0,154729.03,0
3780,721,France,Female,42,5,125574.37,3,1,0,104595.07,1
3781,850,France,Male,27,8,0.0,2,1,1,131068.27,0
3782,788,France,Male,31,4,162702.74,1,0,1,176009.21,0
3783,790,Germany,Female,33,0,0.0,1,1,1,36431.6,0
3784,517,France,Male,47,7,0.0,3,1,0,180181.03,0
3785,666,France,Male,35,10,0.0,2,0,0,118960.66,0
3786,558,France,Male,28,1,177039.15,2,1,0,120851.27,0
3787,699,Spain,Male,52,4,114720.99,2,0,0,162825.59,0
3788,748,France,Male,30,7,0.0,1,0,1,65191.05,0
3789,635,France,Female,18,10,121373.31,2,1,0,141467.68,1
3790,760,France,Female,28,2,87821.41,1,0,0,24789.03,1
3791,761,Germany,Male,53,4,136064.58,2,1,1,116764.23,0
3792,667,Spain,Female,18,3,0.0,2,0,1,150800.46,0
3793,660,Germany,Female,49,4,0.0,2,0,0,189360.74,0
3794,684,Spain,Male,29,8,0.0,2,0,1,91510.44,0
3795,546,Spain,Female,27,1,159870.87,1,1,0,94721.92,1
3796,849,Spain,Female,30,1,77743.14,1,1,0,177755.53,0
3797,799,Germany,Female,25,2,47382.6,1,1,0,12304.34,1
3798,611,France,Female,43,0,0.0,2,1,0,172644.0,0
3799,733,France,Male,75,3,0.0,1,1,0,130051.56,0
3800,620,Germany,Male,23,5,84485.15,3,0,0,82377.76,0
3801,681,Spain,Female,24,10,137982.78,2,1,0,102645.13,0
3802,650,Germany,Female,27,7,129229.6,2,1,0,102648.77,0
3803,680,Germany,Male,43,8,210642.06,1,1,1,23802.81,1
3804,531,Spain,Male,43,4,0.0,1,1,1,46715.21,0
3805,594,France,Male,60,4,46931.58,2,1,0,14066.12,1
3806,818,Germany,Female,35,0,111107.68,2,1,0,20010.59,0
3807,581,Spain,Female,21,7,0.0,1,1,1,106695.57,0
3808,627,Germany,Female,38,3,168696.28,1,1,0,180162.15,0
3809,671,France,Male,40,8,83376.51,2,0,1,102444.85,0
3810,680,Germany,Female,45,8,0.0,2,1,0,63753.92,1
3811,724,France,Male,33,5,0.0,2,0,0,52391.01,0
3812,498,Spain,Male,42,9,0.0,2,1,1,5329.64,0
3813,626,France,Male,43,4,53424.65,1,1,1,36005.3,0
3814,724,France,Female,37,6,147372.68,2,1,0,167702.74,0
3815,807,Germany,Male,33,6,164154.78,2,0,1,5013.27,1
3816,703,Spain,Female,42,6,0.0,2,1,1,125302.01,0
3817,652,France,Male,39,8,0.0,1,0,1,99188.59,0
3818,635,France,Male,34,3,0.0,1,1,1,190109.64,0
3819,739,Spain,Female,20,10,74458.59,2,1,1,67186.92,0
3820,521,France,Male,41,5,227543.72,2,1,0,180472.11,0
3821,650,Germany,Male,18,8,0.0,1,1,1,113811.06,0
3822,850,France,Male,29,2,149997.93,1,1,1,179288.91,0
3823,687,Germany,Male,52,4,97904.56,2,1,1,190572.8,0
3824,593,France,Female,40,4,69762.88,1,1,0,145320.87,0
3825,653,Spain,Male,39,2,0.0,1,1,0,151906.43,0
3826,746,France,Female,45,8,0.0,2,1,0,17758.48,0
3827,636,France,Female,27,1,0.0,1,0,0,57656.52,0
3828,705,Spain,Female,40,5,0.0,1,1,1,41895.46,0
3829,743,France,Female,28,3,135232.16,2,1,1,39425.69,0
3830,495,Spain,Female,24,0,64352.62,2,0,0,76277.69,0
3831,850,France,Female,36,2,0.0,2,1,1,74964.9,0
3832,699,Germany,Male,18,8,158538.16,2,1,1,191006.4,0
3833,656,France,Female,24,5,0.0,2,1,1,122371.5,0
3834,721,France,Female,47,0,44757.28,1,0,0,117080.27,0
3835,480,France,Male,30,1,0.0,1,1,0,70581.52,0
3836,663,Spain,Female,27,7,0.0,2,0,0,159780.35,0
3837,588,Germany,Female,34,8,139284.76,2,0,0,39509.91,1
3838,586,France,Male,45,3,172930.38,2,1,1,158785.61,0
3839,850,Germany,Female,21,7,23517.11,2,1,0,17947.58,1
3840,744,France,Male,46,1,155005.99,1,1,0,53325.26,0
3841,640,France,Female,35,8,161496.27,2,1,0,188701.6,0
3842,648,France,Female,35,2,0.0,2,1,0,51074.84,0
3843,613,France,Female,34,10,0.0,1,1,0,18019.4,0
3844,449,France,Male,24,8,84076.47,1,1,1,199530.6,0
3845,635,Spain,Female,38,5,0.0,1,0,0,176195.9,0
3846,683,Spain,Female,18,6,69033.59,1,1,0,92704.39,0
3847,711,France,Male,53,3,0.0,2,1,1,192142.81,0
3848,422,France,Male,48,3,122050.64,2,1,1,166634.01,0
3849,770,Germany,Female,53,5,152720.14,2,1,0,50895.71,1
3850,520,France,Male,34,7,0.0,2,1,0,20291.63,0
3851,612,Spain,Female,20,2,0.0,1,1,1,162094.16,0
3852,637,France,Male,38,6,206954.27,1,1,0,74093.64,0
3853,642,Spain,Female,22,9,101477.3,2,1,0,44828.3,0
3854,582,France,Female,35,7,0.0,2,0,0,26932.08,1
3855,663,Germany,Female,34,4,0.0,2,1,1,98952.39,0
3856,522,Germany,Female,32,2,90447.96,2,0,0,186604.58,0
3857,637,Spain,Female,23,9,137064.76,1,0,0,88838.98,0
3858,687,France,Male,30,6,149071.02,1,1,1,29208.21,0
3859,711,France,Female,34,0,111639.36,1,1,0,12585.62,0
3860,799,France,Female,32,5,0.0,2,1,1,92428.62,0
3861,756,Germany,Female,44,4,0.0,1,1,0,157397.06,0
3862,644,France,Female,19,10,74860.61,2,1,1,169851.0,0
3863,637,Spain,Female,30,3,0.0,2,0,0,88757.91,1
3864,598,Germany,Male,31,2,159034.54,1,1,0,34735.3,0
3865,672,Spain,Male,30,7,152557.81,1,1,0,56477.87,0
3866,418,Spain,Male,28,9,56230.47,2,1,0,62291.26,0
3867,629,Spain,Female,32,10,0.0,2,0,0,1794.27,0
3868,645,France,Male,25,3,0.0,1,1,0,119349.4,0
3869,725,France,Male,23,1,0.0,1,0,0,177714.36,0
3870,552,France,Male,29,5,151364.91,1,1,1,25362.69,0
3871,573,Germany,Male,26,0,0.0,2,1,1,58659.74,0
3872,833,France,Female,26,3,103890.0,1,0,1,195182.63,0
3873,778,Germany,Male,28,5,0.0,2,1,0,76115.26,0
3874,656,Spain,Male,58,3,99615.64,2,1,1,185122.24,0
3875,748,Germany,Male,33,0,42390.46,1,0,1,186050.88,0
3876,571,France,Female,67,7,0.0,1,0,1,190721.3,1
3877,764,France,Male,44,5,19614.31,2,0,0,99342.57,0
3878,687,Spain,Male,18,5,149154.76,1,1,1,191261.67,0
3879,695,France,Female,43,9,26396.71,2,0,0,196570.51,0
3880,692,Spain,Female,23,4,0.0,2,1,0,143389.08,0
3881,600,France,Female,56,0,164614.51,1,1,1,43464.32,0
3882,756,France,Female,40,7,96313.61,1,1,1,110425.06,0
3883,681,Germany,Female,47,3,71025.67,2,0,0,78024.69,0
3884,809,Spain,Male,37,9,74610.73,1,1,0,176641.19,0
3885,675,Spain,Male,53,8,250000.0,1,1,1,7489.49,1
3886,850,France,Male,67,10,0.0,2,0,1,58260.32,0
3887,579,France,Male,55,8,0.0,1,0,0,158017.73,0
3888,478,France,Female,48,8,0.0,1,0,1,66178.67,0
3889,621,France,Male,53,8,193595.52,2,1,0,146164.16,1
3890,727,Spain,Female,38,9,112823.66,2,1,0,198473.94,0
3891,799,Germany,Female,29,4,153893.78,2,1,0,192859.54,0
3892,629,Germany,Female,36,5,25867.39,2,1,1,15419.89,0
3893,544,Spain,Male,18,2,37989.85,2,0,1,87074.21,0
3894,680,Germany,Male,46,4,112990.51,1,1,0,125419.92,1
3895,450,Spain,Female,36,9,91301.76,1,0,0,56376.03,0
3896,695,France,Male,36,8,0.0,2,1,0,107771.57,0
3897,526,France,Male,42,2,0.0,1,1,0,105414.97,0
3898,543,France,Male,38,0,122186.57,1,1,0,20136.27,0
3899,461,France,Male,18,6,164234.35,2,1,1,32725.09,0
3900,527,Germany,Male,46,0,103442.16,2,1,0,126581.19,1
3901,704,Germany,Male,31,1,4333.43,1,1,0,25185.22,0
3902,613,Germany,Female,36,8,165006.0,2,1,1,85128.04,0
3903,684,Spain,Male,27,4,127686.62,1,0,0,45149.76,0
3904,473,France,Female,62,4,131412.78,2,1,1,197274.55,0
3905,741,France,Male,32,8,154304.64,1,1,1,53677.63,1
3906,481,Spain,Female,18,7,33655.61,2,1,0,136987.2,0
3907,535,Spain,Female,45,5,133419.86,1,1,1,97051.9,0
3908,689,Spain,Male,48,9,0.0,2,1,0,11970.05,0
3909,631,France,Female,33,9,152586.55,2,1,1,166300.55,0
3910,718,France,Female,26,1,0.0,1,1,0,41845.83,0
3911,569,Germany,Female,22,2,108870.74,2,1,1,187013.91,0
3912,715,Germany,Male,48,4,74837.33,2,0,0,122614.77,1
3913,549,France,Male,44,6,0.0,1,0,1,151322.82,0
3914,612,France,Male,46,2,0.0,2,1,0,50146.27,0
3915,469,Germany,Female,41,2,94219.49,2,1,0,110799.09,0
3916,702,France,Male,46,1,25626.27,2,1,1,4580.92,0
3917,762,France,Male,50,2,83501.17,2,1,0,41663.29,0
3918,520,Spain,Male,52,7,54344.94,1,0,1,4294.61,0
3919,656,France,Male,56,6,115844.84,2,0,1,160411.83,0
3920,561,Germany,Male,45,10,48895.6,2,0,0,26067.81,1
3921,706,France,Female,38,3,55398.91,2,1,0,120631.97,0
3922,632,France,Male,18,4,0.0,1,0,1,126582.07,0
3923,850,Spain,Male,21,3,73585.08,1,0,0,22643.68,1
3924,789,France,Female,25,0,0.0,2,1,0,8201.93,0
3925,566,France,Female,18,0,113872.86,1,1,1,196845.33,0
3926,736,Spain,Male,89,0,99083.83,2,1,0,143874.32,1
3927,354,France,Male,26,8,0.0,1,1,0,175958.66,1
3928,675,Spain,Female,38,8,0.0,1,0,0,189362.83,0
3929,701,France,Female,39,4,89353.22,1,1,0,89686.42,0
3930,593,Germany,Male,38,7,151152.4,2,0,1,106566.25,0
3931,576,Spain,Male,31,9,136831.99,1,1,1,19241.61,0
3932,649,France,Male,18,4,87273.45,2,1,0,118468.01,0
3933,678,France,Male,33,2,118897.94,1,0,0,113567.81,0
3934,708,France,Female,27,3,108417.89,4,1,1,110867.2,0
3935,640,Germany,Male,26,3,165798.5,2,1,0,63.43,0
3936,777,France,Male,41,7,94781.57,1,0,1,158278.37,0
3937,548,Spain,Male,18,2,45210.26,1,1,1,162100.86,0
3938,488,France,Male,43,0,100761.81,1,1,0,119079.37,0
3939,554,Spain,Female,40,5,0.0,2,1,1,179125.9,0
3940,619,Germany,Female,42,7,76093.92,3,1,0,37357.3,1
3941,681,France,Male,32,9,0.0,1,1,1,34768.95,0
3942,601,Germany,Female,40,0,26254.45,2,0,0,156977.9,0
3943,602,France,Male,28,5,34141.41,2,1,0,80515.23,0
3944,465,France,Female,42,6,48962.21,1,1,1,170581.15,0
3945,593,Germany,Male,51,6,0.0,1,0,1,188008.82,0
3946,480,Spain,Female,36,10,0.0,2,1,0,169883.07,1
3947,451,France,Female,47,7,56749.25,2,1,1,135937.13,0
3948,769,Spain,Female,29,1,0.0,1,1,1,187447.29,0
3949,720,Spain,Female,28,9,83766.5,1,0,1,106462.5,0
3950,736,France,Male,19,8,68698.31,2,1,1,41254.26,0
3951,759,Germany,Female,35,9,0.0,1,1,1,173124.77,0
3952,712,Spain,Male,62,0,18699.56,2,1,1,99065.9,0
3953,716,France,Male,30,9,0.0,1,1,0,159108.24,0
3954,528,Germany,Female,29,9,0.0,1,0,0,176999.32,0
3955,647,France,Female,33,4,40786.81,2,1,0,89401.37,1
3956,616,Germany,Female,23,6,100502.1,2,0,1,96452.04,0
3957,650,France,Male,18,2,0.0,1,1,0,116416.13,1
3958,693,Spain,Male,34,6,0.0,2,0,0,51148.03,0
3959,646,Germany,Female,38,1,42009.07,1,0,0,98496.24,0
3960,521,France,Female,24,9,196559.44,1,1,1,115425.79,0
3961,515,France,Male,46,7,2368.53,2,1,1,109717.9,0
3962,710,France,Female,18,1,52042.47,2,0,0,55654.71,0
3963,778,Spain,Female,36,9,1570.06,2,0,0,119117.84,0
3964,591,France,Male,30,1,0.0,1,0,1,96931.99,0
3965,611,Germany,Male,36,0,38755.15,2,1,1,173694.31,0
3966,700,France,Female,18,5,0.0,1,1,0,161846.41,0
3967,840,Germany,Female,34,7,55133.42,2,0,0,163184.47,0
3968,566,Spain,Female,62,5,29079.68,1,1,0,171957.51,0
3969,551,Germany,Female,44,2,182065.42,2,1,0,174762.82,0
3970,692,Spain,Male,49,6,0.0,2,1,1,179665.85,0
3971,753,France,Male,37,3,0.0,1,1,1,194563.42,0
3972,501,France,Male,32,2,110907.79,1,1,0,183030.28,1
3973,521,France,Male,77,1,145944.45,2,1,1,156944.81,0
3974,663,France,Female,46,4,21079.61,1,1,0,12296.91,0
3975,518,Germany,Male,24,1,0.0,2,0,0,1029.44,1
3976,698,Spain,Female,31,8,104211.78,2,1,1,189890.29,0
3977,684,France,Female,18,1,0.0,2,1,1,128148.52,0
3978,582,France,Male,34,5,152727.35,2,1,0,159786.96,1
3979,701,France,Female,32,7,0.0,1,1,0,175726.6,0
3980,623,Spain,Male,20,1,209923.17,2,1,1,160220.14,0
3981,638,France,Female,35,10,0.0,2,0,0,7982.25,0
3982,782,Germany,Female,26,7,186055.21,1,1,1,110959.22,0
3983,575,France,Male,42,7,0.0,2,1,1,63497.03,0
3984,766,Spain,Male,40,8,46242.21,1,1,1,15553.0,0
3985,566,Spain,Male,34,10,147605.62,1,1,0,160990.53,0
3986,597,Spain,Male,25,9,60867.78,2,1,1,4531.39,0
3987,606,Spain,Female,54,9,0.0,1,0,0,32420.77,0
3988,597,France,Male,32,5,82871.35,2,1,0,38774.73,0
3989,666,France,Male,43,7,82566.35,1,1,1,5872.28,1
3990,740,Germany,Male,37,3,0.0,1,1,0,49970.6,1
3991,706,Spain,Female,26,0,0.0,1,1,1,176497.75,1
3992,735,France,Female,29,3,79519.09,2,1,0,87723.88,0
3993,702,France,Female,22,1,6477.14,1,0,1,133591.75,0
3994,831,France,Male,59,0,0.0,1,1,0,160900.71,1
3995,667,Germany,Female,37,7,0.0,1,0,0,47867.96,0
3996,671,France,Female,31,8,75456.2,2,1,0,174214.7,0
3997,501,France,Male,59,9,94407.34,1,0,0,104381.58,0
3998,786,Germany,Female,29,4,173326.34,2,0,0,55588.24,1
3999,701,Spain,Male,26,7,0.0,1,1,1,168182.54,0
4000,468,France,Female,43,0,128827.86,1,0,0,4109.72,1
4001,533,France,Female,34,3,24322.23,2,1,0,150226.1,0
4002,616,Germany,Male,41,0,97699.35,1,1,1,187782.12,0
4003,844,France,Female,18,5,26013.23,2,1,0,13918.98,1
4004,694,France,Female,51,4,165850.67,2,0,1,60126.41,0
4005,635,Spain,Male,42,8,80646.7,2,0,0,19401.74,0
4006,644,France,Female,24,3,0.0,1,1,1,4973.04,0
4007,584,France,Male,18,3,80813.49,1,1,0,111594.94,0
4008,661,France,Male,40,7,20297.21,1,1,1,154662.82,0
4009,837,France,Female,39,7,138636.16,2,1,0,144062.12,0
4010,618,France,Male,33,9,145176.57,1,1,0,127137.33,0
4011,580,France,Female,37,6,0.0,1,1,0,79384.48,0
4012,756,France,Female,39,0,0.0,1,1,1,123242.17,0
4013,729,France,Male,35,2,117305.2,2,1,1,145332.2,0
4014,626,France,Male,50,6,8223.07,1,1,1,21742.17,0
4015,718,Spain,Male,49,1,0.0,1,1,0,11128.51,0
4016,725,Germany,Male,39,1,81217.34,1,1,0,123820.71,0
4017,681,Germany,Male,18,4,81037.98,2,0,1,41341.61,0
4018,561,France,Female,25,3,0.0,1,0,0,92046.67,0
4019,770,France,Male,71,7,67649.6,2,0,0,18458.11,0
4020,732,France,Female,28,10,0.0,1,1,1,135278.41,0
4021,668,Spain,Male,22,9,0.0,2,1,1,103386.33,0
4022,618,Spain,Female,59,6,0.0,1,1,1,95051.73,1
4023,510,France,Male,47,8,74329.22,2,1,1,81396.2,0
4024,594,France,Female,30,4,146716.67,1,1,0,23713.84,1
4025,605,France,Male,18,10,114846.15,1,1,0,174989.49,0
4026,611,Spain,Male,37,6,92377.85,1,1,1,119486.33,0
4027,558,France,Male,23,2,0.0,2,1,0,143339.7,0
4028,393,France,Female,22,10,123901.53,2,0,0,69900.07,0
4029,638,Germany,Female,70,2,102716.73,2,0,0,130564.64,1
4030,689,France,Male,32,3,184418.63,1,0,0,127746.62,1
4031,781,Germany,Male,63,8,0.0,1,1,1,14807.07,0
4032,738,Spain,Female,45,2,48091.81,1,0,1,173539.48,0
4033,642,Germany,Male,62,8,119778.77,2,1,1,181351.86,0
4034,769,Germany,Female,44,6,118040.49,1,0,1,136062.06,0
4035,606,Spain,Male,42,9,0.0,1,1,0,24622.78,0
4036,693,Germany,Male,39,0,81697.49,1,0,0,138792.84,0
4037,670,France,Male,27,9,82249.76,2,0,0,99217.45,1
4038,769,France,Female,38,10,130480.99,1,0,0,196978.65,0
4039,682,France,Male,26,0,0.0,2,1,0,90859.83,0
4040,629,Spain,Male,30,8,69524.22,1,1,0,10264.91,1
4041,715,France,Male,23,10,78435.76,2,1,0,58155.29,0
4042,726,France,Male,68,4,175320.36,2,1,0,72708.09,1
4043,625,Spain,Female,53,9,0.0,2,0,0,122392.8,1
4044,784,Germany,Female,47,1,0.0,1,0,1,150831.49,0
4045,789,France,Female,31,5,71688.36,2,1,1,174023.82,0
4046,754,France,Female,48,10,0.0,1,0,1,22210.15,0
4047,683,Germany,Female,55,4,77403.73,3,1,1,107262.29,0
4048,781,France,Female,34,7,134188.23,1,1,1,38820.09,0
4049,787,France,Female,41,6,39018.09,1,1,0,73987.72,0
4050,730,Germany,Male,19,8,128167.73,2,1,0,193360.83,0
4051,589,Spain,Male,67,3,113177.05,2,1,0,129779.48,0
4052,713,France,Female,27,6,83711.17,1,0,1,31574.62,0
4053,637,Spain,Female,39,6,135041.51,1,1,0,81039.34,0
4054,483,France,Male,28,2,0.0,2,1,1,190417.53,0
4055,683,France,Male,32,10,178713.24,2,1,0,171609.66,0
4056,804,Spain,Female,47,8,93737.06,2,0,1,104288.09,0
4057,700,Germany,Male,24,2,0.0,3,1,1,128133.77,0
4058,678,France,Female,39,7,0.0,2,1,1,133048.18,0
4059,760,France,Male,27,2,0.0,1,1,1,197742.07,0
4060,652,France,Female,20,5,0.0,1,1,0,191369.28,0
4061,650,Germany,Male,48,8,104978.5,2,1,0,13420.19,0
4062,785,France,Male,25,2,0.0,1,1,0,170382.03,0
4063,700,France,Male,37,2,126213.98,1,0,1,5302.66,0
4064,811,Spain,Male,80,10,0.0,1,1,0,130426.74,0
4065,850,France,Male,29,1,132287.02,2,0,0,92201.19,1
4066,775,France,Female,28,4,0.0,3,0,1,32667.82,0
4067,669,France,Male,77,7,0.0,1,1,0,125795.54,0
4068,617,Spain,Female,52,0,76535.76,1,1,1,5305.06,1
4069,499,France,Male,21,5,0.0,2,1,1,99227.48,0
4070,629,Germany,Male,29,1,66930.53,2,1,1,119300.63,1
4071,668,Germany,Male,26,9,80128.29,1,1,1,135469.21,0
4072,681,France,Male,34,10,0.0,2,1,1,188143.57,0
4073,589,Spain,Male,33,7,169157.79,4,0,1,198738.72,0
4074,539,Spain,Male,36,10,127738.57,2,1,1,4682.12,0
4075,613,France,Male,49,8,0.0,1,1,1,123927.97,0
4076,677,Spain,Female,37,0,135432.38,1,1,1,56319.84,0
4077,726,France,Male,49,5,0.0,2,1,0,194342.62,0
4078,568,Spain,Female,22,1,0.0,1,1,0,197524.23,0
4079,723,France,Male,29,2,0.0,1,1,1,71878.41,0
4080,569,Spain,Female,50,4,0.0,2,1,0,69805.07,0
4081,591,France,Female,29,10,69330.99,2,1,0,31814.88,0
4082,802,France,Female,20,8,5183.23,2,0,1,197731.16,0
4083,721,Germany,Male,31,10,0.0,1,1,0,120372.07,1
4084,738,France,Male,39,0,112606.69,2,1,0,194504.57,0
4085,578,Germany,Female,37,0,0.0,2,0,0,68979.5,0
4086,626,Germany,Male,36,9,0.0,2,1,1,14550.75,0
4087,850,Spain,Female,25,3,0.0,1,1,1,32321.22,0
4088,736,Spain,Male,30,7,42023.59,2,0,1,52372.94,0
4089,836,France,Male,52,2,0.0,1,1,1,188770.35,0
4090,571,Spain,Male,62,10,0.0,2,1,0,55184.93,1
4091,653,France,Male,66,9,0.0,1,0,0,166309.51,0
4092,783,Spain,Male,22,3,0.0,1,1,0,43582.09,0
4093,740,France,Female,28,7,0.0,1,0,1,154774.71,0
4094,515,Spain,Male,18,5,0.0,2,0,0,195021.77,1
4095,602,Germany,Female,35,7,131131.7,2,1,0,36518.88,0
4096,673,Spain,Male,41,0,0.0,2,0,0,31064.95,1
4097,669,Germany,Female,52,3,148101.27,1,0,1,44236.16,1
4098,680,Spain,Female,31,1,19381.48,2,1,1,188104.7,0
4099,753,France,Male,33,6,101198.55,1,1,1,132734.5,0
4100,772,France,Female,18,3,69804.48,2,1,0,51965.91,1
4101,596,Spain,Female,21,4,150147.73,2,0,1,184770.05,0
4102,583,Spain,Female,35,10,184672.66,2,0,0,169872.18,1
4103,695,Germany,Male,44,9,0.0,2,1,1,85991.4,0
4104,850,Spain,Male,38,10,49889.01,1,1,1,15041.46,0
4105,752,Germany,Female,29,2,0.0,2,0,0,179141.4,0
4106,771,Germany,Female,34,5,0.0,1,1,1,199886.69,0
4107,715,France,Female,22,4,130032.17,1,0,0,141071.7,0
4108,656,France,Female,48,7,0.0,1,1,0,23878.54,0
4109,622,Spain,Male,20,7,0.0,1,1,0,102021.93,0
4110,760,Germany,Male,49,10,30605.84,4,1,0,130917.66,0
4111,728,Spain,Male,41,8,0.0,2,0,1,92271.21,0
4112,671,France,Male,32,1,0.0,2,1,1,46333.65,0
4113,683,Germany,Male,30,7,127706.42,2,0,1,195368.35,0
4114,658,France,Female,42,7,130866.53,1,0,0,62677.18,1
4115,497,France,Female,53,10,92467.78,2,1,1,12445.44,0
4116,768,Spain,Male,37,8,167009.4,3,1,0,188317.48,1
4117,676,Spain,Male,42,10,0.0,1,0,1,66573.89,0
4118,498,Spain,Female,50,3,0.0,1,0,1,79948.37,0
4119,798,France,Female,21,3,0.0,2,0,0,46521.44,0
4120,655,France,Female,23,10,115794.49,1,1,1,851.29,0
4121,639,Spain,Male,23,3,0.0,2,1,1,199022.62,0
4122,591,France,Male,45,8,0.0,1,1,1,112686.53,0
4123,715,France,Male,67,6,76182.14,1,0,0,33588.31,1
4124,661,Spain,Male,29,2,118041.54,1,0,1,160699.38,0
4125,609,Germany,Male,20,3,155822.78,1,1,1,152268.82,1
4126,647,Germany,Male,43,5,0.0,2,1,1,136478.97,0
4127,629,Germany,Female,43,0,0.0,2,0,0,152974.13,0
4128,751,France,Male,61,0,0.0,1,1,0,1117.21,0
4129,669,France,Female,48,8,87249.66,1,1,0,91813.79,0
4130,680,France,Female,28,0,44629.53,1,1,1,46095.26,0
4131,569,France,Male,47,0,158435.1,2,1,0,131888.79,0
4132,655,France,Female,38,5,64487.85,2,1,1,165173.81,0
4133,555,Spain,Female,36,4,161155.82,1,1,0,124096.02,0
4134,664,Spain,Male,29,3,198733.0,1,1,0,37507.53,1
4135,548,France,Female,45,7,128085.86,2,0,0,191594.02,0
4136,529,France,Female,51,0,67746.08,2,1,0,75420.16,0
4137,462,Spain,Male,66,9,185991.93,1,1,1,170206.78,0
4138,517,France,Female,35,8,119608.0,2,1,1,69239.07,0
4139,462,France,Male,18,8,60355.27,1,0,1,31531.82,0
4140,614,Spain,Male,40,5,0.0,1,1,1,20464.39,0
4141,684,Spain,Male,23,8,110087.09,2,0,0,107229.4,0
4142,538,France,Female,30,10,0.0,1,0,0,55631.9,0
4143,677,Spain,Male,32,7,74174.86,2,1,1,147195.75,0
4144,507,Germany,Female,36,5,104547.92,1,1,1,156218.97,0
4145,623,Germany,Male,32,7,119469.52,2,1,1,117856.59,0
4146,733,Germany,Male,26,1,0.0,1,1,1,88932.23,0
4147,638,Germany,Male,34,7,107747.9,2,0,0,10527.94,1
4148,636,France,Female,22,9,0.0,1,1,0,170825.55,0
4149,692,Germany,Male,28,7,70454.52,1,1,1,117255.06,0
4150,801,Spain,Male,36,8,0.0,2,1,1,100425.67,0
4151,584,France,Female,53,10,133907.33,2,1,1,15133.91,1
4152,698,France,Male,35,9,118348.03,2,0,0,187634.41,1
4153,429,France,Female,34,4,120716.34,2,1,1,57888.56,0
4154,462,France,Male,27,5,0.0,1,1,0,39415.36,0
4155,652,France,Female,33,3,15531.71,1,1,1,9255.17,0
4156,458,France,Male,21,7,0.0,3,1,0,106974.24,1
4157,706,France,Male,42,1,227999.28,1,1,1,139657.79,0
4158,655,France,Male,32,10,92130.23,1,0,0,76006.84,0
4159,719,Spain,Male,72,10,172672.62,1,1,0,48066.09,1
4160,661,Spain,Female,27,1,0.0,1,1,0,83277.31,1
4161,850,Germany,Male,26,1,82040.93,2,1,1,74678.86,0
4162,705,France,Female,40,2,95943.24,1,1,1,125787.4,0
4163,769,Spain,Male,19,1,144244.43,1,1,0,176999.32,0
4164,662,France,Male,22,8,0.0,2,1,0,112474.52,0
4165,502,France,Female,20,0,21805.13,2,0,1,196095.37,0
4166,761,Spain,Female,38,5,103277.09,1,0,1,162273.64,0
4167,850,Spain,Male,25,7,106044.84,4,1,0,175609.5,1
4168,422,Germany,Female,33,5,2969.02,3,0,0,191504.38,1
4169,627,Germany,Female,41,8,63713.45,1,1,0,107591.18,1
4170,814,France,Male,41,0,170622.13,1,0,0,99794.13,0
4171,681,France,Female,27,10,61743.3,1,1,0,123230.25,0
4172,590,France,Male,36,8,0.0,1,1,1,171004.27,0
4173,747,France,Female,50,2,0.0,2,1,0,125412.89,0
4174,804,France,Male,36,9,0.0,1,1,1,58336.5,0
4175,660,Germany,Male,25,1,0.0,3,1,0,132551.82,1
4176,721,France,Male,23,9,125638.6,2,1,0,30930.71,0
4177,700,Germany,Male,44,4,95668.28,2,1,1,106340.46,0
4178,711,France,Male,42,0,0.0,1,0,1,136154.7,0
4179,563,France,Male,31,9,0.0,2,1,0,55400.15,1
4180,661,Germany,Male,19,6,160227.75,2,1,0,13434.62,1
4181,373,Spain,Male,25,9,0.0,2,1,1,31958.09,0
4182,741,Germany,Male,27,4,151980.63,1,0,1,31460.67,0
4183,570,France,Female,37,9,33023.04,1,1,1,194781.37,0
4184,590,Spain,Male,51,4,200417.32,3,1,1,101769.81,1
4185,579,Spain,Female,37,5,0.0,1,0,1,184291.06,0
4186,631,Germany,Female,23,10,0.0,2,1,0,132684.76,0
4187,531,France,Male,18,8,0.0,1,1,0,185010.96,0
4188,545,France,Male,47,8,67234.36,2,1,1,8257.87,0
4189,463,Spain,Male,32,5,159480.33,2,0,1,167026.44,0
4190,672,France,Female,28,3,147989.08,2,0,1,197809.9,0
4191,705,Spain,Male,26,9,115729.33,2,1,0,90275.88,0
4192,697,France,Female,31,10,123493.24,1,1,0,3493.04,0
4193,806,France,Female,22,3,129698.74,1,1,1,91530.27,0
4194,676,Germany,Female,62,3,57889.17,2,1,1,8026.42,0
4195,673,Germany,Male,57,7,150126.98,1,1,0,15421.08,0
4196,755,France,Female,34,4,0.0,2,1,0,39597.3,0
4197,708,France,Female,23,4,127047.1,1,0,1,186456.83,0
4198,658,France,Female,45,2,36317.42,1,1,1,116853.61,0
4199,578,Germany,Male,46,1,157623.35,1,1,0,92542.74,0
4200,676,France,Female,33,1,87396.01,1,0,0,25675.79,0
4201,576,Spain,Male,41,3,93624.43,2,1,0,73003.67,1
4202,630,Germany,Male,18,8,0.0,2,0,0,10043.08,0
4203,583,Spain,Female,33,5,82175.39,1,0,0,139132.04,0
4204,624,Spain,Female,63,8,162160.29,1,1,0,184165.81,1
4205,628,France,Male,30,9,0.0,2,1,0,105895.12,0
4206,802,Spain,Male,25,2,50883.27,1,1,0,54915.01,1
4207,712,Spain,Female,35,6,152931.13,1,1,1,90696.05,0
4208,769,France,Male,39,6,0.0,1,1,0,86205.52,0
4209,611,Spain,Female,60,9,0.0,1,1,0,22343.74,1
4210,640,Spain,Male,20,6,136902.08,2,1,0,60995.55,1
4211,552,France,Female,42,3,141695.97,2,1,1,47191.62,0
4212,684,Germany,Female,46,8,0.0,1,0,1,95945.2,0
4213,821,Spain,Male,63,1,0.0,2,1,1,117913.96,0
4214,553,France,Female,34,6,0.0,1,1,1,105284.48,0
4215,846,France,Female,62,6,133183.99,1,0,1,22488.24,0
4216,489,France,Female,47,8,0.0,1,1,0,141743.07,0
4217,500,Germany,Male,38,8,101501.93,1,1,0,52166.67,0
4218,552,Germany,Female,40,5,0.0,1,1,1,119601.89,0
4219,719,France,Male,18,0,153864.06,1,1,0,151960.1,0
4220,629,Germany,Female,31,3,0.0,1,1,1,58229.76,0
4221,663,Germany,Female,41,7,62786.23,2,1,1,167880.97,0
4222,690,Germany,Female,29,10,125317.82,1,1,1,163869.01,1
4223,553,Germany,Male,29,7,0.0,1,1,0,116096.27,1
4224,568,France,Female,47,5,0.0,1,0,1,83639.56,1
4225,711,Germany,Female,41,6,0.0,1,0,0,130206.89,0
4226,670,France,Male,42,9,195830.68,1,0,0,150019.27,0
4227,731,France,Male,31,6,0.0,1,0,0,164002.18,0
4228,653,France,Female,35,2,112465.41,1,1,0,143980.38,0
4229,547,France,Female,31,3,0.0,1,1,1,54015.71,0
4230,538,France,Male,23,10,146541.67,2,1,0,45041.32,0
4231,678,France,Male,44,4,207015.7,2,1,0,90290.74,0
4232,601,Germany,Male,18,10,138034.52,1,1,0,144584.09,0
4233,640,Spain,Female,55,10,22978.55,2,0,0,157741.46,0
4234,673,France,Female,30,2,0.0,2,0,0,125576.13,0
4235,650,Spain,Male,36,1,116093.67,1,1,0,183558.3,1
4236,662,France,Female,38,4,3417.46,4,1,0,194924.96,1
4237,708,Germany,Male,23,3,138246.44,2,1,0,143587.84,0
4238,791,Germany,Female,50,8,0.0,1,0,0,19635.96,0
4239,436,France,Male,21,3,194334.97,2,1,1,196324.83,0
4240,744,France,Male,38,6,51279.12,1,1,0,16066.19,0
4241,591,Germany,Male,54,4,31090.94,2,1,1,146046.05,0
4242,604,Germany,Male,58,2,0.0,1,1,1,166875.63,0
4243,789,Spain,Female,50,2,0.0,2,1,0,160272.05,0
4244,527,France,Male,32,8,130751.29,2,1,1,96526.63,0
4245,661,France,Male,39,3,138167.29,3,1,0,118769.84,0
4246,832,France,Male,35,3,12169.2,1,1,1,48229.38,0
4247,668,France,Female,43,7,43622.02,1,1,0,79980.83,0
4248,547,France,Female,35,2,105238.83,2,0,1,181077.08,0
4249,684,Germany,Male,29,6,99842.46,1,0,0,166514.56,0
4250,604,Spain,Male,28,5,12415.95,1,1,1,141473.6,0
4251,732,France,Male,36,5,0.0,2,1,1,157780.91,0
4252,515,France,Female,49,4,0.0,1,1,1,191349.71,0
4253,647,France,Female,19,7,88108.91,2,1,1,131779.93,0
4254,727,Spain,Female,30,6,108759.16,1,0,0,87565.27,0
4255,643,Spain,Male,27,9,0.0,1,1,1,147957.45,0
4256,704,France,Female,52,8,85498.79,1,0,1,110611.76,0
4257,734,Germany,Male,54,9,171135.89,1,1,0,106722.76,1
4258,637,Germany,Male,51,4,168248.93,2,0,0,147546.89,1
4259,798,France,Male,36,5,0.0,1,1,0,104454.74,0
4260,806,Germany,Male,41,1,62314.47,1,1,0,77874.79,1
4261,556,Spain,Male,23,2,0.0,1,1,0,42854.87,0
4262,593,France,Male,80,3,0.0,2,1,0,153414.2,0
4263,638,France,Female,27,1,126717.26,1,1,0,100623.7,0
4264,686,France,Male,18,8,220445.63,2,0,1,44200.04,0
4265,570,France,Male,18,6,72491.78,2,0,0,39991.67,0
4266,515,France,Male,32,10,106750.93,1,1,0,19602.77,0
4267,688,France,Male,68,4,0.0,2,1,0,198331.96,0
4268,620,France,Male,31,4,233762.86,1,1,0,118619.38,0
4269,571,France,Female,48,0,118579.93,2,1,1,57551.38,0
4270,726,France,Female,34,8,137806.24,2,1,1,105279.56,0
4271,732,Germany,Male,48,6,83720.86,2,1,0,99860.07,0
4272,685,Spain,Male,49,1,0.0,2,1,0,78396.91,0
4273,791,France,Male,28,9,127075.0,2,1,1,144986.84,0
4274,689,Germany,Male,39,7,0.0,2,1,1,12053.6,0
4275,794,Germany,Female,38,9,0.0,2,1,0,90878.25,0
4276,563,France,Female,19,10,105433.69,1,0,0,60791.73,0
4277,519,Spain,Male,31,3,67878.95,1,0,1,123488.58,0
4278,580,France,Female,34,5,0.0,1,1,1,16389.9,0
4279,614,France,Male,42,2,0.0,2,1,1,933.13,0
4280,523,Spain,Male,45,7,0.0,1,1,1,100959.35,0
4281,479,Germany,Male,24,5,116705.11,1,1,1,122098.62,0
4282,690,Spain,Male,41,4,96300.31,2,0,0,76370.89,0
4283,782,Spain,Male,30,8,75010.35,1,0,1,89758.34,0
4284,598,France,Male,33,8,14731.47,2,1,0,18284.15,0
4285,611,France,Male,24,2,0.0,2,0,1,54666.93,0
4286,592,Spain,Male,39,3,0.0,2,1,0,99210.44,0
4287,488,France,Male,33,5,0.0,1,1,1,10711.37,0
4288,728,Germany,Male,33,8,180981.61,1,1,0,130869.9,0
4289,850,France,Female,20,8,145589.29,2,1,0,66185.37,0
4290,620,Germany,Male,25,10,226727.69,1,0,0,106843.68,0
4291,485,Germany,Female,37,0,127500.84,2,0,1,130943.76,0
4292,582,Spain,Male,32,7,182498.43,2,1,0,30396.97,0
4293,713,France,Male,18,5,0.0,1,0,0,28029.61,0
4294,567,France,Male,18,1,10881.35,2,1,1,38954.73,0
4295,599,Germany,Male,37,3,0.0,1,0,0,145133.46,0
4296,718,Spain,Female,30,8,58920.39,1,0,0,119209.2,0
4297,437,France,Female,28,9,111460.44,2,1,1,164485.65,0
4298,741,France,Female,40,0,0.0,2,1,0,107851.78,0
4299,754,France,Male,21,2,31609.83,2,1,1,116415.29,0
4300,806,Germany,Female,48,2,171494.02,2,1,0,181603.87,0
4301,450,Spain,Male,68,7,0.0,2,0,1,118187.1,0
4302,547,France,Male,52,10,0.0,2,0,0,132048.42,0
4303,558,France,Male,41,5,81132.93,1,1,1,51981.5,0
4304,569,Germany,Male,62,1,0.0,1,1,0,33489.32,0
4305,616,Germany,Female,33,6,63131.88,1,1,1,180801.5,1
4306,493,France,Male,31,8,137811.82,2,0,1,149089.62,0
4307,661,Germany,Male,45,9,62290.95,1,1,1,175790.92,0
4308,760,Germany,Male,48,1,0.0,1,1,1,124731.63,1
4309,713,France,Male,33,7,163028.12,2,1,1,94950.08,0
4310,658,Spain,Female,34,6,91672.3,1,1,1,78937.77,0
4311,580,Spain,Male,23,1,107104.57,2,1,0,123095.08,0
4312,605,France,Male,28,1,0.0,1,0,1,6197.28,0
4313,535,Germany,Male,52,10,105107.56,1,1,1,166528.15,0
4314,728,Spain,Female,58,5,250000.0,1,0,0,14139.26,0
4315,709,Spain,Female,30,2,0.0,1,1,0,155565.53,0
4316,541,Spain,Male,33,0,0.0,2,0,1,19631.99,0
4317,572,Spain,Female,41,10,0.0,2,1,1,199115.35,0
4318,634,France,Female,31,3,55182.82,1,1,1,132905.76,0
4319,531,Germany,Male,20,1,203562.0,2,1,0,188521.25,0
4320,521,France,Female,44,10,0.0,1,1,1,144945.58,0
4321,523,Spain,Male,46,7,0.0,1,0,1,14768.83,0
4322,724,France,Male,35,2,107838.8,2,0,1,185914.46,0
4323,573,France,Female,26,2,0.0,2,0,1,120090.44,0
4324,579,France,Male,43,8,82599.39,2,1,1,1047.39,0
4325,711,France,Male,39,10,0.0,2,0,0,147189.49,0
4326,618,Spain,Female,28,5,0.0,1,1,1,142652.46,0
4327,778,Germany,Male,27,5,0.0,1,0,0,48472.8,0
4328,766,Germany,Male,38,7,55549.42,1,0,1,58984.82,0
4329,567,Spain,Male,38,8,0.0,1,0,0,34190.0,0
4330,776,Germany,Male,43,7,0.0,2,1,0,14795.52,0
4331,476,Germany,Female,34,10,17018.64,1,0,0,3330.19,0
4332,588,France,Female,18,8,0.0,1,0,0,135649.44,0
4333,721,France,Female,22,4,56923.16,2,0,0,124201.5,0
4334,755,France,Male,44,0,0.0,2,1,1,187666.46,0
4335,632,France,Male,29,3,0.0,2,1,0,156435.2,0
4336,632,Spain,Female,35,8,0.0,1,0,0,186994.85,0
4337,621,France,Male,22,7,91872.85,1,0,1,30424.99,0
4338,538,France,Female,47,3,0.0,1,1,0,169783.74,0
4339,646,France,Male,39,2,0.0,2,1,1,116203.95,0
4340,703,France,Male,39,3,138133.57,2,0,0,25476.95,1
4341,690,Spain,Female,68,4,0.0,1,0,1,123545.29,0
4342,736,France,Female,37,6,114372.54,1,1,1,173178.35,0
4343,696,Germany,Male,21,2,28756.23,2,1,1,59636.33,0
4344,648,France,Female,31,6,0.0,1,1,0,169542.09,0
4345,456,France,Female,31,3,192610.3,2,0,1,21209.9,0
4346,618,Germany,Male,59,8,60853.97,2,0,1,153472.67,0
4347,622,France,Female,37,2,185112.56,2,1,1,98876.52,0
4348,699,Germany,Male,32,8,87836.66,2,1,1,58697.96,0
4349,691,France,Male,43,0,110289.66,1,1,0,38161.27,0
4350,622,France,Female,21,10,0.0,2,1,1,128343.52,0
4351,601,Spain,Male,67,4,102611.34,2,1,1,18649.69,0
4352,707,France,Male,54,2,0.0,2,1,1,35435.06,0
4353,581,Germany,Female,35,3,139728.91,2,1,1,197625.63,0
4354,606,Spain,Female,20,10,0.0,2,1,1,160283.53,1
4355,586,France,Male,42,3,0.0,2,1,0,61732.88,0
4356,686,Germany,Male,37,0,118622.53,2,0,1,90683.96,1
4357,669,Spain,Male,36,5,0.0,1,1,0,110597.17,0
4358,802,Germany,Female,30,8,146276.41,1,1,0,123341.65,0
4359,604,France,Female,45,3,61867.51,2,1,0,111998.89,0
4360,673,France,Male,49,0,90339.38,1,1,1,79245.87,0
4361,595,France,Male,33,1,66130.02,1,0,0,129712.07,1
4362,574,Germany,Female,32,9,120653.49,1,1,0,35976.69,1
4363,470,Germany,Male,46,1,98609.76,3,1,0,32952.43,1
4364,679,France,Female,34,10,60883.12,1,1,0,47426.55,0
4365,705,France,Male,51,8,45812.37,2,0,1,74434.27,0
4366,624,Spain,Male,26,2,70563.62,1,1,0,108850.66,0
4367,549,France,Male,32,2,0.0,4,1,0,87232.02,0
4368,707,France,Male,72,5,145675.06,1,0,0,50586.12,0
4369,466,France,Female,21,9,0.0,2,1,1,171059.14,0
4370,575,Germany,Male,41,10,111897.23,2,1,1,85555.05,1
4371,740,France,Male,31,2,93296.94,1,0,1,41675.34,0
4372,735,Spain,Female,41,7,125376.0,1,1,0,177539.28,1
4373,541,Germany,Female,32,1,0.0,2,1,1,187381.95,0
4374,667,France,Male,36,10,0.0,2,0,1,39481.94,0
4375,560,France,Male,21,4,0.0,1,0,1,70779.22,0
4376,602,France,Female,25,9,97878.0,1,1,0,56003.73,0
4377,633,Spain,Male,38,2,132423.4,2,1,1,184312.16,0
4378,786,Germany,Male,41,7,121015.68,1,1,1,190870.66,0
4379,702,France,Male,19,8,91067.7,2,1,1,83684.79,0
4380,558,France,Male,51,2,79111.13,2,1,0,102058.66,0
4381,683,France,Female,44,10,0.0,2,1,1,97262.78,0
4382,681,France,Male,35,9,61129.32,1,0,1,93287.27,0
4383,667,France,Male,30,0,0.0,2,0,1,57601.91,0
4384,821,Germany,Male,20,5,0.0,2,1,1,55584.56,0
4385,548,France,Male,40,1,0.0,1,1,0,15472.15,0
4386,767,France,Female,27,9,124946.5,2,0,1,120358.19,0
4387,697,France,Female,22,8,68759.65,2,1,1,165531.31,0
4388,578,Spain,Male,50,6,117725.83,1,1,0,132534.61,0
4389,541,Spain,Male,26,0,116537.84,1,1,1,3859.15,0
4390,751,Spain,Male,39,8,55456.2,1,0,1,67359.25,0
4391,850,Germany,Male,61,5,94517.53,2,0,1,96779.43,1
4392,547,France,Male,52,1,63681.05,2,0,1,40320.52,0
4393,584,Spain,Male,20,0,75635.41,1,0,1,45973.64,0
4394,593,France,Female,25,2,126962.19,2,1,0,87459.77,0
4395,558,Germany,Male,44,6,0.0,2,1,1,150455.4,0
4396,761,France,Male,26,7,0.0,1,1,0,130786.32,0
4397,585,France,Male,34,5,41689.89,2,0,0,80431.99,1
4398,838,Spain,Female,33,6,0.0,2,0,0,61596.4,0
4399,541,Germany,Female,49,6,103316.72,1,1,0,6565.31,1
4400,648,Spain,Female,30,10,0.0,1,1,1,181446.22,0
4401,614,Germany,Female,62,2,48852.35,4,1,1,51568.5,0
4402,751,France,Male,41,1,135714.1,2,0,0,25375.07,0
4403,701,Spain,Male,36,6,216141.2,1,0,1,30068.98,0
4404,566,Germany,Female,41,6,84246.49,2,1,1,59091.48,0
4405,584,Spain,Male,25,10,0.0,1,0,1,78241.25,0
4406,765,Germany,Female,41,9,0.0,2,1,1,148359.18,0
4407,582,Germany,Male,72,1,0.0,2,1,0,141076.24,1
4408,672,France,Female,32,1,78597.84,1,0,0,22380.82,0
4409,584,Germany,Male,37,9,0.0,2,1,0,92081.0,0
4410,540,Spain,Male,26,9,111484.06,1,1,1,17905.96,0
4411,610,Germany,Female,57,3,131943.62,1,0,1,136418.42,0
4412,671,France,Female,51,10,0.0,1,0,0,150512.87,1
4413,640,Spain,Female,38,1,0.0,2,1,0,136318.94,0
4414,645,France,Male,31,0,135640.61,2,1,0,76420.66,0
4415,790,Spain,Male,24,5,0.0,1,1,1,146041.86,0
4416,621,France,Female,53,7,0.0,2,0,0,133890.44,0
4417,614,France,Male,53,3,201222.4,2,0,0,182040.22,1
4418,830,France,Male,29,4,136958.46,1,1,1,142645.54,0
4419,523,France,Male,87,0,55303.86,1,0,1,67978.24,1
4420,774,France,Female,36,0,0.0,2,0,1,95510.05,0
4421,540,France,Female,27,0,0.0,1,1,0,91473.2,0
4422,773,France,Female,30,6,0.0,1,1,0,170376.55,0
4423,582,Spain,Female,27,4,0.0,2,1,0,31383.18,0
4424,643,Germany,Female,31,10,81682.15,1,1,0,191854.4,1
4425,640,France,Male,37,10,145517.9,1,0,0,18719.23,0
4426,768,Spain,Male,32,3,91742.82,1,1,0,109128.7,1
4427,659,Spain,Male,45,2,0.0,2,1,0,61779.65,0
4428,703,France,Female,25,7,134931.1,2,1,0,109773.69,0
4429,823,France,Female,28,4,0.0,2,0,1,198239.87,0
4430,577,France,Male,33,8,83419.16,1,1,0,158250.94,0
4431,489,France,Female,43,9,48508.84,1,0,1,132758.19,0
4432,580,France,Male,35,7,154915.03,4,0,1,199883.38,0
4433,658,Spain,Male,27,7,137862.17,1,0,0,2459.7,0
4434,579,France,Female,24,4,32907.47,2,0,1,68347.94,0
4435,674,France,Male,35,10,42000.21,1,1,1,73615.86,0
4436,646,Germany,Male,23,3,113701.48,1,1,0,101545.9,0
4437,478,Germany,Male,44,10,0.0,1,0,0,157319.48,0
4438,715,France,Female,32,4,0.0,2,0,1,108410.48,0
4439,601,Germany,Male,27,0,50454.57,1,1,0,167127.16,0
4440,600,France,Female,27,5,108479.53,1,0,0,120146.88,0
4441,660,Spain,Female,18,4,0.0,1,1,0,124538.98,0
4442,735,France,Female,20,5,0.0,1,0,0,16078.16,0
4443,646,France,Male,32,6,170744.14,2,1,1,188822.45,0
4444,577,France,Female,47,1,0.0,1,1,1,16448.48,0
4445,661,Germany,Male,37,0,0.0,2,1,0,149847.02,0
4446,802,France,Female,18,10,171668.19,1,1,0,9304.27,0
4447,615,France,Male,39,9,127938.06,1,1,1,128550.61,0
4448,555,Germany,Male,31,3,0.0,1,1,1,123042.98,0
4449,661,France,Male,46,7,0.0,2,1,0,87133.65,0
4450,789,France,Male,25,7,171458.46,2,1,0,109677.26,0
4451,732,Spain,Female,25,8,0.0,1,1,0,35043.24,0
4452,662,France,Male,46,7,95627.63,1,0,1,189349.81,0
4453,537,Germany,Male,28,10,128536.95,1,0,1,162565.29,0
4454,667,France,Male,18,9,106234.74,2,1,1,57089.87,0
4455,748,France,Female,26,9,67260.17,2,0,1,105894.58,0
4456,700,Spain,Male,36,9,137472.83,1,0,0,184820.65,0
4457,453,Spain,Female,26,0,0.0,2,1,1,33017.32,0
4458,555,France,Female,34,9,173958.08,2,0,0,67260.01,0
4459,554,Germany,Male,34,1,0.0,1,1,0,118089.44,1
4460,517,Germany,Female,29,2,193425.5,1,1,1,75208.03,0
4461,850,France,Male,48,8,1026.36,2,1,1,77829.73,0
4462,504,Germany,Male,22,2,158890.56,2,1,1,154899.7,0
4463,551,France,Male,55,9,107342.56,1,1,0,16001.33,0
4464,663,Germany,Female,34,6,98930.76,1,1,1,23480.08,0
4465,677,France,Female,32,10,0.0,2,0,0,209.02,0
4466,564,France,Male,50,10,102993.08,3,0,1,166952.69,0
4467,797,Germany,Female,46,3,118178.79,2,0,1,180358.37,0
4468,680,France,Male,37,10,69700.97,2,1,0,148334.68,0
4469,732,France,Female,36,1,123523.74,2,1,1,111614.29,0
4470,576,Germany,Female,24,1,173539.24,1,1,0,159265.51,1
4471,739,France,Male,26,6,139578.36,1,1,1,142930.78,0
4472,736,Germany,Female,28,3,149940.51,1,1,0,157548.36,0
4473,666,France,Female,29,6,0.0,2,1,1,133271.65,0
4474,604,Spain,Male,29,10,0.0,1,1,0,113568.63,0
4475,674,France,Female,24,5,0.0,1,1,1,70793.8,0
4476,667,France,Female,36,10,186003.35,1,1,0,25455.61,1
4477,666,Germany,Male,32,10,109231.13,2,1,1,137069.27,0
4478,834,France,Female,53,2,0.0,2,1,0,41690.16,0
4479,805,France,Female,32,10,48999.17,1,0,0,69465.88,0
4480,644,Germany,Female,42,4,0.0,2,1,1,5296.9,1
4481,681,Germany,Male,36,10,222039.58,1,1,0,14959.69,1
4482,732,Germany,Female,52,7,0.0,1,1,0,107541.9,0
4483,755,France,Female,26,2,135620.43,2,0,1,131757.16,0
4484,619,France,Female,32,10,0.0,1,1,0,157794.16,0
4485,621,Germany,Male,37,6,138535.69,2,1,0,75624.08,0
4486,582,Spain,Female,36,7,0.0,1,1,1,93465.77,0
4487,617,Germany,Female,58,1,146835.5,2,1,0,58704.82,0
4488,785,France,Male,40,1,75411.96,1,1,1,105072.32,0
4489,737,France,Female,52,10,164144.49,1,1,0,78102.93,1
4490,795,Germany,Male,71,10,0.0,2,0,0,44819.68,1
4491,612,France,Male,36,9,0.0,2,1,0,123241.01,0
4492,600,France,Female,42,0,0.0,2,1,1,118648.9,0
4493,764,France,Male,42,8,88506.74,1,0,0,73249.51,0
4494,809,Spain,Female,40,6,0.0,2,0,1,161793.26,0
4495,453,France,Male,38,3,80559.43,1,1,1,194191.19,0
4496,642,France,Female,43,4,0.0,1,1,1,149779.17,0
4497,626,France,Male,59,10,147563.71,1,1,0,31036.02,0
4498,681,France,Male,26,4,123261.22,2,0,0,167847.77,0
4499,597,Germany,Male,35,6,38345.36,2,1,0,3349.92,0
4500,607,France,Male,27,0,32205.07,1,0,0,7929.31,0
4501,622,Spain,Female,31,10,76109.0,1,1,1,106533.31,0
4502,730,Germany,Male,30,5,151678.47,1,1,0,101479.12,0
4503,707,Spain,Male,31,6,180210.4,2,0,1,97918.42,0
4504,626,Spain,Male,36,4,0.0,1,1,0,145312.99,0
4505,607,Spain,Male,31,10,0.0,2,1,1,138269.14,0
4506,555,Germany,Female,25,2,117474.22,1,1,1,139898.15,0
4507,592,Germany,Male,24,5,65836.96,2,1,1,152062.11,0
4508,670,France,Male,46,7,0.0,1,1,0,29203.56,0
4509,730,France,Female,76,10,0.0,1,0,1,157242.25,0
4510,621,France,Female,34,1,101430.45,2,0,0,104239.34,0
4511,771,Spain,Female,27,7,97582.26,1,1,1,4416.08,0
4512,804,France,Female,53,8,90144.34,1,1,0,78036.88,1
4513,660,France,Female,38,6,71545.15,1,0,0,11173.07,0
4514,620,France,Female,36,8,0.0,2,1,1,159014.92,1
4515,642,Germany,Male,53,1,127093.43,2,1,0,102472.47,0
4516,621,Spain,Female,27,2,122152.9,2,1,1,135816.79,0
4517,601,Spain,Male,21,2,79289.01,2,1,1,78230.53,0
4518,581,Germany,Female,32,10,127191.17,1,0,1,122501.31,0
4519,632,France,Female,54,4,0.0,2,0,1,179106.93,0
4520,753,France,Male,20,8,0.0,2,1,1,160067.48,0
4521,722,Germany,Male,26,3,0.0,1,1,0,3004.68,0
4522,729,France,Male,30,3,98748.37,1,1,0,18176.09,0
4523,406,France,Male,47,9,0.0,2,1,1,20634.69,0
4524,649,Germany,Male,52,9,120636.44,1,0,1,99538.9,0
4525,662,France,Female,32,1,82800.82,2,1,1,40572.63,0
4526,514,France,Male,32,10,30968.04,2,1,1,62223.67,0
4527,568,France,Male,53,10,0.0,1,0,1,71798.66,1
4528,695,France,Female,28,8,88040.98,1,1,0,188812.31,0
4529,643,Spain,Male,29,10,0.0,1,0,0,185211.46,0
4530,590,Spain,Male,28,5,67179.07,1,1,0,27130.43,1
4531,670,Germany,Male,60,8,215559.26,1,1,1,97952.35,1
4532,713,France,Male,20,3,87106.05,1,1,0,34577.12,0
4533,670,Germany,Male,37,5,56514.5,2,1,1,666.85,0
4534,585,Germany,Female,22,5,129484.9,2,1,1,82630.89,0
4535,727,Spain,Male,18,3,38954.69,1,1,0,197087.81,0
4536,739,France,Female,61,10,0.0,2,1,0,31481.13,0
4537,661,France,Male,52,2,0.0,1,0,1,193806.27,0
4538,490,Germany,Male,36,4,63412.01,2,1,1,139724.19,0
4539,624,France,Male,30,10,22185.77,2,1,1,189111.66,0
4540,562,Germany,Female,34,0,100895.55,2,1,1,82650.29,0
4541,697,Spain,Male,35,3,63200.38,1,1,1,82351.25,0
4542,502,Spain,Male,52,5,212450.94,1,1,0,49427.72,1
4543,641,France,Male,28,2,0.0,1,0,1,1152.71,0
4544,701,France,Female,27,9,0.0,3,1,0,197232.98,0
4545,488,Spain,Male,45,7,150972.49,2,1,1,131050.34,0
4546,658,Spain,Female,35,10,131257.52,2,0,0,44594.49,0
4547,596,France,Female,30,2,86453.88,2,1,1,185490.01,0
4548,760,France,Male,24,1,100070.94,1,1,1,21807.03,0
4549,571,France,Male,35,5,30530.44,2,1,1,61469.22,0
4550,684,France,Female,54,9,121943.03,2,1,0,162320.94,0
4551,573,France,Male,34,0,0.0,1,0,1,94408.15,0
4552,647,Spain,Female,43,8,0.0,2,0,1,79327.71,0
4553,723,Spain,Female,37,5,163809.67,2,0,1,91691.71,0
4554,505,Germany,Male,53,5,50000.32,1,1,1,47108.28,1
4555,686,Spain,Female,25,3,166951.99,2,1,0,107911.26,0
4556,624,Germany,Female,29,1,119949.66,2,1,0,111919.99,1
4557,807,France,Female,28,1,0.0,1,1,1,159631.76,0
4558,673,France,Male,42,4,96104.77,2,1,0,83045.92,0
4559,670,Spain,Female,32,1,0.0,2,1,0,32265.25,0
4560,666,Spain,Female,40,3,168873.51,2,0,1,72826.27,0
4561,807,Germany,Female,27,3,225698.94,1,0,1,29667.59,0
4562,672,Germany,Female,32,10,81260.27,2,1,1,39046.76,0
4563,730,France,Male,33,3,55186.11,2,1,0,110776.74,0
4564,736,Spain,Male,62,1,69130.23,1,0,0,146237.47,0
4565,540,Germany,Female,42,3,0.0,2,1,0,4138.76,0
4566,677,France,Male,33,4,0.0,2,1,1,51089.62,0
4567,526,France,Female,33,5,0.0,1,1,1,157662.04,0
4568,679,Spain,Male,31,7,0.0,2,1,0,189172.26,0
4569,606,Spain,Female,38,2,0.0,2,0,0,189332.87,0
4570,770,Spain,Female,36,1,0.0,2,1,0,7545.93,1
4571,695,Germany,Female,54,5,0.0,1,1,0,171165.29,0
4572,564,France,Male,43,1,0.0,2,0,0,78207.99,0
4573,690,Spain,Male,58,5,116083.07,2,1,0,96962.18,0
4574,610,France,Female,50,4,54835.8,2,1,1,139814.81,0
4575,502,France,Male,23,0,163762.36,1,0,1,72402.39,0
4576,536,France,Male,30,6,86782.47,2,1,0,81789.0,0
4577,622,France,Male,55,7,0.0,1,1,1,74348.5,1
4578,573,France,Female,43,8,153628.72,1,1,1,134238.04,0
4579,805,Spain,Female,23,8,93381.63,1,0,1,197684.46,0
4580,722,Spain,Male,35,9,0.0,2,0,1,132282.54,0
4581,767,Spain,Male,51,0,80897.57,2,1,0,38544.78,0
4582,657,Germany,Male,57,3,71470.63,1,0,1,128370.13,0
4583,514,Germany,Female,47,9,7736.98,2,1,0,97296.57,0
4584,556,France,Female,28,6,186931.63,1,1,1,196240.44,0
4585,525,France,Male,42,3,0.0,2,0,1,116157.31,0
4586,724,France,Male,38,6,89434.04,1,1,0,153155.8,0
4587,715,Spain,Female,58,6,0.0,2,1,1,114134.74,1
4588,821,Spain,Male,36,10,195887.18,2,1,1,63626.05,0
4589,712,Spain,Female,31,6,0.0,2,1,1,59401.77,0
4590,682,France,Male,50,2,163875.01,2,1,0,6397.75,0
4591,747,Germany,Female,47,9,246981.37,1,1,1,8869.27,0
4592,552,Spain,Male,39,7,95112.62,2,0,0,96892.79,0
4593,438,Spain,Male,34,1,83707.6,3,0,1,189241.5,0
4594,659,France,Female,34,5,121868.75,2,0,0,96776.66,0
4595,753,France,Male,42,10,123439.25,1,0,1,185718.43,0
4596,660,France,Male,31,9,57519.47,1,1,0,27751.18,0
4597,522,Germany,Male,25,8,130996.31,2,1,0,168752.27,1
4598,529,France,Male,40,1,0.0,1,1,1,79851.73,0
4599,609,Germany,Male,26,3,134194.98,1,1,0,113785.45,1
4600,705,France,Female,41,6,0.0,2,0,0,61181.43,0
4601,669,France,Female,43,8,0.0,2,1,1,94612.13,0
4602,752,Germany,Male,60,2,99944.92,1,0,0,167830.22,0
4603,601,France,Female,47,0,153128.23,1,0,0,48624.1,1
4604,591,Spain,Female,42,10,22230.45,2,1,1,179199.57,0
4605,808,Spain,Male,55,3,127381.75,1,0,0,89817.09,0
4606,548,Spain,Female,48,10,0.0,1,1,0,163494.85,0
4607,850,Germany,Female,34,4,0.0,1,0,0,71942.21,0
4608,639,France,Male,39,7,131218.32,1,0,1,121371.92,0
4609,618,Spain,Female,39,4,60044.69,1,1,0,75997.0,0
4610,628,Spain,Male,42,4,118661.26,2,1,1,31215.12,0
4611,679,Spain,Male,20,5,79928.9,1,0,1,157634.9,0
4612,611,France,Male,54,7,188317.22,2,1,0,4327.32,0
4613,695,France,Female,26,8,84300.66,1,1,1,39668.8,0
4614,601,France,Male,36,2,0.0,1,1,0,39906.89,0
4615,477,Spain,Male,37,0,0.0,2,0,1,159057.29,0
4616,850,Spain,Male,47,9,0.0,1,0,1,23671.68,0
4617,554,France,Male,27,4,136554.16,2,1,0,195417.38,0
4618,672,France,Male,56,3,42212.82,2,1,1,110169.66,0
4619,791,France,Male,47,4,170776.47,2,1,1,121732.55,0
4620,695,Spain,Male,34,4,52206.8,1,0,0,21944.65,0
4621,689,France,Female,56,4,0.0,2,1,0,89019.75,0
4622,614,France,Male,35,2,0.0,1,0,1,134297.85,0
4623,554,France,Male,39,4,0.0,2,1,0,86911.86,0
4624,586,France,Male,43,5,71995.45,1,1,0,92832.84,0
4625,773,Germany,Male,43,3,134086.97,2,1,0,9608.64,0
4626,629,Germany,Female,48,6,0.0,2,1,0,124366.35,1
4627,561,Germany,Female,48,0,165159.26,2,0,1,30801.47,0
4628,681,France,Male,22,7,0.0,2,1,0,113552.05,0
4629,614,France,Male,51,5,0.0,2,0,1,19874.86,0
4630,682,France,Male,46,0,0.0,2,1,1,117729.85,0
4631,632,France,Male,23,8,112717.78,1,1,0,5157.55,0
4632,581,France,Female,41,9,153977.03,2,0,0,120049.28,0
4633,813,Germany,Male,29,9,0.0,1,0,0,113505.45,0
4634,850,France,Female,27,5,92349.46,2,1,1,98992.39,0
4635,698,France,Male,32,0,0.0,2,1,0,156943.81,0
4636,757,France,Male,63,8,176027.55,1,1,0,118284.59,0
4637,593,Germany,Male,47,7,119677.41,1,0,1,89302.58,0
4638,820,France,Female,39,1,0.0,2,1,0,187294.45,0
4639,613,France,Male,36,4,97959.76,1,1,1,119603.5,0
4640,717,France,Male,29,2,109697.68,1,1,0,32953.04,0
4641,685,Germany,Male,80,6,182373.4,2,1,1,160062.67,0
4642,755,France,Male,55,2,109067.97,1,1,0,127632.5,0
4643,614,Spain,Female,53,10,76926.68,2,1,1,53745.69,1
4644,747,France,Male,36,5,119600.79,1,0,1,154265.64,0
4645,742,Spain,Male,41,7,0.0,1,1,1,95983.09,0
4646,746,Spain,Male,34,9,145680.57,1,1,1,186338.56,0
4647,720,France,Male,49,2,44988.25,2,1,0,20776.56,0
4648,650,France,Male,39,3,70707.01,1,0,1,58338.85,0
4649,747,France,Male,50,9,0.0,1,1,1,8950.48,0
4650,535,Spain,Male,27,3,170921.7,2,1,0,16144.61,1
4651,622,France,Female,31,9,70954.52,2,1,0,2133.8,0
4652,559,Spain,Female,23,8,0.0,1,1,0,56090.02,0
4653,479,France,Female,42,9,133901.8,1,0,1,107675.05,0
4654,653,Germany,Female,56,10,150918.4,1,1,0,45802.54,0
4655,573,France,Female,42,5,0.0,1,0,1,195932.1,0
4656,519,Germany,Male,33,3,83964.81,2,0,1,186953.64,0
4657,738,Spain,Male,31,6,0.0,2,1,1,58302.91,0
4658,635,Spain,Male,30,4,73766.97,3,0,1,90225.99,0
4659,635,France,Female,21,2,72598.03,2,1,1,78694.16,1
4660,668,Spain,Male,44,5,16627.64,2,0,0,90289.61,0
4661,567,Spain,Female,27,2,35932.37,2,1,0,27008.0,0
4662,526,France,Female,26,6,0.0,2,1,1,143242.54,0
4663,623,Germany,Male,36,5,43497.69,2,1,0,77149.03,0
4664,768,France,Female,18,9,46207.62,2,1,1,73618.88,0
4665,679,Germany,Male,44,4,0.0,2,1,1,92360.74,0
4666,732,Spain,Female,32,10,90543.27,1,1,1,33201.96,0
4667,489,France,Female,18,3,68272.65,1,1,0,176244.1,0
4668,707,Spain,Female,37,4,110048.83,2,0,1,31953.01,0
4669,773,France,Male,36,7,62533.37,1,1,0,104282.24,0
4670,674,France,Male,27,1,0.0,2,0,1,108151.5,0
4671,580,France,Female,39,6,0.0,1,1,0,124052.82,0
4672,702,Spain,Female,19,6,250000.0,1,1,0,62600.97,1
4673,648,France,Female,43,9,81024.55,1,1,1,16633.52,0
4674,807,France,Male,45,5,55253.32,1,1,1,172950.96,0
4675,850,Germany,Male,38,3,130323.26,2,1,0,94460.52,0
4676,636,Germany,Male,25,1,0.0,1,0,1,141840.38,0
4677,568,France,Male,53,10,166557.04,1,0,1,150926.14,0
4678,613,France,Male,36,10,0.0,2,1,0,182215.98,0
4679,747,Germany,Female,54,3,151301.38,2,1,1,183229.73,0
4680,632,Germany,Female,50,7,36594.53,2,0,1,150619.26,0
4681,766,France,Male,37,9,74517.2,2,1,0,142547.98,0
4682,564,France,Female,33,3,129656.14,1,1,1,31252.3,0
4683,650,Spain,Male,24,4,0.0,2,1,1,119364.63,0
4684,802,Spain,Female,32,7,90128.77,1,1,0,88153.36,0
4685,588,France,Male,18,7,0.0,1,1,0,188251.81,0
4686,695,Germany,Female,18,10,111562.16,1,1,1,79637.62,0
4687,738,Spain,Male,43,10,0.0,1,1,0,189036.95,0
4688,776,France,Male,19,10,0.0,2,1,0,195197.17,0
4689,668,France,Male,45,4,0.0,1,1,1,111175.87,0
4690,726,France,Female,32,1,50471.17,1,1,0,129995.04,0
4691,713,France,Female,28,4,37753.91,2,0,1,187428.48,0
4692,756,Spain,Female,36,1,0.0,2,1,1,110582.41,0
4693,681,France,Male,63,6,85494.37,1,0,0,84099.51,1
4694,830,France,Male,23,10,0.0,1,1,0,184916.48,0
4695,685,Spain,Male,59,8,22972.9,2,1,0,37865.79,0
4696,693,Spain,Female,31,5,0.0,1,0,1,162027.7,0
4697,588,Spain,Female,37,9,176391.62,2,0,1,176113.77,0
4698,619,France,Male,39,9,26283.82,1,1,1,114540.45,0
4699,507,France,Female,42,3,85810.88,2,1,1,48577.19,0
4700,562,France,Female,21,1,0.0,2,1,1,98848.03,0
4701,776,Spain,Male,55,6,74818.05,1,1,1,86394.14,0
4702,681,Spain,Female,48,3,87735.04,1,1,0,98800.94,0
4703,639,France,Female,30,6,0.0,2,1,1,157428.8,0
4704,818,Spain,Female,52,6,76635.6,1,1,1,84291.53,0
4705,659,France,Female,23,7,111594.84,1,0,1,47451.31,0
4706,476,France,Male,18,7,0.0,1,1,0,37362.16,0
4707,607,France,Female,43,4,124085.22,2,1,1,55340.85,0
4708,850,France,Male,40,0,0.0,1,0,1,7329.84,0
4709,741,France,Male,54,3,0.0,2,1,0,121590.98,0
4710,609,Spain,Female,35,1,108875.27,1,1,1,161411.93,0
4711,617,Spain,Female,39,2,120068.83,1,1,1,112078.68,0
4712,497,France,Male,47,1,29595.78,1,1,0,4008.7,0
4713,800,Germany,Female,25,7,0.0,1,0,1,95787.24,0
4714,556,France,Male,26,1,107071.5,2,0,1,16389.45,0
4715,760,France,Male,37,2,235547.75,2,1,0,169319.05,0
4716,787,Spain,Female,37,9,107176.37,4,1,1,115597.17,0
4717,774,France,Male,30,0,101308.45,1,1,0,183621.32,0
4718,469,Germany,Male,49,1,99701.29,1,0,1,5560.93,0
4719,684,Germany,Male,24,3,726.32,3,0,1,33165.36,0
4720,712,Germany,Female,55,10,144364.29,2,1,1,59634.1,1
4721,629,Spain,Male,55,6,40309.62,1,1,1,131585.94,0
4722,714,Spain,Male,53,5,145789.64,2,1,0,37558.02,0
4723,575,Germany,Female,33,9,156837.63,1,1,1,42314.06,0
4724,686,Spain,Male,35,0,0.0,2,1,0,141040.13,0
4725,498,France,Female,35,10,113719.1,1,1,0,140697.98,0
4726,492,Germany,Female,43,4,0.0,1,1,1,69366.21,0
4727,777,France,Female,42,10,68605.21,1,0,1,163460.94,0
4728,785,France,Female,36,0,16154.13,2,0,0,104261.24,0
4729,673,France,Male,26,0,0.0,2,1,1,43618.18,0
4730,708,France,Male,56,4,41734.75,1,1,0,90914.43,0
4731,619,Spain,Female,25,1,150596.78,1,0,0,34736.8,0
4732,606,Germany,Female,27,8,84851.16,1,0,1,47574.28,0
4733,655,France,Male,39,10,157847.12,2,1,1,128820.23,0
4734,607,Germany,Female,30,5,78334.17,2,1,1,84601.66,0
4735,557,Spain,Female,36,4,0.0,1,0,1,40951.57,0
4736,818,Germany,Male,18,8,0.0,2,1,0,199901.17,0
4737,639,Germany,Female,30,1,71811.84,1,0,0,167901.43,0
4738,450,France,Female,47,1,0.0,2,1,1,84669.55,0
4739,652,France,Male,24,3,0.0,1,1,1,21618.83,0
4740,593,France,Male,38,5,0.0,2,0,0,40429.85,0
4741,777,France,Male,34,6,0.0,2,0,1,111817.55,0
4742,728,France,Male,23,7,105325.26,2,0,1,193789.87,0
4743,625,France,Female,51,8,50126.01,2,1,1,80289.08,0
4744,619,France,Female,18,2,22036.75,1,0,0,86554.25,0
4745,818,Spain,Male,44,3,0.0,1,0,0,116005.48,0
4746,663,France,Male,53,9,40197.53,1,1,0,1373.82,0
4747,793,Germany,Male,21,10,0.0,4,0,0,46786.6,0
4748,775,Germany,Male,42,9,0.0,2,0,1,14923.19,0
4749,850,Spain,Female,50,10,0.0,2,0,1,132621.03,0
4750,633,Spain,Male,36,3,0.0,2,1,1,70164.49,0
4751,691,France,Male,22,2,0.0,2,0,0,22471.25,0
4752,532,France,Male,29,6,169704.21,2,0,1,76629.86,0
4753,666,France,Male,49,0,0.0,1,1,1,2064.03,0
4754,769,Germany,Male,32,5,0.0,1,1,0,139391.16,0
4755,737,France,Female,28,8,0.0,2,1,1,100113.49,0
4756,710,Germany,Male,22,2,52798.01,2,1,0,9971.01,0
4757,605,France,Female,38,8,129284.46,1,0,1,101908.75,0
4758,610,France,Male,33,1,97233.63,1,1,1,14709.39,0
4759,625,Germany,Male,27,2,60351.86,2,1,1,59795.12,0
4760,595,Spain,Male,25,0,101855.15,2,1,1,169844.66,1
4761,682,France,Female,23,6,0.0,2,0,1,170238.87,0
4762,650,France,Male,39,6,0.0,1,1,0,181438.36,0
4763,702,France,Male,52,9,189032.63,1,0,1,153304.28,0
4764,616,France,Male,46,4,32773.13,2,0,1,178742.79,0
4765,653,Germany,Female,39,0,0.0,2,1,1,91192.2,0
4766,737,France,Female,39,2,80406.91,1,1,0,6286.77,0
4767,526,France,Female,36,7,0.0,1,1,0,66112.81,0
4768,520,France,Female,46,1,0.0,1,1,1,147858.23,0
4769,731,Germany,Male,42,8,0.0,1,1,0,153945.23,0
4770,605,Germany,Female,40,7,0.0,2,0,1,135575.74,0
4771,654,France,Male,48,5,0.0,1,1,0,89559.37,0
4772,536,France,Female,48,7,33990.94,1,1,0,188947.09,0
4773,584,Spain,Male,34,5,182515.41,1,1,0,76805.89,0
4774,702,Germany,Female,58,8,55916.81,2,1,0,5850.4,0
4775,588,France,Male,37,6,56416.76,1,1,0,6917.29,1
4776,649,Spain,Female,25,10,0.0,2,0,1,145708.54,0
4777,659,France,Female,20,6,106948.16,1,0,0,176183.43,0
4778,663,France,Male,61,0,105810.64,1,1,1,111874.61,0
4779,640,Germany,Female,33,4,0.0,1,1,0,84341.95,0
4780,682,France,Female,43,2,144485.92,1,1,0,120100.25,1
4781,576,France,Male,41,4,64281.53,1,1,1,102451.31,0
4782,772,Spain,Male,18,10,0.0,1,1,0,61741.42,0
4783,479,Germany,Male,48,4,0.0,2,1,0,1772.25,1
4784,530,Spain,Male,31,1,0.0,1,1,0,140555.4,0
4785,676,France,Male,18,5,120839.46,2,1,1,2286.28,0
4786,530,France,Female,44,8,15218.96,2,0,0,15156.87,0
4787,701,France,Male,30,0,0.0,1,1,1,138418.52,0
4788,629,Spain,Female,25,3,93777.7,1,1,1,141613.99,0
4789,830,France,Female,18,0,166746.0,2,0,1,80568.19,0
4790,597,France,Male,36,10,157663.13,1,1,0,142613.93,0
4791,501,Germany,Male,57,8,0.0,1,1,1,120675.43,0
4792,737,France,Male,27,7,25556.7,4,0,1,125015.56,0
4793,597,Spain,Female,26,9,0.0,1,1,1,171197.64,0
4794,680,France,Female,37,3,1859.79,1,0,1,126621.53,0
4795,592,Spain,Male,18,10,84583.36,1,0,1,183093.64,0
4796,636,France,Female,33,0,93137.9,1,1,0,58101.54,0
4797,667,France,Female,42,8,208862.15,1,1,1,144474.33,0
4798,656,France,Male,24,9,211607.83,1,1,0,152046.47,0
4799,399,France,Female,29,5,26134.71,1,0,1,121347.73,0
4800,596,France,Female,43,3,99496.06,1,1,1,192595.11,0
4801,646,Germany,Female,39,4,156228.36,1,1,0,188222.28,0
4802,708,Spain,Female,31,4,0.0,2,1,1,43954.56,0
4803,700,Spain,Female,37,7,127938.53,2,1,1,167730.67,0
4804,609,Germany,Male,33,7,0.0,2,1,1,123998.94,0
4805,735,France,Male,49,2,111180.39,1,1,1,52614.75,0
4806,561,France,Male,33,8,0.0,2,1,0,103644.62,0
4807,765,France,Female,35,10,150319.4,1,1,1,69296.25,0
4808,824,Germany,Male,44,6,0.0,1,1,0,150296.77,1
4809,763,Germany,Male,52,6,0.0,2,1,0,103204.81,0
4810,776,France,Male,37,1,102549.28,1,1,0,127263.48,0
4811,689,Spain,Male,43,0,0.0,2,1,1,100565.91,0
4812,667,France,Female,45,3,118830.34,1,0,0,92520.64,0
4813,606,France,Male,27,10,176949.18,2,1,0,55473.05,0
4814,760,France,Female,29,0,181759.01,1,1,1,103743.6,0
4815,505,France,Male,42,1,147171.79,1,0,1,177549.3,0
4816,631,Germany,Male,43,8,38666.43,1,1,1,126377.84,0
4817,494,France,Male,45,0,0.0,2,1,0,82452.99,0
4818,724,France,Male,43,0,124376.36,2,0,1,29342.62,0
4819,624,Germany,Female,33,1,0.0,1,1,0,182982.1,0
4820,648,Germany,Male,46,7,164049.84,1,1,0,9849.76,0
4821,762,Spain,Male,41,4,0.0,2,1,1,1129.05,0
4822,616,Spain,Male,57,4,0.0,1,1,1,55259.64,0
4823,664,France,Male,22,10,110206.52,1,1,0,199333.39,0
4824,743,Spain,Female,43,9,79279.29,1,1,0,146402.87,0
4825,602,France,Male,46,9,128045.72,1,1,1,173356.1,0
4826,800,France,Male,28,2,48961.1,2,1,0,84127.03,1
4827,719,France,Female,26,4,0.0,2,1,0,103466.93,0
4828,834,Spain,Male,29,10,169747.03,1,1,1,16167.09,0
4829,514,France,Male,64,5,0.0,1,0,0,178279.96,0
4830,605,France,Female,26,5,64037.48,1,1,0,15018.64,0
4831,850,France,Male,47,6,0.0,2,0,0,177372.03,0
4832,656,France,Male,38,3,0.0,1,0,1,128476.04,0
4833,713,France,Male,28,6,97468.66,1,1,0,101280.76,0
4834,505,France,Female,20,9,181246.08,2,1,0,10364.51,0
4835,537,Germany,Male,31,7,0.0,2,1,0,144769.07,0
4836,592,Spain,Female,49,1,55931.37,1,1,1,64376.68,0
4837,743,Spain,Female,24,10,0.0,1,1,0,179092.16,0
4838,703,Germany,Male,34,8,103943.78,2,1,1,102498.42,0
4839,536,France,Male,20,3,100552.53,1,0,0,189348.77,0
4840,518,France,Female,23,3,0.0,1,1,1,86220.92,1
4841,850,Germany,Female,56,8,0.0,2,1,0,118769.13,1
4842,580,Spain,Male,54,1,82620.74,1,1,0,17325.77,1
4843,799,Germany,Female,41,6,52999.69,2,1,1,183991.19,0
4844,699,Spain,Female,40,8,60787.69,2,1,1,124949.09,0
4845,735,France,Male,21,6,163505.61,2,0,1,170348.85,0
4846,644,France,Male,20,6,83925.21,2,1,0,136630.72,0
4847,491,France,Female,45,3,0.0,2,1,1,4782.16,0
4848,712,France,Male,28,2,0.0,1,0,0,169831.96,0
4849,650,France,Male,39,0,0.0,2,1,1,144373.59,0
4850,780,Germany,Female,37,8,26263.49,2,1,1,117985.3,0
4851,754,France,Male,48,3,0.0,2,0,0,177565.27,0
4852,765,Spain,Male,41,5,0.0,2,0,1,32447.54,0
4853,685,Spain,Female,20,0,57278.56,2,1,0,61985.51,0
4854,850,France,Male,43,10,106406.81,1,1,0,124726.46,1
4855,779,Germany,Female,45,9,0.0,2,0,1,182297.6,0
4856,757,Spain,Male,27,6,0.0,1,1,1,175380.84,0
4857,580,France,Female,39,3,177747.31,2,1,1,188780.64,0
4858,730,France,Male,36,10,0.0,2,1,1,163887.33,0
4859,467,France,Male,39,2,52641.86,2,1,1,56925.45,0
4860,611,Spain,Male,26,2,68111.59,2,1,1,199711.15,0
4861,724,Germany,Male,44,10,162581.01,1,1,1,109144.97,0
4862,583,France,Female,38,10,93232.86,1,0,0,84476.15,0
4863,566,Germany,Male,46,1,100527.68,2,1,1,176587.64,0
4864,812,France,Female,35,8,95993.73,2,0,1,111758.89,0
4865,646,France,Female,36,5,0.0,1,1,0,4128.49,0
4866,709,Spain,Male,41,10,152995.67,2,1,0,29437.8,0
4867,658,France,Male,61,0,37595.44,1,1,1,68295.31,0
4868,646,France,Female,30,3,14261.48,2,1,0,71141.0,0
4869,779,Germany,Female,49,0,49402.49,2,1,0,120173.74,0
4870,760,Spain,Female,40,4,152398.62,2,1,1,107136.36,0
4871,535,France,Female,41,9,209798.4,2,1,1,129106.27,0
4872,571,Spain,Male,39,2,19301.96,2,1,1,53268.61,0
4873,534,France,Female,36,4,210026.18,1,1,1,59736.86,0
4874,725,Germany,Male,36,3,0.0,1,0,0,134854.19,0
4875,716,France,Male,57,0,0.0,1,1,0,107423.3,0
4876,843,Spain,Female,49,3,102984.32,2,1,0,79163.53,1
4877,491,France,Female,31,9,139259.05,2,0,1,177211.09,0
4878,535,Spain,Female,31,5,70934.66,3,1,0,99987.42,0
4879,701,France,Male,32,7,0.0,4,1,1,120856.75,0
4880,577,France,Female,25,1,41985.11,1,1,1,153363.36,0
4881,536,Germany,Female,32,2,100092.89,1,1,1,78378.32,1
4882,678,Spain,Female,31,7,103211.01,2,1,1,198582.29,0
4883,850,France,Male,18,1,117895.44,1,1,1,2888.49,0
4884,611,Spain,Male,46,6,187955.94,1,0,0,112039.31,0
4885,576,France,Male,28,0,0.0,2,1,0,103784.37,0
4886,566,France,Female,33,10,0.0,2,1,0,173257.49,0
4887,506,Germany,Female,32,3,0.0,2,1,0,108552.47,1
4888,637,France,Male,22,3,151869.97,1,1,1,90237.14,0
4889,541,Spain,Male,36,6,20942.83,1,1,0,79552.54,0
4890,721,Germany,Female,23,4,70838.93,2,1,1,53735.6,0
4891,640,Spain,Female,35,6,55391.02,1,1,1,108749.45,0
4892,704,Germany,Male,40,8,97058.51,2,0,0,95449.38,0
4893,777,Germany,Female,20,6,0.0,1,0,1,170201.88,0
4894,619,France,Male,24,1,0.0,2,1,1,59634.07,0
4895,641,Germany,Male,36,3,217111.07,1,1,1,128360.46,0
4896,824,France,Female,26,9,57388.01,2,1,0,168566.28,0
4897,573,France,Female,32,10,201591.81,1,0,1,99626.45,0
4898,772,France,Male,34,6,98416.88,1,1,0,170117.45,0
4899,610,France,Female,39,6,0.0,2,1,0,197858.66,0
4900,677,Spain,Female,24,8,0.0,1,0,0,192681.68,0
4901,543,France,Male,18,4,0.0,1,1,0,166497.51,0
4902,663,Germany,Male,34,2,63453.5,2,1,1,26758.62,0
4903,813,France,Male,26,5,136168.73,1,1,0,189162.42,0
4904,670,France,Male,23,5,164997.48,1,1,0,49295.95,0
4905,674,France,Male,30,7,0.0,2,1,0,107740.84,0
4906,588,France,Male,32,10,14041.96,2,0,0,85726.39,0
4907,660,Germany,Male,67,10,40365.16,2,0,1,105795.22,1
4908,690,Germany,Male,35,9,202370.81,2,0,1,22082.52,0
4909,721,France,Female,32,1,0.0,1,1,0,155877.99,0
4910,662,France,Female,40,0,151825.61,1,1,0,109409.58,0
4911,571,Germany,Male,20,7,81916.5,1,1,1,192025.29,0
4912,818,Spain,Female,37,5,69766.4,2,1,1,149829.27,0
4913,577,Spain,Male,19,0,125127.89,2,1,1,67297.19,0
4914,722,France,Female,66,0,184151.62,1,0,1,106534.16,0
4915,850,Spain,Male,49,1,92287.37,2,0,1,190891.35,0
4916,667,France,Female,24,2,107613.57,1,1,1,68501.88,0
4917,655,France,Male,43,1,0.0,1,1,0,95548.76,0
4918,812,France,Male,27,0,222575.48,2,1,1,76104.43,0
4919,675,Germany,Male,28,9,0.0,1,1,0,3615.61,0
4920,780,Germany,Female,50,2,134533.6,1,1,1,108502.05,0
4921,739,France,Male,50,7,0.0,2,1,1,179034.73,0
4922,614,Germany,Female,41,10,0.0,2,1,0,148464.85,0
4923,548,France,Female,55,4,103044.83,1,0,0,58758.15,0
4924,685,Spain,Female,36,3,93079.8,1,1,0,28924.45,1
4925,635,France,Female,18,10,0.0,2,0,1,109348.04,0
4926,699,France,Male,32,6,169312.15,2,1,1,118707.35,0
4927,678,France,Male,45,3,0.0,1,1,0,186011.2,0
4928,747,Germany,Male,18,3,99465.41,2,0,1,150572.0,0
4929,525,France,Male,28,8,87979.21,2,1,1,34314.44,0
4930,684,France,Male,44,4,0.0,1,1,1,80483.81,0
4931,646,France,Female,32,9,0.0,1,0,1,181461.71,0
4932,704,France,Male,31,10,143810.61,2,1,1,47696.27,0
4933,703,Germany,Male,25,5,87329.62,2,1,0,110447.54,0
4934,563,Germany,Female,20,9,0.0,1,0,1,63049.02,0
4935,579,Spain,Male,46,1,0.0,2,1,1,97242.54,0
4936,583,Spain,Female,30,3,0.0,1,1,0,161527.96,0
4937,710,France,Male,54,2,0.0,1,1,1,29329.34,0
4938,645,Spain,Male,41,3,0.0,2,1,0,117627.37,0
4939,547,Spain,Male,18,5,0.0,1,1,0,36762.05,0
4940,730,France,Female,30,7,100103.11,1,0,1,149230.11,0
4941,716,France,Male,45,9,109439.54,1,0,0,84086.83,1
4942,610,Spain,Male,37,4,121488.3,1,1,0,88450.06,0
4943,562,Spain,Female,38,3,0.0,2,0,1,58095.05,0
4944,651,France,Female,38,7,0.0,1,0,1,87129.65,0
4945,692,Spain,Male,39,2,74533.96,1,1,0,164393.64,0
4946,569,France,Male,31,2,93948.97,1,0,1,28466.08,0
4947,585,Germany,Male,28,5,234743.71,1,0,0,94802.96,0
4948,822,France,Female,33,1,121267.87,1,1,0,130894.63,0
4949,591,France,Male,39,4,184091.65,2,0,0,3352.61,0
4950,674,France,Female,38,7,89965.41,1,0,0,138058.6,1
4951,466,Spain,Male,26,7,187831.96,1,1,0,29991.03,1
4952,652,Germany,Female,59,3,107300.1,1,1,0,32327.94,0
4953,719,Germany,Male,36,7,170819.09,1,1,1,99533.66,0
4954,726,France,Female,32,7,2477.04,2,1,1,101326.36,0
4955,591,France,Female,45,6,0.0,1,1,1,46447.75,0
4956,694,Spain,Male,23,2,195393.74,1,1,1,6868.78,0
4957,607,Spain,Male,47,1,0.0,2,0,0,36875.08,0
4958,763,France,Male,58,8,19694.93,2,1,0,81622.51,1
4959,655,France,Female,29,6,0.0,2,1,1,79208.01,0
4960,510,Spain,Female,20,4,0.0,2,1,0,94737.85,1
4961,560,Germany,Male,38,7,0.0,1,1,1,101056.98,0
4962,760,Spain,Female,26,5,132639.38,3,1,1,28925.3,0
4963,692,France,Female,44,2,106396.8,1,0,1,79876.15,0
4964,631,Germany,Male,40,1,0.0,1,1,1,124865.84,1
4965,610,Spain,Female,31,6,0.0,2,1,0,197833.21,0
4966,552,France,Female,31,3,0.0,1,1,1,156461.98,0
4967,554,Germany,Female,42,4,115339.13,1,0,0,91675.16,0
4968,586,Spain,Female,58,10,149030.59,1,1,1,166239.23,0
4969,850,France,Male,25,2,142338.63,2,1,0,43732.1,0
4970,734,Spain,Male,41,8,63870.57,2,1,0,129281.72,0
4971,722,Spain,Female,21,6,147076.61,2,1,1,76451.74,0
4972,530,Germany,Male,32,4,0.0,2,1,0,199582.74,0
4973,736,Spain,Male,38,7,136877.91,1,1,1,16452.39,0
4974,661,Spain,Male,45,10,184875.36,1,1,1,103279.92,1
4975,568,Spain,Female,25,5,10932.03,1,1,0,61404.1,0
4976,605,Spain,Female,36,0,107402.24,2,1,1,174760.92,0
4977,687,Germany,Male,18,2,0.0,2,0,1,108036.4,0
4978,850,Spain,Male,32,9,90272.15,2,0,0,162255.05,0
4979,535,France,Male,56,4,55151.26,3,1,0,88227.31,0
4980,668,Germany,Female,21,3,103205.0,1,1,0,22528.38,0
4981,666,Germany,Female,34,2,96385.24,2,0,0,87928.46,0
4982,653,Germany,Female,27,0,118723.92,2,0,0,133977.72,0
4983,629,Spain,Female,29,8,0.0,2,1,0,139223.31,1
4984,631,Germany,Male,31,5,0.0,2,1,1,154883.04,0
4985,616,France,Male,30,5,0.0,1,0,1,148399.65,0
4986,734,France,Female,29,0,175278.76,2,1,0,161413.19,1
4987,666,Spain,Female,47,7,0.0,1,1,0,141709.34,0
4988,598,France,Male,32,3,109647.87,2,1,1,51529.23,0
4989,613,France,Male,74,10,188492.55,1,1,0,116058.58,1
4990,733,France,Male,33,5,0.0,1,1,1,189669.58,0
4991,629,France,Male,20,2,108992.55,1,1,0,29054.44,0
4992,698,Spain,Male,50,5,42977.69,1,1,1,49652.7,0
4993,675,France,Male,22,9,90949.01,1,1,1,21103.31,0
4994,688,Spain,Male,39,9,21777.39,1,1,1,149478.95,0
4995,688,Spain,Male,26,3,95818.93,1,1,0,42236.28,0
4996,668,Spain,Female,26,8,57955.26,1,1,1,59792.7,0
4997,606,Germany,Male,40,4,105662.73,2,1,1,159921.0,0
4998,825,France,Female,29,0,0.0,2,1,0,54443.49,0
4999,536,Germany,Male,48,10,89586.37,1,1,1,190785.85,0
5000,639,Spain,Male,31,2,12952.63,2,0,0,101422.07,0
5001,719,France,Male,29,1,0.0,1,1,1,58876.28,0
5002,649,Germany,Male,32,4,32068.37,2,0,1,43443.59,0
5003,571,France,Male,30,0,19558.62,1,0,1,779.39,0
5004,579,Spain,Female,29,4,70052.84,1,0,0,108129.2,0
5005,526,France,Male,30,9,138745.99,2,0,1,142049.46,0
5006,648,France,Male,24,5,62886.42,1,1,0,50624.86,0
5007,738,Germany,Female,39,5,0.0,1,0,1,36390.36,0
5008,715,Germany,Male,30,4,207257.71,2,0,1,86388.18,0
5009,588,France,Male,36,3,0.0,1,1,0,28769.53,0
5010,749,France,Female,28,0,0.0,1,1,0,34246.1,0
5011,649,France,Male,27,3,103995.93,1,0,0,124828.33,1
5012,711,France,Male,27,1,0.0,1,1,1,109925.25,0
5013,731,France,Male,40,6,173770.97,2,0,1,141131.12,0
5014,714,France,Male,21,10,0.0,1,1,1,77735.92,0
5015,721,Germany,Female,29,7,0.0,1,0,0,57271.46,0
5016,800,Germany,Female,27,8,111961.11,2,1,0,109952.81,0
5017,563,France,Female,50,3,163862.29,1,1,1,43877.45,1
5018,646,Germany,Female,36,8,33241.43,1,0,1,138034.29,0
5019,611,France,Female,32,7,0.0,2,0,0,17848.73,0
5020,734,Germany,Female,48,2,0.0,2,1,0,141030.83,0
5021,551,Germany,Male,48,2,146166.53,1,1,0,62665.21,0
5022,557,France,Male,47,0,33785.69,1,1,0,92216.59,0
5023,509,Spain,Female,37,7,0.0,2,1,1,172271.7,0
5024,410,France,Male,19,1,0.0,1,1,1,49562.49,0
5025,746,France,Female,53,3,107729.2,2,1,0,150902.41,0
5026,682,France,Female,44,9,91545.81,2,1,0,149026.87,0
5027,528,France,Female,28,0,138393.73,1,1,1,82089.49,0
5028,623,France,Male,34,8,42785.16,1,1,0,16196.39,0
5029,505,France,Female,54,1,0.0,1,1,0,198301.2,0
5030,630,Germany,Female,47,10,0.0,1,1,0,171746.31,0
5031,655,France,Male,23,9,142484.36,1,1,0,77554.42,0
5032,493,Germany,Male,68,1,166309.77,2,0,0,161294.0,0
5033,646,France,Female,42,6,116091.06,2,0,1,64482.65,0
5034,759,France,Female,40,6,0.0,2,0,0,186916.57,0
5035,526,Germany,Female,47,9,33917.35,2,0,1,167214.76,0
5036,737,France,Male,27,8,128297.79,1,1,1,83094.0,0
5037,720,France,Female,51,10,145212.0,1,1,0,149559.26,0
5038,850,Germany,Male,29,3,59138.92,2,0,0,3754.86,0
5039,663,France,Female,47,9,88616.1,2,0,0,53897.97,0
5040,615,France,Male,57,10,190915.56,1,1,1,20311.42,0
5041,835,Spain,Female,39,4,147519.06,1,0,1,151832.82,0
5042,630,France,Female,46,0,0.0,3,0,1,113624.12,0
5043,689,France,Male,28,8,0.0,2,0,1,86741.45,0
5044,800,Spain,Male,25,3,0.0,2,1,0,191920.48,0
5045,785,France,Female,39,5,0.0,1,1,1,5805.97,0
5046,666,France,Female,24,5,0.0,2,1,1,161261.56,0
5047,534,Germany,Male,60,8,0.0,1,1,1,129742.29,0
5048,607,France,Male,32,7,0.0,1,1,1,142906.75,0
5049,709,Spain,Male,41,7,13532.89,2,1,0,68888.83,0
5050,623,France,Female,45,0,157913.74,2,1,1,175676.91,0
5051,454,France,Male,45,6,0.0,1,0,1,129252.3,0
5052,497,France,Female,37,4,0.0,1,1,1,120299.45,0
5053,844,France,Female,31,4,72942.27,2,1,1,162046.55,0
5054,741,Spain,Female,39,4,243361.68,1,0,0,28999.95,1
5055,825,France,Female,40,3,134089.04,2,1,0,135785.71,0
5056,598,Germany,Male,49,8,0.0,2,1,1,194383.55,0
5057,680,Spain,Male,33,4,135524.25,1,1,0,140196.4,0
5058,596,France,Male,54,8,0.0,1,1,1,126762.94,0
5059,690,France,Male,52,3,0.0,2,1,0,96830.17,0
5060,561,France,Male,29,0,17772.23,2,1,0,48229.73,0
5061,703,France,Female,48,10,18682.81,2,0,1,130268.8,0
5062,641,Spain,Male,34,0,130414.2,2,1,1,2613.75,0
5063,526,Spain,Female,29,5,0.0,2,0,0,92891.86,0
5064,734,France,Female,58,4,0.0,1,1,0,34327.92,1
5065,626,France,Male,19,8,76460.25,1,0,1,164023.11,0
5066,757,France,Female,40,10,57092.26,2,1,1,89266.85,0
5067,534,Spain,Male,57,5,120467.44,1,1,1,50020.99,0
5068,702,France,Female,33,2,161791.47,1,1,1,150208.39,0
5069,620,Spain,Male,45,7,83830.41,1,0,0,159658.58,0
5070,638,Spain,Female,53,8,65443.81,2,1,0,68208.02,0
5071,592,France,Female,52,5,23220.04,2,1,0,129103.69,0
5072,590,Germany,Female,40,8,0.0,2,1,1,174572.84,0
5073,627,France,Male,23,7,0.0,1,0,1,102834.61,0
5074,779,Germany,Male,61,6,138212.12,2,0,1,75319.06,0
5075,735,Spain,Male,22,8,0.0,2,1,1,137280.86,0
5076,661,Spain,Male,24,3,88217.77,2,1,0,122473.42,0
5077,737,France,Male,51,0,0.0,1,0,0,83652.7,0
5078,688,France,Female,32,1,152207.62,1,1,0,182413.77,0
5079,769,France,Female,54,10,0.0,1,1,1,198409.97,0
5080,567,France,Male,48,7,7292.22,1,1,1,191668.0,0
5081,660,France,Female,28,1,105940.14,2,1,1,114926.31,0
5082,779,Spain,Male,37,3,84540.83,2,1,1,161216.55,0
5083,731,Spain,Male,28,4,81824.14,1,1,1,81811.53,0
5084,596,Germany,Male,43,5,38468.83,1,1,0,102024.76,1
5085,712,France,Male,81,2,0.0,2,1,0,120893.14,0
5086,636,Germany,Female,36,5,91103.91,1,0,1,121156.3,0
5087,662,Spain,Male,49,10,84939.77,1,1,1,146707.7,0
5088,718,Germany,Male,47,4,0.0,2,1,0,58796.6,0
5089,591,France,Female,55,7,75409.38,2,1,1,124119.92,1
5090,408,France,Male,36,10,0.0,2,0,0,122415.2,0
5091,678,France,Female,26,6,196491.66,2,1,0,86696.43,0
5092,605,Germany,Male,44,5,98087.95,1,1,1,38039.2,0
5093,607,Spain,Male,39,10,102001.14,2,1,0,194385.77,0
5094,624,Spain,Female,40,6,31984.31,2,1,1,152791.09,1
5095,474,Spain,Female,31,9,112291.36,2,1,0,134611.77,0
5096,809,Germany,Female,23,4,181598.5,2,1,0,84393.4,0
5097,632,France,Female,48,2,0.0,2,1,1,10574.16,0
5098,528,France,Male,31,7,234486.23,1,0,0,185315.23,1
5099,577,France,Female,38,8,0.0,1,0,1,130240.98,0
5100,595,Germany,Male,57,8,0.0,1,1,1,41786.29,0
5101,671,France,Male,47,6,75904.36,1,1,1,72683.78,0
5102,679,Spain,Female,32,7,47244.05,1,1,1,21353.76,0
5103,588,Spain,Male,26,6,56943.85,1,1,0,4305.06,0
5104,648,Spain,Male,18,9,54277.36,1,1,1,174439.03,0
5105,613,France,Male,18,6,0.0,1,0,1,124992.73,0
5106,655,Spain,Male,47,2,27363.89,1,1,0,169381.26,0
5107,710,France,Male,37,6,114969.83,1,1,0,26215.71,0
5108,568,Germany,Female,41,5,0.0,1,1,1,19033.39,0
5109,796,Germany,Male,25,3,0.0,2,0,1,69979.16,0
5110,648,Germany,Male,30,7,145283.47,2,1,0,129036.61,0
5111,703,Germany,Female,27,8,0.0,1,1,1,15912.88,0
5112,592,France,Male,48,5,216289.09,1,0,0,153341.71,1
5113,720,Germany,Female,47,4,0.0,2,1,0,144726.26,0
5114,601,Germany,Male,36,3,100185.75,3,1,1,100716.06,1
5115,619,Germany,Male,54,9,182994.14,1,1,1,159907.67,1
5116,793,Spain,Male,39,10,72196.44,1,1,0,77016.37,0
5117,651,France,Male,35,1,100472.75,1,1,1,80609.08,0
5118,850,Germany,Male,35,3,41339.05,3,1,1,138923.69,1
5119,643,France,Male,30,0,94594.12,1,0,0,38892.22,0
5120,666,France,Male,76,2,0.0,2,1,0,192139.93,0
5121,815,France,Male,27,7,0.0,1,1,1,52003.14,0
5122,607,Germany,Female,25,0,5802.55,1,1,1,176672.32,0
5123,541,France,Male,24,5,0.0,1,0,0,46873.41,0
5124,561,Germany,Female,23,1,0.0,2,0,0,29302.57,0
5125,593,Germany,Female,32,4,171054.78,2,1,0,3454.84,0
5126,583,France,Male,34,6,0.0,1,1,1,114686.76,0
5127,811,Germany,Female,32,0,70859.73,1,1,1,188922.77,0
5128,554,Spain,Female,34,7,0.0,1,1,1,158352.28,0
5129,524,France,Female,43,5,0.0,1,1,0,83090.13,0
5130,660,Spain,Male,46,9,180898.36,1,1,1,180593.97,0
5131,777,Spain,Female,23,10,0.0,1,0,0,18638.72,0
5132,479,France,Female,39,0,56830.55,1,1,1,20564.96,0
5133,660,Germany,Female,34,7,0.0,1,1,0,93195.12,0
5134,499,France,Female,33,4,106366.62,1,1,0,613.13,1
5135,376,France,Female,18,0,70818.26,1,1,1,131737.5,0
5136,687,France,Female,64,10,45582.06,1,1,0,153146.61,0
5137,538,Spain,Female,52,10,36412.39,1,1,0,28712.93,0
5138,670,Spain,Female,44,3,88342.54,3,1,1,122630.46,0
5139,595,Spain,Male,34,2,0.0,2,1,0,96934.4,0
5140,637,France,Male,26,7,0.0,1,1,0,198651.91,0
5141,610,Germany,Male,25,6,0.0,1,1,1,154533.01,0
5142,659,France,Male,58,6,0.0,1,1,0,10032.21,0
5143,582,Spain,Female,29,1,0.0,1,1,0,49117.24,0
5144,380,France,Male,23,6,72170.2,1,0,0,62338.33,0
5145,602,Spain,Male,36,8,71104.28,2,0,0,50891.92,1
5146,609,Germany,Female,38,9,50574.64,2,1,1,101359.2,0
5147,768,Germany,Male,25,10,0.0,2,0,0,123495.2,1
5148,739,Spain,Female,30,7,216216.37,1,1,0,83315.35,1
5149,561,Spain,Female,34,4,111985.18,1,0,0,188043.04,0
5150,747,France,Male,34,2,36253.88,2,0,0,98119.43,0
5151,592,France,Female,34,7,0.0,1,0,0,15432.24,0
5152,612,Spain,Female,55,0,175727.66,1,1,1,75168.97,0
5153,463,Germany,Male,18,10,121371.67,2,1,0,17227.64,0
5154,821,France,Male,41,6,191502.16,2,0,0,14459.77,0
5155,550,Germany,Male,37,2,0.0,2,1,1,78133.76,0
5156,460,Spain,Female,18,0,213409.57,1,0,1,105055.66,0
5157,525,Germany,Female,33,8,0.0,2,1,0,19479.62,0
5158,394,Germany,Male,23,10,142612.74,2,1,1,34961.07,0
5159,578,France,Male,24,4,0.0,1,1,1,199676.82,0
5160,817,France,Male,22,2,0.0,2,1,0,103419.71,0
5161,614,France,Female,33,4,0.0,1,1,1,121276.55,0
5162,850,Germany,Male,37,4,192259.43,3,1,1,76144.03,1
5163,601,Spain,Male,36,1,3870.19,2,1,1,126476.16,0
5164,780,France,Female,38,4,0.0,2,0,1,43527.85,0
5165,434,France,Female,46,7,0.0,1,1,0,58607.52,0
5166,618,Spain,Female,24,4,131810.71,2,1,0,60894.7,1
5167,783,Spain,Female,22,3,162127.71,2,1,1,9840.65,0
5168,772,France,Female,42,8,0.0,2,1,0,178471.12,0
5169,698,Germany,Male,43,7,0.0,2,1,0,15367.02,0
5170,590,Germany,Male,25,1,121626.51,2,0,0,149548.83,0
5171,850,France,Female,56,2,0.0,2,1,0,89814.47,0
5172,673,France,Female,42,1,64771.44,1,1,1,40438.51,0
5173,664,France,Male,34,0,0.0,1,1,0,49320.99,0
5174,490,Germany,Female,62,3,184102.56,1,0,1,167961.19,0
5175,565,France,Female,38,4,67239.06,1,0,0,37239.87,0
5176,661,France,Female,46,7,150394.48,2,1,0,141751.49,0
5177,513,Spain,Female,18,4,117401.99,1,0,1,188896.8,0
5178,656,France,Female,64,2,0.0,1,0,0,183962.08,1
5179,680,Germany,Female,27,0,0.0,2,1,0,14276.35,1
5180,665,France,Female,26,7,33901.95,2,1,1,121324.93,0
5181,681,France,Female,23,4,0.0,1,0,1,9947.71,0
5182,653,Germany,Female,53,8,11003.14,1,1,1,21989.64,1
5183,434,France,Female,45,2,78970.87,1,0,1,127398.69,0
5184,781,Germany,Female,62,5,0.0,4,0,0,162583.47,0
5185,585,France,Female,31,3,88250.23,2,1,1,101055.21,0
5186,708,Germany,Female,34,10,202759.25,1,0,0,118562.71,0
5187,549,Spain,Female,32,9,231632.81,1,0,1,50630.28,0
5188,668,France,Male,36,4,50524.95,2,1,0,40223.34,0
5189,617,Germany,Male,30,1,118618.86,1,0,0,8291.19,0
5190,610,France,Female,19,1,0.0,1,0,0,191778.91,0
5191,534,France,Male,37,7,169108.69,2,0,1,184280.75,0
5192,734,France,Male,23,2,160632.74,2,0,1,182856.12,0
5193,628,Germany,Male,18,7,133080.55,1,1,0,17478.51,0
5194,684,France,Female,23,9,145629.25,2,1,0,19451.53,0
5195,665,Spain,Male,33,5,4332.03,2,1,1,85302.02,0
5196,602,Spain,Female,27,10,68903.89,2,1,0,67982.03,0
5197,768,Spain,Female,50,4,0.0,1,1,0,126111.93,0
5198,732,Germany,Male,49,7,0.0,2,1,0,169927.82,0
5199,669,Spain,Female,24,0,153300.23,2,1,0,24063.4,0
5200,524,France,Female,34,9,0.0,1,1,1,48525.27,0
5201,681,France,Female,24,0,66057.65,2,1,1,176773.5,0
5202,628,Spain,Female,31,7,113409.68,2,1,1,49036.86,0
5203,738,France,Male,34,9,0.0,1,1,0,87260.79,0
5204,683,France,Male,27,9,57538.75,1,1,1,127488.65,0
5205,534,Spain,Male,51,4,0.0,1,1,1,168274.95,0
5206,668,France,Female,40,2,6093.37,2,1,0,38582.41,0
5207,805,France,Female,42,9,0.0,2,0,0,131212.23,0
5208,416,Spain,Male,19,2,0.0,2,0,0,157792.37,0
5209,676,Germany,Male,37,4,0.0,1,1,0,64098.55,0
5210,640,France,Male,37,2,0.0,2,1,1,151537.89,0
5211,658,Spain,Female,47,8,0.0,1,1,0,141765.52,0
5212,518,Germany,Male,39,7,73278.22,2,1,1,107811.88,0
5213,850,Spain,Male,41,2,0.0,1,0,1,133582.18,0
5214,509,France,Male,49,0,0.0,1,0,1,79220.4,0
5215,628,France,Male,31,7,90506.12,1,1,0,115339.4,0
5216,582,France,Female,28,0,0.0,2,0,0,100973.03,1
5217,632,France,Male,37,10,112405.41,1,0,0,172573.93,0
5218,582,Spain,Female,72,3,25972.72,2,1,1,20068.41,0
5219,525,Germany,Female,61,10,0.0,2,0,1,79245.49,1
5220,586,France,Female,81,1,191624.35,1,1,0,40870.7,0
5221,806,Spain,Male,24,4,0.0,2,0,0,112773.81,1
5222,755,France,Female,26,10,158533.09,3,1,0,173309.89,0
5223,646,France,Male,18,10,135903.05,2,1,0,140776.92,0
5224,660,Spain,Male,28,2,62627.5,1,1,0,29594.45,0
5225,850,France,Female,43,6,0.0,2,1,0,132604.25,0
5226,850,France,Female,38,7,190986.98,1,1,1,114095.05,0
5227,798,France,Female,31,7,0.0,1,1,1,12930.62,0
5228,641,Spain,Female,76,4,0.0,2,1,1,58605.57,0
5229,605,Spain,Male,36,9,86070.96,1,1,1,9581.6,0
5230,719,Spain,Female,25,6,55488.18,2,1,1,20536.63,0
5231,664,Spain,Female,35,1,101213.56,1,1,0,79575.37,0
5232,828,Spain,Female,21,3,83495.23,1,0,0,170177.21,0
5233,581,France,Female,42,6,134448.21,1,1,1,97177.97,0
5234,845,France,Male,28,7,0.0,1,0,0,92494.45,0
5235,723,France,Male,40,0,84324.52,2,1,1,100429.02,0
5236,732,Spain,Female,50,9,43964.63,1,0,1,49676.35,0
5237,602,Spain,Female,32,9,33078.56,2,0,1,195810.31,0
5238,490,Spain,Male,33,6,132027.58,1,0,1,187961.34,0
5239,600,Germany,Female,32,9,99289.62,1,0,0,195578.48,1
5240,651,Spain,Female,44,9,106040.75,2,1,1,164527.72,0
5241,592,France,Female,31,9,0.0,1,1,0,148648.13,0
5242,654,France,Female,43,4,0.0,1,0,0,198957.88,0
5243,498,France,Male,32,5,55034.04,2,0,1,48022.87,0
5244,592,France,Female,41,5,197953.63,2,0,0,117725.19,0
5245,850,France,Male,28,4,166552.6,2,1,0,157732.67,0
5246,666,France,Female,56,6,123548.66,1,0,1,179700.99,0
5247,605,Spain,Female,48,5,0.0,3,1,1,53302.11,0
5248,846,Spain,Female,38,1,0.0,1,1,1,5837.87,0
5249,646,France,Female,44,3,0.0,1,1,0,50115.93,0
5250,700,France,Male,44,2,0.0,1,1,0,39566.25,0
5251,720,France,Female,40,2,0.0,1,0,0,139512.19,0
5252,511,France,Female,23,8,0.0,2,1,1,3144.13,0
5253,685,France,Female,36,5,80465.03,1,0,0,9790.65,0
5254,842,France,Male,39,0,234337.74,1,0,0,176565.89,0
5255,629,Spain,Female,35,2,0.0,2,1,1,138466.48,0
5256,660,Germany,Male,23,10,16897.91,2,0,1,3652.33,0
5257,752,Germany,Male,30,4,38283.26,2,0,1,85073.87,0
5258,699,France,Female,35,1,87444.39,2,1,1,191350.62,0
5259,596,France,Male,62,9,45809.15,2,1,1,112937.55,0
5260,646,Germany,Female,49,1,0.0,2,1,1,115507.25,0
5261,722,Germany,Male,58,8,67405.99,2,1,1,81643.86,1
5262,724,France,Male,43,9,0.0,1,1,1,161396.8,0
5263,594,France,Female,22,0,112370.66,2,0,0,51437.77,0
5264,633,France,Male,44,5,62311.84,1,1,1,10600.59,0
5265,733,France,Male,35,10,138525.32,2,1,0,62219.43,0
5266,614,France,Male,57,5,139304.55,3,1,0,124616.3,1
5267,801,Spain,Female,38,7,0.0,2,1,0,138710.77,0
5268,764,Germany,Male,40,8,123011.97,1,0,1,41169.85,0
5269,625,Germany,Female,54,3,0.0,2,1,0,73280.96,0
5270,777,Germany,Male,38,3,95375.52,2,0,0,64903.43,0
5271,763,France,Female,41,6,214162.18,1,1,0,174591.59,1
5272,782,France,Female,54,6,64300.12,2,1,1,157023.01,1
5273,687,France,Male,34,1,11587.95,1,1,0,22316.26,0
5274,659,Germany,Male,42,1,159611.83,2,1,0,56041.73,1
5275,485,Germany,Male,26,3,12837.16,1,0,1,167213.34,0
5276,648,Germany,Male,33,9,141223.19,2,0,1,149222.46,0
5277,675,Spain,Male,23,2,0.0,1,1,1,121386.93,0
5278,534,France,Male,21,4,111842.39,1,0,1,12830.24,0
5279,485,France,Male,55,8,117119.98,1,1,1,78108.97,0
5280,696,Spain,Female,54,10,103805.79,1,0,0,6235.82,0
5281,737,Spain,Female,18,3,121408.26,1,0,0,145958.5,0
5282,634,France,Female,49,2,165463.51,1,0,1,125899.07,0
5283,678,France,Female,24,0,0.0,2,1,0,186033.57,0
5284,589,Spain,Male,41,10,75681.1,1,1,1,105229.07,0
5285,850,Spain,Female,21,5,17391.53,2,1,1,179554.21,0
5286,639,Germany,Male,22,9,0.0,2,0,0,150526.56,0
5287,758,France,Male,55,1,0.0,2,0,1,109826.47,1
5288,667,France,Male,25,1,38467.25,2,0,1,193361.49,0
5289,777,France,Male,23,4,67378.95,2,0,1,16546.41,0
5290,739,Spain,Female,37,1,0.0,1,0,0,33615.96,0
5291,629,France,Female,24,3,0.0,2,1,1,7678.99,0
5292,658,France,Male,31,7,77119.77,1,1,1,39032.56,0
5293,646,Spain,Male,32,7,126289.25,1,0,1,31742.03,0
5294,664,Spain,Female,41,7,0.0,1,1,1,77747.94,0
5295,694,France,Female,25,7,101973.9,2,1,0,52491.41,0
5296,712,Germany,Female,24,3,152361.11,2,1,1,1716.15,0
5297,650,France,Male,52,0,168343.97,1,1,0,56546.4,0
5298,705,Spain,Male,37,1,133568.82,2,0,1,131898.47,0
5299,685,France,Female,42,10,81792.19,2,1,0,46990.93,1
5300,653,France,Male,46,6,0.0,2,1,1,153211.13,0
5301,850,Germany,Male,28,3,53756.28,1,1,1,111381.75,0
5302,750,Spain,Female,39,10,97078.24,1,1,0,189517.08,1
5303,651,Germany,Female,41,1,30169.09,2,0,1,165330.05,1
5304,541,France,Male,54,9,110750.21,1,1,0,76730.17,0
5305,637,France,Female,59,2,0.0,2,1,0,35108.34,0
5306,510,Spain,Female,41,2,0.0,2,1,1,824.88,0
5307,692,Spain,Female,31,10,0.0,2,1,1,126963.39,0
5308,772,France,Male,57,6,60701.27,1,1,1,188317.02,0
5309,505,France,Male,22,1,29995.66,2,1,1,131484.78,0
5310,727,France,Female,30,3,138087.93,1,0,1,38180.48,0
5311,679,France,Female,31,2,0.0,1,1,0,115143.32,0
5312,721,France,Female,46,3,0.0,1,0,1,196189.09,0
5313,391,Germany,Female,48,10,91808.35,2,1,1,176260.74,0
5314,600,Germany,Male,52,9,114910.56,1,0,1,21363.2,0
5315,697,Spain,Male,24,8,0.0,2,1,0,31604.09,0
5316,552,France,Female,38,10,66359.74,1,1,0,76860.38,0
5317,729,Germany,Male,58,4,125288.51,1,1,0,6645.62,1
5318,575,France,Male,18,0,0.0,2,1,1,122005.65,0
5319,603,France,Male,31,8,158736.44,1,0,1,40372.6,0
5320,836,France,Female,40,5,13930.78,1,1,1,173941.05,0
5321,533,France,Male,32,2,211492.41,2,1,1,33924.86,0
5322,715,France,Male,28,7,153321.82,1,1,1,62016.37,0
5323,700,Germany,Female,30,6,0.0,3,0,0,147167.76,1
5324,707,France,Female,26,0,167851.82,1,1,0,66609.49,1
5325,609,Spain,Female,34,9,0.0,1,1,1,32358.43,0
5326,702,Germany,Female,34,7,46855.42,1,1,0,62024.97,1
5327,622,Germany,Female,32,9,52248.5,2,1,0,42197.91,0
5328,772,Germany,Male,41,6,0.0,2,1,1,102939.95,0
5329,799,Germany,Female,23,6,87719.74,1,0,0,142658.81,0
5330,502,France,Female,24,1,126202.29,1,1,1,83642.73,1
5331,602,Germany,Female,27,4,72798.05,1,1,0,49813.21,0
5332,519,France,Female,29,5,218646.77,1,1,1,41919.34,0
5333,692,Spain,Female,34,2,0.0,2,0,1,133837.63,0
5334,694,France,Female,28,1,0.0,2,1,1,75248.59,0
5335,730,France,Male,40,1,238857.35,2,0,1,154428.7,0
5336,672,France,Male,26,5,176676.21,1,1,1,72207.83,0
5337,850,Spain,Male,18,10,123099.61,2,1,1,21081.71,0
5338,759,France,Female,35,10,141971.11,1,1,1,124623.45,0
5339,756,France,Female,39,4,133912.65,2,1,1,67616.9,0
5340,727,France,Male,30,7,87477.65,2,0,1,159698.56,1
5341,667,Germany,Male,18,6,0.0,1,1,1,101506.51,0
5342,621,Spain,Female,27,1,0.0,2,0,0,152153.27,0
5343,766,Germany,Male,32,6,160189.34,1,1,1,175185.96,0
5344,751,Germany,Male,31,5,104885.42,1,1,0,27739.81,0
5345,784,Spain,Male,42,2,0.0,3,1,1,98236.45,0
5346,504,Spain,Male,29,1,0.0,1,1,1,80453.67,0
5347,702,Spain,Female,31,6,104762.76,2,0,1,104905.52,0
5348,565,France,Male,23,10,83077.38,2,1,0,6877.99,0
5349,656,Spain,Female,29,5,0.0,1,1,1,88520.25,0
5350,638,France,Female,37,10,137512.13,2,1,0,50545.04,0
5351,788,France,Male,38,10,0.0,1,1,0,148779.86,0
5352,555,Spain,Male,39,9,73090.04,2,0,1,21400.87,0
5353,648,France,Male,37,10,0.0,1,1,1,153106.0,0
5354,597,Germany,Female,47,2,137594.78,1,1,1,114952.69,0
5355,668,France,Male,20,8,0.0,1,0,1,114409.72,0
5356,757,France,Female,38,5,0.0,1,1,0,34325.8,0
5357,771,Spain,Male,31,7,85264.81,1,1,1,143534.89,0
5358,639,Germany,Female,39,7,0.0,1,1,0,15863.28,1
5359,733,France,Female,46,0,83259.9,1,1,0,70697.34,0
5360,660,Spain,Female,21,6,0.0,1,1,1,147364.34,0
5361,691,Spain,Female,33,1,6047.89,1,0,0,71710.59,1
5362,644,France,Female,27,4,0.0,1,1,0,28845.77,0
5363,678,France,Female,47,7,86662.52,2,1,1,26926.94,0
5364,778,France,Male,25,0,111857.73,1,1,0,155349.49,1
5365,561,France,Female,32,6,0.0,1,1,1,108132.76,0
5366,705,Germany,Male,61,7,138060.98,2,1,1,156258.02,0
5367,639,Germany,Male,41,6,0.0,2,1,0,188330.4,0
5368,621,Spain,Male,81,3,81290.22,2,1,0,80211.04,0
5369,618,France,Female,42,10,0.0,2,1,0,143486.83,0
5370,543,France,Male,18,6,40221.02,1,1,1,11534.75,0
5371,848,Germany,Male,41,8,0.0,2,1,0,115313.37,0
5372,442,Germany,Male,56,0,0.0,2,0,1,19069.27,0
5373,667,Germany,Male,29,0,124718.87,2,1,0,126430.09,0
5374,787,Spain,Female,74,3,64479.54,2,0,1,187637.4,0
5375,522,France,Female,38,9,73699.94,2,1,1,113112.82,0
5376,687,Germany,Male,71,2,0.0,1,1,1,153387.34,0
5377,639,France,Female,45,8,193003.22,2,1,1,198927.22,0
5378,556,France,Female,27,6,0.0,1,1,0,187869.9,0
5379,785,Germany,Female,31,0,156951.69,2,0,1,36155.19,0
5380,578,Spain,Female,39,0,156361.39,2,1,1,167775.31,0
5381,628,France,Male,31,9,117820.92,1,0,1,161272.35,0
5382,756,Spain,Male,27,2,46850.14,1,1,0,195463.88,0
5383,621,France,Male,34,8,0.0,1,1,0,95924.04,0
5384,735,France,Male,36,3,192380.9,2,1,1,192266.23,0
5385,535,France,Male,42,7,63316.64,1,0,0,104459.1,0
5386,554,Spain,Female,29,10,0.0,2,0,0,55493.64,1
5387,850,France,Male,45,8,91221.31,2,1,1,107706.98,0
5388,659,Germany,Female,48,9,30363.92,1,1,0,90217.25,0
5389,622,Germany,Male,25,3,0.0,1,0,0,74646.99,0
5390,641,Spain,Male,19,1,126603.5,1,0,1,176581.99,0
5391,453,France,Female,33,0,145166.06,2,0,0,163288.95,0
5392,484,Spain,Male,50,0,0.0,2,1,0,84304.47,0
5393,633,Germany,Female,19,4,0.0,1,1,1,78352.76,0
5394,765,France,Male,19,3,195943.58,2,0,0,63953.52,0
5395,508,Spain,Male,32,1,105394.89,2,1,0,136116.46,0
5396,605,Germany,Female,46,2,0.0,2,1,1,18245.87,1
5397,593,Spain,Female,31,2,189748.05,1,0,1,174941.25,0
5398,577,France,Male,31,6,175634.27,2,1,0,49632.73,0
5399,580,Germany,Male,28,4,0.0,1,1,0,100661.84,0
5400,630,France,Male,40,5,104544.88,1,1,1,126844.02,0
5401,563,France,Female,31,10,0.0,2,1,0,182343.19,0
5402,700,Germany,Male,34,8,170640.87,1,1,1,196450.96,0
5403,629,Spain,Female,21,10,0.0,1,1,1,110696.24,0
5404,622,Germany,Female,24,3,94796.93,2,1,1,177085.66,0
5405,732,Germany,Female,18,6,147877.31,2,1,0,65074.61,0
5406,740,France,Male,39,6,136561.95,1,1,1,103363.31,0
5407,550,Spain,Male,29,5,0.0,1,1,0,120375.18,0
5408,691,Spain,Female,45,4,73333.45,1,1,0,3139.65,0
5409,575,France,Male,27,5,0.0,2,1,0,6495.9,0
5410,619,Spain,Male,42,3,0.0,1,1,0,88689.97,0
5411,789,France,Female,39,1,0.0,2,1,1,188126.14,0
5412,745,Germany,Male,62,8,0.0,2,0,0,136105.55,0
5413,519,Germany,Male,53,0,0.0,1,1,0,44096.28,0
5414,607,Germany,Female,48,1,193864.87,2,1,0,18414.71,1
5415,555,Germany,Female,18,1,0.0,2,1,1,7296.38,0
5416,666,France,Male,21,7,0.0,1,1,1,19105.07,0
5417,690,France,Male,37,7,142993.83,1,1,1,113697.04,0
5418,667,France,Female,39,2,92342.15,1,0,0,195875.5,1
5419,533,France,Male,51,6,79376.01,1,1,0,171887.13,0
5420,702,France,Male,40,3,32485.89,1,0,1,118308.11,0
5421,575,France,Female,29,5,159747.55,2,0,0,7262.14,0
5422,550,Spain,Male,30,5,91944.69,2,1,1,54961.23,0
5423,663,Germany,Male,36,4,17091.4,2,0,0,30174.92,0
5424,670,Spain,Female,43,1,113642.94,2,1,1,71005.92,1
5425,685,Spain,Female,42,8,134220.83,1,1,0,74908.6,0
5426,606,Spain,Female,37,6,94057.96,1,1,0,113142.12,0
5427,576,France,Male,28,10,0.0,2,0,1,80392.68,0
5428,808,Spain,Female,50,3,87917.39,2,0,0,102060.37,0
5429,771,France,Female,37,0,57168.27,2,1,1,88359.13,0
5430,850,France,Male,44,6,193704.23,2,0,0,136548.53,0
5431,690,France,Male,44,2,12720.17,1,1,0,112274.1,0
5432,491,Germany,Male,22,8,174378.52,2,1,0,251.75,0
5433,705,France,Female,43,7,102874.15,2,1,0,23892.18,0
5434,683,Germany,Female,41,8,0.0,1,1,1,11255.81,0
5435,575,France,Male,38,9,37263.69,1,0,0,18869.83,0
5436,614,Spain,Male,52,7,0.0,2,1,1,157495.42,0
5437,621,Germany,Female,21,5,101799.19,1,1,0,67638.29,1
5438,520,Spain,Female,35,9,152326.89,2,1,1,162088.83,0
5439,762,Germany,Female,34,2,131039.1,2,1,1,198164.16,0
5440,633,France,Female,45,5,0.0,1,1,1,138749.6,0
5441,644,Spain,Male,45,9,0.0,1,1,1,20137.46,0
5442,741,France,Female,58,4,103517.81,1,1,1,13955.35,0
5443,603,France,Male,45,8,115305.19,2,1,1,71227.95,0
5444,666,Germany,Male,34,5,0.0,2,1,1,109196.19,0
5445,590,Germany,Female,47,0,0.0,2,1,0,56483.49,0
5446,789,France,Female,34,5,229353.08,1,1,0,165706.73,0
5447,644,France,Male,42,2,132841.58,2,1,1,143950.92,0
5448,647,France,Female,24,10,89122.98,1,1,1,190600.7,0
5449,731,Germany,Male,25,6,138392.75,1,1,1,116582.1,1
5450,777,Germany,Male,28,8,0.0,4,1,0,38082.06,1
5451,658,France,Male,47,2,195039.01,1,1,1,151651.57,0
5452,593,Germany,Male,44,4,0.0,1,1,1,190598.93,0
5453,760,France,Male,37,6,196128.32,2,1,1,153347.86,0
5454,668,Germany,Male,40,8,76090.84,1,1,0,91102.07,1
5455,643,France,Male,31,3,131255.31,1,1,0,176574.68,0
5456,616,Spain,Male,37,9,142242.54,1,1,0,109895.86,0
5457,565,France,Male,31,5,0.0,1,1,1,101661.47,0
5458,787,Spain,Female,29,9,31118.34,2,1,1,49390.06,0
5459,717,France,Female,47,0,173152.14,2,0,0,157084.27,0
5460,730,France,Female,33,5,134521.62,1,0,1,111877.4,0
5461,655,Spain,Male,31,5,92681.8,2,1,1,96370.62,0
5462,529,Spain,Female,56,9,97806.37,1,1,1,1341.68,0
5463,583,Germany,Female,47,0,0.0,2,0,0,123546.98,0
5464,720,France,Male,30,6,184223.2,1,0,0,115722.48,0
5465,499,France,Male,51,4,0.0,1,1,1,192335.59,0
5466,653,Spain,Female,23,5,185564.24,1,0,1,40609.69,0
5467,771,France,Male,21,5,30274.3,2,1,0,86636.77,1
5468,826,Spain,Male,49,9,0.0,2,0,1,104384.05,0
5469,605,Germany,Male,43,1,0.0,2,1,1,26107.0,0
5470,482,Germany,Male,38,0,0.0,2,1,1,48621.72,0
5471,716,Germany,Male,45,5,0.0,2,0,0,152785.09,0
5472,653,Spain,Male,36,8,163278.85,2,1,0,129915.11,0
5473,644,France,Female,38,8,19453.87,2,1,1,16222.79,0
5474,788,France,Male,30,0,127960.59,3,1,1,142215.19,0
5475,714,France,Male,39,7,211897.7,1,0,0,171754.63,0
5476,580,France,Male,34,1,98763.69,2,0,1,181188.69,0
5477,613,France,Female,36,8,143624.0,1,1,0,108964.3,0
5478,619,France,Female,37,3,0.0,2,1,1,13135.38,0
5479,520,France,Female,38,9,0.0,2,1,0,77345.83,1
5480,615,France,Male,47,10,173554.03,2,1,1,52757.13,0
5481,644,Spain,Female,23,9,0.0,1,1,0,188771.84,0
5482,448,France,Male,47,4,0.0,2,1,0,114508.15,0
5483,700,France,Male,21,0,0.0,2,1,0,166.89,0
5484,534,Spain,Male,31,4,132789.03,1,0,0,32439.62,0
5485,751,France,Male,24,7,52021.8,2,0,0,119049.8,0
5486,822,Spain,Male,56,0,104813.95,2,1,1,80059.9,0
5487,728,France,Male,65,2,117304.47,2,1,1,54256.74,0
5488,758,France,Male,37,0,0.0,2,1,1,105905.1,0
5489,488,France,Male,35,4,0.0,2,0,0,129869.35,0
5490,713,Spain,Female,40,0,102681.68,2,1,1,91768.71,0
5491,685,Spain,Female,44,7,0.0,2,1,0,197755.01,0
5492,711,France,Female,33,0,66998.09,2,0,0,36346.32,0
5493,486,France,Male,18,10,187968.04,2,1,1,72973.38,0
5494,672,Spain,Female,49,9,19388.92,2,1,1,127445.17,0
5495,844,Germany,Male,46,6,77149.61,1,1,0,57695.83,1
5496,704,Spain,Female,46,3,31839.32,2,1,1,83604.53,0
5497,559,France,Male,47,0,40532.3,2,0,1,77291.55,0
5498,457,Germany,Male,25,3,80075.65,1,0,1,119918.75,0
5499,752,Spain,Female,56,4,94086.09,1,1,1,196690.14,0
5500,539,France,Female,33,1,0.0,2,1,0,110055.18,0
5501,664,Germany,Male,41,10,76122.07,1,0,1,32977.05,0
5502,811,Germany,Female,66,2,0.0,1,1,0,3176.51,1
5503,637,Spain,Male,35,9,0.0,2,1,1,163665.84,0
5504,547,Spain,Male,39,0,133788.61,2,1,1,96589.96,0
5505,552,France,Male,31,2,0.0,1,1,1,79743.29,0
5506,486,Spain,Male,20,5,0.0,1,1,1,105340.56,0
5507,761,Germany,Male,32,0,0.0,2,1,1,181213.34,0
5508,641,France,Male,73,3,0.0,1,0,0,162190.43,0
5509,649,Germany,Female,40,3,0.0,1,1,1,141904.51,0
5510,599,Germany,Female,33,8,0.0,2,1,1,175906.31,0
5511,850,France,Female,55,0,51685.84,2,0,1,141274.26,0
5512,706,France,Male,24,3,0.0,2,0,0,7503.34,0
5513,592,France,Male,40,9,0.0,1,0,1,144981.74,0
5514,850,Germany,Female,45,10,0.0,1,0,0,171857.07,0
5515,801,France,Female,26,9,135679.48,1,0,1,43324.66,0
5516,696,Spain,Male,34,2,0.0,2,1,1,182216.02,0
5517,704,Spain,Female,23,3,0.0,2,1,0,127418.47,0
5518,534,France,Male,40,3,49153.92,2,1,0,93980.72,0
5519,529,France,Female,29,6,106456.67,1,1,1,37264.37,0
5520,720,France,Male,25,5,163338.44,1,1,1,126618.4,0
5521,766,Germany,Male,36,1,123064.54,1,0,1,65177.79,0
5522,549,France,Male,35,10,0.0,2,1,1,73060.66,0
5523,712,Spain,Male,25,9,71985.16,2,1,1,134579.6,0
5524,726,Germany,Male,59,0,0.0,2,1,0,180376.45,0
5525,711,Germany,Male,49,7,102983.53,1,1,0,112600.31,0
5526,721,France,Female,39,2,30126.82,2,1,0,65375.32,1
5527,531,Germany,Male,26,6,128400.55,1,0,1,104506.77,0
5528,789,Spain,Male,55,0,0.0,2,1,0,37755.09,0
5529,516,Spain,Male,60,0,52020.58,2,0,1,127082.69,0
5530,644,Spain,Female,43,0,0.0,3,0,0,103612.4,0
5531,646,Spain,Female,18,3,67995.2,2,1,1,50389.99,0
5532,622,Germany,Male,24,7,82035.15,2,0,1,86083.63,0
5533,574,Germany,Female,25,9,0.0,2,0,1,112904.96,0
5534,578,Spain,Female,32,10,0.0,3,1,1,177621.08,0
5535,771,France,Female,30,6,98872.46,1,0,0,54164.93,0
5536,729,Germany,Female,41,4,0.0,1,1,0,78681.44,0
5537,563,Germany,Female,24,8,116868.06,2,1,0,126545.9,0
5538,597,Spain,Female,18,0,8624.68,2,1,0,79941.61,0
5539,625,France,Male,25,5,82124.15,2,1,1,89116.67,0
5540,691,France,Male,61,1,74627.96,2,1,1,71849.66,0
5541,693,Spain,Female,40,10,89770.0,1,1,1,182162.2,0
5542,686,Spain,Male,39,5,0.0,1,1,1,5689.19,0
5543,850,France,Male,49,4,0.0,2,1,0,192474.12,0
5544,687,France,Female,45,5,0.0,2,1,1,70552.37,0
5545,622,France,Male,34,4,0.0,1,1,1,37845.52,0
5546,670,Spain,Male,45,4,166489.12,1,1,0,49321.27,0
5547,746,Germany,Male,52,3,117331.47,1,1,0,91825.97,0
5548,588,France,Male,31,1,4438.21,2,1,1,111453.54,0
5549,693,France,Male,50,0,0.0,2,0,0,39864.6,0
5550,823,Germany,Male,60,6,0.0,1,1,0,34026.76,1
5551,656,France,Female,21,1,45018.15,1,1,1,190073.83,0
5552,595,Spain,Female,39,9,139729.03,1,1,0,180682.03,0
5553,612,Germany,Male,57,4,0.0,2,1,0,180081.12,0
5554,548,France,Female,45,5,0.0,1,1,1,104584.16,0
5555,672,France,Female,29,6,117379.13,1,1,1,22003.6,0
5556,681,Germany,Male,22,8,0.0,1,1,1,150060.93,0
5557,756,France,Male,20,10,108713.68,1,1,1,116215.0,0
5558,636,Germany,Female,41,2,150580.14,1,0,1,193666.01,0
5559,576,Spain,Female,33,7,0.0,2,0,0,65635.32,0
5560,483,France,Female,42,4,161197.84,1,1,1,17035.45,0
5561,753,France,Male,36,0,60542.44,1,1,1,88305.14,0
5562,533,France,Female,22,6,0.0,1,1,0,97318.08,0
5563,475,Germany,Female,43,1,15401.32,1,1,0,20782.14,0
5564,668,Germany,Female,25,5,56226.4,1,1,1,147281.31,0
5565,730,Germany,Female,34,9,95939.25,1,1,0,21075.01,0
5566,826,Spain,Male,34,4,0.0,2,1,0,107609.92,0
5567,746,France,Female,37,4,49316.89,1,0,1,67241.46,0
5568,708,France,Male,53,2,55174.97,1,0,0,169310.35,0
5569,772,Germany,Female,31,8,0.0,2,1,1,75979.43,0
5570,465,Spain,Female,42,9,0.0,1,1,1,59446.07,0
5571,631,Germany,Male,23,3,0.0,2,1,1,95112.16,0
5572,720,Spain,Male,27,0,55803.74,1,1,0,43926.47,0
5573,642,France,Male,30,1,0.0,1,1,1,25797.28,0
5574,764,France,Female,26,10,100154.73,2,1,1,5144.58,0
5575,567,Germany,Male,26,3,0.0,1,1,0,31896.43,0
5576,637,France,Male,38,2,0.0,1,1,0,188863.7,0
5577,599,Germany,Male,42,4,0.0,1,1,0,196179.96,1
5578,433,Germany,Female,45,6,0.0,1,1,0,97647.14,0
5579,578,France,Male,41,6,163066.85,1,0,0,145946.03,0
5580,655,France,Female,26,5,0.0,2,1,1,198309.37,0
5581,627,Spain,Female,38,9,0.0,1,1,0,93267.38,0
5582,692,Germany,Male,39,2,54629.19,2,1,1,178330.7,0
5583,509,France,Male,29,6,51633.79,2,1,1,169586.95,0
5584,548,Germany,Female,54,8,150366.45,2,1,1,88464.34,1
5585,820,Spain,Male,30,5,122220.22,1,1,0,53965.76,0
5586,709,Germany,Male,26,2,151010.4,1,0,1,129880.13,0
5587,844,France,Female,29,10,63873.5,2,1,1,199592.93,0
5588,673,Spain,Male,29,6,0.0,2,1,0,151861.52,0
5589,650,Germany,Male,46,7,0.0,2,1,0,114075.09,1
5590,799,France,Female,28,6,138225.63,2,1,1,119595.07,0
5591,733,Spain,Female,25,10,88931.84,2,1,0,181860.57,1
5592,544,Germany,Male,28,3,0.0,1,1,1,11490.05,0
5593,747,France,Female,35,7,90397.79,1,0,1,29825.96,0
5594,815,France,Male,54,9,0.0,1,1,0,119759.71,0
5595,807,France,Male,26,1,250000.0,2,0,1,26046.4,0
5596,560,France,Male,33,6,84186.15,1,1,1,184159.97,0
5597,687,Spain,Male,35,4,31483.36,1,1,0,15490.34,0
5598,667,France,Male,47,1,0.0,1,1,1,81286.89,0
5599,611,Germany,Female,42,2,70176.9,1,1,0,20954.99,0
5600,605,France,Male,33,8,0.0,2,1,1,17781.97,0
5601,413,Germany,Female,62,0,94858.57,1,0,0,116549.96,1
5602,680,France,Female,26,5,0.0,1,1,1,46621.13,0
5603,671,Spain,Male,32,5,22515.09,2,1,1,140780.47,0
5604,641,France,Male,47,3,33743.87,1,1,0,153154.94,1
5605,800,France,Male,20,3,0.0,2,1,1,128255.73,0
5606,573,France,Female,39,9,146873.89,1,1,1,29151.54,0
5607,667,Spain,Male,24,5,0.0,1,1,1,62294.69,0
5608,768,France,Female,69,0,0.0,1,0,0,162099.23,0
5609,545,France,Male,21,0,44882.54,1,0,1,124018.0,0
5610,823,Spain,Male,24,8,105057.55,3,0,1,15177.72,0
5611,497,France,Female,23,4,0.0,1,0,0,172689.5,0
5612,709,Spain,Male,29,10,48410.36,2,1,0,57463.91,0
5613,618,France,Female,52,10,0.0,1,1,1,2208.89,0
5614,841,Spain,Male,38,2,157757.41,2,0,1,39811.8,0
5615,584,France,Male,26,3,200118.65,2,0,1,194608.08,0
5616,585,France,Female,32,2,20221.1,2,1,1,118723.21,0
5617,722,Germany,Male,34,10,0.0,2,1,1,174648.88,0
5618,703,France,Male,53,0,158964.17,1,1,1,177522.13,0
5619,805,Spain,Female,22,1,0.0,1,1,1,170225.47,0
5620,798,Spain,Male,22,0,102287.18,1,1,0,173411.58,0
5621,638,France,Female,46,1,124300.97,2,1,1,38087.32,0
5622,609,France,Female,46,7,120772.87,1,0,0,112794.31,0
5623,850,France,Male,36,8,121259.42,2,1,1,79166.28,0
5624,750,Germany,Female,36,1,67961.44,1,0,1,198484.21,0
5625,831,France,Male,35,5,107119.83,1,1,1,41146.44,0
5626,581,France,Female,33,0,0.0,1,1,0,94152.7,0
5627,748,France,Female,27,0,20336.86,2,1,1,64814.8,0
5628,548,France,Female,40,10,95132.45,1,1,0,135439.13,0
5629,681,France,Male,30,9,181150.58,1,1,1,22629.65,0
5630,585,France,Female,37,1,170501.42,1,1,0,8759.11,0
5631,702,Germany,Female,34,4,0.0,2,1,1,21110.62,0
5632,609,France,Male,31,5,106371.97,2,1,1,69872.33,0
5633,776,Germany,Female,60,9,0.0,2,0,0,74518.76,1
5634,596,Germany,Male,39,9,171748.31,1,0,1,144625.13,0
5635,634,Germany,Female,27,3,150733.18,1,1,0,148243.01,0
5636,563,France,Male,28,10,240182.24,1,0,0,2195.88,0
5637,806,Spain,Male,35,5,39224.94,1,0,1,143236.82,0
5638,350,France,Female,74,7,143811.4,1,1,1,167314.25,0
5639,548,Germany,Male,27,7,0.0,1,1,1,84631.32,0
5640,567,France,Female,26,3,31553.23,1,0,1,60820.39,0
5641,598,Spain,Female,39,6,85319.21,2,1,0,122879.5,1
5642,593,France,Male,21,7,0.0,1,1,0,135600.02,0
5643,521,France,Female,26,1,0.0,2,1,1,190698.08,0
5644,798,France,Male,58,4,77466.27,1,1,1,44214.47,0
5645,764,Spain,Male,37,10,144765.38,1,1,1,199741.61,0
5646,595,France,Female,25,3,130320.49,2,1,0,32673.09,0
5647,561,France,Female,29,5,0.0,1,1,1,163374.16,0
5648,547,France,Female,29,7,0.0,2,1,1,48166.19,0
5649,649,Spain,Male,22,1,125784.45,2,1,0,121672.28,0
5650,623,Germany,Female,36,3,180288.55,1,1,1,24690.05,0
5651,654,Spain,Male,29,1,0.0,1,1,0,166952.77,0
5652,695,France,Male,31,10,158476.59,1,1,0,186862.82,0
5653,794,Germany,Female,22,0,135728.86,2,1,0,107533.07,0
5654,660,Germany,Male,29,6,0.0,2,1,1,175754.23,0
5655,636,France,Female,22,3,0.0,1,1,1,192103.18,0
5656,727,France,Male,34,5,153159.94,1,1,1,110587.42,0
5657,674,France,Male,53,7,0.0,1,1,0,139104.49,0
5658,709,Spain,Male,25,2,126837.87,1,0,1,170407.03,0
5659,776,France,Female,23,2,0.0,2,1,1,52633.92,0
5660,745,Germany,Male,28,8,0.0,2,1,0,189993.17,0
5661,624,Germany,Female,24,0,5024.02,2,0,0,27435.96,0
5662,530,Spain,Female,33,1,27760.06,1,1,0,112160.09,0
5663,563,Germany,Male,48,6,0.0,1,1,0,33368.32,0
5664,508,Spain,Female,47,4,0.0,1,1,0,132163.36,0
5665,800,France,Female,50,6,122609.05,2,1,0,22653.28,0
5666,529,France,Female,30,10,156273.11,1,0,0,55607.31,0
5667,552,Germany,Male,36,1,0.0,2,1,1,161305.25,0
5668,850,Germany,Male,30,1,48623.18,1,0,0,75953.22,1
5669,733,France,Female,48,0,114528.85,2,0,1,11765.81,0
5670,553,France,Male,27,5,0.0,1,1,0,20672.59,0
5671,820,Germany,Male,46,7,0.0,1,1,1,43833.44,0
5672,557,France,Female,47,8,60756.02,1,1,0,183511.71,0
5673,782,Germany,Female,42,6,0.0,1,0,1,150396.03,0
5674,670,Germany,Male,41,4,75936.34,2,1,0,108959.88,0
5675,595,France,Male,24,3,0.0,1,1,0,171235.11,1
5676,527,France,Male,40,2,0.0,1,0,1,58156.22,0
5677,623,Germany,Male,33,4,140245.34,3,0,1,152771.58,0
5678,499,France,Female,26,8,0.0,1,1,1,14315.8,0
5679,678,Spain,Male,55,7,242059.0,1,0,1,10626.41,0
5680,574,France,Female,30,0,238722.88,1,0,0,28002.49,0
5681,721,Spain,Male,25,7,118504.38,1,1,0,74598.31,0
5682,589,France,Female,50,2,152902.74,1,1,0,158022.48,0
5683,460,France,Male,18,3,0.0,1,1,0,190533.48,0
5684,795,Germany,Male,35,1,0.0,2,1,0,55876.57,1
5685,635,France,Female,39,10,0.0,1,0,0,85528.81,0
5686,700,France,Male,42,0,109764.31,1,1,0,69740.88,1
5687,818,Spain,Male,23,2,0.0,2,1,1,151147.29,0
5688,654,Spain,Female,36,5,151596.35,1,1,0,154316.6,0
5689,603,Germany,Male,33,10,0.0,1,1,1,97442.75,0
5690,843,France,Male,22,3,0.0,1,1,0,155163.74,0
5691,850,France,Female,36,1,58865.55,1,1,0,127333.94,0
5692,700,Spain,Female,38,6,0.0,2,1,0,100157.91,0
5693,556,Spain,Female,41,2,40216.14,1,0,0,49739.73,0
5694,743,France,Female,25,3,0.0,2,1,0,182299.73,0
5695,646,Spain,Male,42,2,63852.6,1,1,0,131678.49,0
5696,700,Spain,Female,27,7,118803.19,1,1,0,127275.81,1
5697,632,France,Male,30,7,0.0,1,0,0,146322.79,0
5698,684,France,Female,35,9,55091.91,1,1,0,194936.78,0
5699,555,France,Male,25,3,0.0,2,1,1,50044.37,0
5700,566,France,Female,37,5,149122.52,2,0,1,75761.45,0
5701,846,France,Male,18,10,0.0,1,1,1,32262.38,0
5702,618,France,Female,23,2,0.0,1,0,1,97704.13,0
5703,736,Germany,Male,35,4,0.0,2,1,0,147999.18,0
5704,730,Spain,Female,31,8,0.0,2,1,1,15389.08,0
5705,712,France,Female,39,4,0.0,1,0,1,161703.49,0
5706,663,France,Male,44,10,0.0,2,0,0,141316.99,0
5707,707,France,Female,31,3,26466.39,2,1,0,145699.55,0
5708,516,France,Female,47,0,138257.64,1,1,1,116901.97,0
5709,688,Spain,Male,34,7,90606.56,1,1,0,67955.42,0
5710,612,Germany,Male,34,0,179913.56,1,1,0,147545.3,0
5711,850,Spain,Female,35,9,61798.41,2,1,0,167634.14,0
5712,759,Spain,Male,29,0,0.0,1,0,0,117961.22,0
5713,710,France,Female,21,4,0.0,1,0,1,7727.44,0
5714,758,France,Female,46,1,49285.1,2,0,1,55891.74,0
5715,817,France,Male,55,8,0.0,2,0,1,137344.58,0
5716,584,Spain,Female,18,0,28690.1,1,0,0,177190.92,1
5717,784,France,Male,36,7,132179.67,2,1,1,131665.96,0
5718,552,Spain,Male,41,2,0.0,3,1,1,108791.88,0
5719,584,Germany,Female,21,7,0.0,2,1,1,11213.86,0
5720,614,France,Female,55,6,189083.9,1,1,1,155135.22,0
5721,600,Spain,Male,30,10,109547.88,2,0,0,179431.63,0
5722,651,France,Female,33,5,162543.65,1,0,1,150482.11,0
5723,642,Germany,Female,27,9,110300.91,2,0,1,182311.14,0
5724,709,France,Female,42,8,144807.42,2,0,1,185121.65,0
5725,850,France,Female,33,6,51283.18,1,0,0,75728.03,0
5726,610,Germany,Male,23,1,17832.77,2,1,1,124431.49,0
5727,663,Spain,Male,24,6,106637.91,2,0,0,125022.39,0
5728,720,France,Male,26,10,143699.33,1,1,1,133099.36,0
5729,549,France,Male,18,5,0.0,2,1,1,3152.97,0
5730,494,France,Male,40,10,37279.83,2,1,1,186101.74,0
5731,681,France,Male,18,2,90692.44,1,0,0,100466.83,0
5732,701,France,Male,26,8,0.0,2,1,0,129103.14,0
5733,720,Spain,Male,35,5,152599.92,2,1,1,79606.87,0
5734,653,France,Female,56,6,119394.07,2,0,0,150752.58,0
5735,580,France,Female,26,2,66992.69,1,1,0,115360.09,0
5736,572,France,Male,37,4,0.0,2,1,0,134191.24,0
5737,633,France,Male,47,10,167142.62,2,1,0,195209.52,0
5738,599,France,Male,41,7,175679.76,4,0,1,104475.52,0
5739,645,Spain,Female,49,0,26918.92,2,1,0,172776.48,0
5740,674,Spain,Female,24,1,36893.19,1,1,0,52509.74,0
5741,649,Germany,Female,25,5,0.0,1,1,0,159326.95,0
5742,772,Spain,Female,34,2,0.0,2,0,1,177553.08,0
5743,593,France,Female,36,6,0.0,2,0,0,116285.52,0
5744,508,France,Male,26,4,86455.51,2,0,0,143136.99,0
5745,657,France,Male,25,0,0.0,1,0,0,8562.53,0
5746,695,France,Female,18,9,123605.72,1,0,1,19997.96,0
5747,597,Germany,Male,56,1,170484.73,2,1,0,48542.42,0
5748,675,France,Male,32,8,99171.29,2,0,1,97421.51,0
5749,566,France,Male,24,9,18067.08,2,0,1,145730.1,0
5750,525,France,Male,31,9,56199.78,2,1,0,164890.87,1
5751,653,Spain,Female,52,3,122791.83,2,1,0,157869.48,1
5752,850,France,Male,30,0,72829.77,2,0,0,69519.56,0
5753,555,Spain,Male,34,7,0.0,2,1,1,141675.83,0
5754,826,Germany,Male,26,8,0.0,1,1,1,186125.53,0
5755,763,Germany,Male,22,6,0.0,2,1,1,184968.03,0
5756,648,Germany,Male,54,10,84436.12,2,1,1,176808.31,0
5757,651,Spain,Female,52,5,106561.1,1,1,0,35292.01,1
5758,640,France,Female,32,0,101545.16,1,1,0,194295.4,0
5759,609,France,Male,29,9,176984.9,1,0,0,194079.89,0
5760,667,France,Male,20,9,179828.05,1,1,1,20747.78,0
5761,718,Germany,Male,27,3,161353.88,1,1,1,43529.14,0
5762,592,France,Male,27,1,0.0,1,1,0,117886.72,0
5763,442,France,Male,42,2,74638.24,2,0,0,115533.81,1
5764,835,Spain,Male,83,8,134603.8,2,1,1,149326.86,0
5765,549,Spain,Female,37,3,0.0,1,1,1,146498.17,0
5766,683,France,Male,29,2,134080.22,1,1,1,48769.44,0
5767,586,France,Female,47,8,0.0,1,1,1,159181.06,1
5768,641,France,Female,34,4,151196.78,1,1,1,83924.42,0
5769,695,Germany,Female,45,2,160447.97,2,1,0,32513.09,0
5770,758,France,Female,35,0,16559.99,1,0,1,139816.29,0
5771,629,Germany,Female,24,3,44184.07,4,0,0,15659.49,0
5772,631,France,Male,43,10,146963.1,3,1,0,102539.9,0
5773,556,France,Male,63,6,0.0,1,0,0,140387.89,1
5774,609,France,Male,33,7,0.0,2,0,1,146176.9,0
5775,660,France,Female,39,0,93066.6,2,1,1,59667.79,0
5776,688,France,Male,26,5,98241.28,1,1,0,150406.85,0
5777,613,France,Female,49,5,76461.33,1,0,1,86180.54,0
5778,587,Germany,Male,73,5,59287.65,2,1,0,86271.01,0
5779,743,France,Female,39,2,0.0,1,1,1,146970.03,0
5780,659,France,Male,30,3,0.0,3,1,1,141131.0,0
5781,464,Spain,Female,20,4,106054.07,1,0,1,59354.72,0
5782,622,Germany,Female,28,4,0.0,2,1,0,56645.29,0
5783,577,Spain,Male,27,8,0.0,2,1,0,80149.17,0
5784,515,France,Female,29,2,0.0,1,1,1,142339.49,0
5785,625,France,Male,49,5,0.0,1,1,1,81251.22,0
5786,525,Spain,Male,22,0,0.0,2,0,0,22404.11,1
5787,723,France,Female,20,9,94178.74,2,0,0,128221.3,1
5788,562,France,Male,42,4,0.0,1,1,1,159744.39,0
5789,563,Spain,Male,32,2,0.0,1,1,1,176548.22,0
5790,521,France,Male,32,5,121722.24,2,1,0,49294.01,0
5791,571,France,Female,34,10,0.0,1,1,1,42144.41,0
5792,678,France,Male,60,1,95370.18,1,1,0,142140.5,1
5793,790,Spain,Female,47,3,0.0,2,1,1,116682.84,0
5794,584,France,Female,52,6,0.0,2,0,0,42480.28,0
5795,652,Spain,Female,32,8,132977.4,2,0,1,105178.22,0
5796,779,Germany,Female,32,3,40526.67,2,1,1,54909.12,0
5797,688,Germany,Male,47,10,80908.57,1,1,0,192402.36,0
5798,770,Spain,Male,18,1,0.0,2,1,1,131389.24,0
5799,713,France,Female,56,8,182243.08,1,1,0,85100.18,0
5800,712,Germany,Male,35,10,0.0,2,0,0,31022.0,0
5801,728,Spain,Female,32,7,0.0,1,1,1,50242.68,0
5802,748,France,Female,26,4,0.0,2,1,1,180391.56,0
5803,596,Germany,Male,40,8,0.0,2,1,1,2925.64,0
5804,480,Germany,Male,21,3,0.0,2,1,1,91048.5,0
5805,603,Spain,Female,22,2,0.0,1,1,0,67715.73,1
5806,634,France,Male,40,7,0.0,2,0,1,94814.98,0
5807,556,Spain,Male,59,5,0.0,1,1,1,163124.95,0
5808,727,France,Female,42,5,140745.51,2,1,1,144546.25,0
5809,589,France,Female,28,5,15060.26,1,1,0,9276.96,0
5810,481,Spain,Male,21,10,173438.67,1,1,1,142686.0,0
5811,565,Spain,Male,53,7,85168.21,2,1,0,50128.84,0
5812,646,Spain,Male,46,3,125378.01,1,0,0,106472.37,0
5813,726,France,Female,37,0,178266.77,2,0,1,173420.54,0
5814,606,Germany,Female,26,5,77493.49,2,1,1,58723.89,0
5815,541,France,Male,34,7,0.0,2,1,1,147494.86,0
5816,630,Spain,Male,37,10,95622.34,1,1,0,165829.11,0
5817,686,France,Female,18,9,144458.65,1,0,1,162095.01,0
5818,745,Spain,Male,37,8,69546.14,1,1,1,25139.04,0
5819,624,Germany,Male,37,3,0.0,2,0,0,5695.55,1
5820,578,France,Female,38,4,71297.31,2,0,1,27305.56,0
5821,719,Spain,Female,38,3,125138.57,1,1,1,30264.69,0
5822,700,Germany,Female,34,9,0.0,2,1,1,64915.31,0
5823,603,France,Male,18,3,0.0,1,0,1,74654.22,0
5824,653,Spain,Female,20,8,50725.31,1,1,0,15552.61,1
5825,661,Spain,Male,38,7,210405.31,1,1,1,20193.67,0
5826,508,Spain,Female,32,10,118300.84,2,1,1,167206.99,0
5827,543,France,Male,31,8,100416.38,2,1,1,20396.68,0
5828,678,Spain,Female,45,9,0.0,1,1,1,58962.6,0
5829,671,France,Male,45,2,0.0,2,0,1,195696.5,0
5830,403,France,Male,29,10,0.0,2,1,1,107600.64,0
5831,673,Germany,Male,44,0,44390.56,1,1,0,36519.42,0
5832,781,France,Female,29,0,0.0,1,1,0,89656.44,0
5833,739,Germany,Female,33,9,0.0,2,0,1,15837.67,0
5834,626,France,Female,31,0,0.0,1,1,0,125558.71,0
5835,636,France,Male,37,2,32200.69,2,1,1,143180.54,0
5836,548,Spain,Male,34,10,0.0,2,1,1,187234.58,0
5837,609,Spain,Male,32,1,204772.65,1,1,0,25885.23,0
5838,443,France,Female,39,8,178667.07,1,0,0,71732.17,0
5839,629,Spain,Female,42,9,46667.56,1,1,1,47787.35,0
5840,649,France,Male,24,10,179086.99,1,1,1,38675.02,0
5841,526,Germany,Male,50,9,0.0,2,1,0,191004.65,0
5842,660,Spain,Male,45,3,0.0,2,1,1,164617.42,0
5843,654,France,Male,37,7,0.0,2,1,0,128.81,0
5844,772,France,Male,28,6,0.0,2,1,1,63771.3,0
5845,637,France,Male,18,8,0.0,1,1,0,69578.34,0
5846,535,Germany,Male,20,7,152099.72,4,1,0,3642.17,0
5847,756,France,Male,23,10,0.0,3,1,1,145525.61,0
5848,744,Germany,Male,42,0,197098.44,2,1,0,49902.75,0
5849,736,France,Male,18,2,0.0,1,1,0,70819.86,0
5850,528,Spain,Female,53,9,196352.06,1,0,1,23576.06,0
5851,766,France,Male,37,9,31621.8,1,0,1,162427.55,0
5852,537,Spain,Female,46,3,0.0,2,1,0,61335.25,0
5853,714,Spain,Male,22,7,109046.27,1,1,1,90885.23,0
5854,775,France,Female,32,7,97471.8,2,1,0,55776.52,0
5855,674,Spain,Male,25,10,0.0,1,1,1,12021.0,0
5856,568,Spain,Male,33,0,179028.39,2,1,0,24942.61,1
5857,569,France,Female,18,7,75098.27,2,1,0,169453.42,1
5858,635,Spain,Male,36,1,145251.8,1,0,0,184126.63,0
5859,751,Germany,Female,49,8,15315.85,2,1,1,52451.61,1
5860,532,Spain,Male,47,8,0.0,1,0,1,123145.5,0
5861,730,Germany,Male,18,5,157932.95,2,1,0,31059.68,0
5862,486,France,Female,37,5,0.0,2,0,1,161150.37,0
5863,685,France,Male,54,1,0.0,2,1,0,25627.82,0
5864,599,Spain,Male,25,10,0.0,2,0,0,166516.01,0
5865,763,Germany,Female,46,0,0.0,1,1,1,44854.14,0
5866,499,France,Female,45,10,0.0,1,1,1,37413.37,0
5867,703,Germany,Female,23,2,90271.5,2,0,1,199692.12,0
5868,456,Spain,Male,55,3,62625.35,1,1,1,140431.74,0
5869,611,Spain,Female,24,8,78378.4,1,0,0,91895.82,0
5870,585,France,Male,26,7,135577.43,2,1,0,14735.31,0
5871,613,Germany,Female,25,10,50483.31,2,1,1,109043.78,0
5872,585,France,Male,25,4,0.0,1,1,0,60303.51,0
5873,735,Spain,Male,54,2,0.0,1,1,1,160135.26,0
5874,713,France,Female,33,0,0.0,1,1,0,18093.91,0
5875,731,France,Female,35,1,99133.71,1,0,0,104937.04,0
5876,504,Germany,Female,19,6,0.0,2,1,0,97027.84,0
5877,721,France,Female,31,7,161959.17,2,0,1,77149.85,0
5878,610,Germany,Female,46,1,0.0,1,0,0,109254.94,1
5879,717,Germany,Male,35,1,0.0,2,0,0,45850.8,1
5880,660,Germany,Male,27,7,114043.11,2,0,0,127645.09,0
5881,823,Spain,Male,29,2,45188.46,1,1,1,27355.17,0
5882,592,France,Male,47,10,0.0,1,1,0,76688.9,0
5883,594,Germany,Male,18,2,0.0,1,0,1,161154.96,1
5884,525,Spain,Female,37,10,130791.4,2,0,1,71616.42,0
5885,523,Spain,Male,40,1,0.0,1,1,1,73534.36,0
5886,657,Spain,Male,42,8,0.0,2,1,0,2446.0,0
5887,639,Germany,Male,65,1,19560.39,2,1,1,114802.95,1
5888,733,France,Male,29,6,0.0,2,0,1,195441.21,0
5889,691,France,Male,58,1,166073.29,1,1,0,177007.66,1
5890,842,Germany,Female,43,4,144765.57,1,1,0,172395.84,0
5891,737,Germany,Female,26,1,132334.2,2,1,0,127493.32,0
5892,850,France,Male,86,5,0.0,1,0,1,46356.3,0
5893,674,Spain,Female,49,0,43428.08,1,0,0,57020.23,1
5894,711,Germany,Male,25,8,105453.94,1,1,1,56405.43,0
5895,548,Germany,Female,27,9,0.0,1,1,0,168964.9,0
5896,562,Germany,Male,40,2,0.0,2,0,0,83346.23,0
5897,843,France,Female,22,9,69394.15,1,1,0,87605.61,0
5898,539,France,Male,34,10,0.0,1,1,0,170308.08,0
5899,774,France,Female,33,0,79478.64,4,1,1,66646.75,0
5900,669,Spain,Female,33,2,0.0,1,1,1,79924.48,0
5901,605,Spain,Male,25,4,167821.77,1,1,0,99698.87,1
5902,731,Spain,Male,27,4,84099.96,3,1,1,132201.07,0
5903,613,France,Female,24,3,0.0,1,1,0,111432.5,0
5904,544,Germany,Male,35,10,89780.21,2,0,1,98.24,0
5905,467,Germany,Male,22,1,242208.86,1,1,1,138649.64,0
5906,532,Spain,Female,27,3,0.0,1,0,1,145903.31,0
5907,731,Germany,Female,44,4,17582.85,1,1,0,114913.45,0
5908,769,Spain,Female,67,2,0.0,2,1,1,91495.08,0
5909,804,France,Female,42,3,0.0,2,1,1,14252.08,0
5910,624,France,Male,18,4,0.0,2,1,0,161987.87,1
5911,792,France,Male,32,2,0.0,2,0,1,137749.23,0
5912,726,Spain,Female,23,6,0.0,2,1,0,44124.68,0
5913,716,France,Male,49,8,0.0,1,0,0,62555.73,0
5914,661,Germany,Male,36,2,66251.17,1,1,1,194636.6,0
5915,683,Spain,Female,35,5,79414.96,2,0,1,83059.31,0
5916,820,France,Female,36,5,0.0,2,1,1,50491.76,0
5917,735,Germany,Female,28,9,133802.58,2,1,1,81892.9,0
5918,616,Germany,Female,57,10,39868.36,1,0,1,66789.34,0
5919,708,Germany,Male,26,5,65327.31,2,0,0,46603.08,1
5920,588,Germany,Male,33,2,0.0,2,0,0,58617.49,0
5921,554,Germany,Female,27,9,0.0,1,1,1,168337.96,0
5922,544,France,Male,43,7,100702.65,2,1,1,23304.56,0
5923,693,Spain,Female,36,3,161376.16,2,1,1,161311.71,0
5924,688,France,Female,49,4,104843.79,2,1,1,33907.41,0
5925,714,Germany,Female,39,0,86055.55,1,1,0,140732.61,0
5926,630,Germany,Male,58,0,0.0,2,1,0,180807.85,0
5927,718,Germany,Male,43,6,71277.98,1,1,0,194322.1,1
5928,643,Spain,Female,19,7,0.0,1,0,0,116043.93,0
5929,735,Spain,Male,28,6,144484.46,1,1,1,2118.86,0
5930,778,Germany,Female,36,6,0.0,2,1,0,108064.43,0
5931,659,Germany,Female,18,5,0.0,1,1,0,117258.62,0
5932,700,Germany,Male,18,8,0.0,2,0,1,129844.7,0
5933,582,Germany,Male,57,5,61740.6,1,0,1,123074.5,0
5934,729,France,Female,21,4,0.0,2,1,0,57896.18,0
5935,716,France,Female,28,3,85324.06,1,1,0,129751.52,1
5936,611,Germany,Male,25,1,0.0,1,0,1,199675.37,0
5937,621,Germany,Male,51,10,107176.55,1,1,1,161501.88,0
5938,689,Germany,Female,28,3,100841.65,2,1,1,83403.49,0
5939,529,Spain,Male,34,9,90258.0,1,0,1,183748.31,0
5940,570,Spain,Male,23,8,64815.96,1,1,0,32150.84,0
5941,788,Spain,Male,28,0,0.0,1,1,1,68174.69,1
5942,750,France,Female,35,2,70331.88,1,1,1,174856.19,0
5943,424,France,Female,60,1,0.0,1,0,0,139096.17,0
5944,850,France,Male,37,9,173659.92,1,1,1,41950.06,0
5945,678,Spain,Male,36,1,29398.44,1,1,0,49775.46,0
5946,575,Spain,Male,27,7,93011.04,1,1,1,137871.67,0
5947,596,Germany,Female,60,1,0.0,1,1,0,75839.43,0
5948,657,France,Female,28,10,134829.69,2,1,0,40985.89,0
5949,627,France,Male,27,0,106172.09,2,1,1,170619.97,0
5950,670,France,Female,30,5,0.0,1,0,1,72215.34,0
5951,668,Spain,Female,32,10,143268.22,1,0,0,148512.27,0
5952,694,France,Male,31,1,90825.23,1,1,1,185855.01,0
5953,490,Germany,Female,31,8,160975.98,1,1,0,95596.11,0
5954,768,France,Female,37,1,0.0,1,1,0,134019.2,1
5955,598,France,Male,44,8,0.0,1,1,1,185785.27,0
5956,532,France,Male,37,3,78621.34,2,0,1,170556.88,0
5957,498,France,Male,51,8,101894.76,2,1,0,23063.19,0
5958,769,Germany,Male,24,4,139912.49,2,1,0,140789.8,0
5959,635,France,Female,48,3,104706.52,2,0,1,185555.45,0
5960,522,France,Male,21,4,0.0,2,1,1,195968.62,0
5961,649,Germany,Male,45,7,0.0,2,1,1,3679.11,0
5962,850,France,Female,26,8,107087.83,2,1,0,165372.66,0
5963,657,Spain,Female,33,6,59524.79,2,0,0,74738.19,0
5964,689,France,Male,22,0,0.0,1,1,1,102959.65,0
5965,542,Germany,Male,20,6,78570.98,2,1,1,119746.86,0
5966,650,France,Female,28,8,0.0,1,1,1,137091.98,0
5967,560,Spain,Female,41,10,121798.07,2,1,1,66250.49,0
5968,623,France,Male,36,4,244467.09,4,1,1,506.0,0
5969,583,France,Female,53,0,49134.55,2,1,1,133528.86,0
5970,478,Germany,Male,46,2,168901.42,2,1,1,108310.43,0
5971,683,Spain,Female,32,0,34755.54,2,0,0,25683.83,0
5972,760,France,Female,30,9,33618.42,2,1,0,125267.71,0
5973,829,Spain,Female,28,5,0.0,2,1,1,87472.19,0
5974,830,France,Male,18,1,164729.63,2,1,1,56302.57,0
5975,710,France,Female,24,6,116175.68,2,1,0,185894.91,0
5976,592,Germany,Male,34,5,104697.28,2,0,0,108124.0,0
5977,598,France,Male,44,1,144715.53,1,0,0,150017.61,0
5978,668,Germany,Female,21,1,30136.16,2,1,1,37611.37,0
5979,780,Spain,Female,43,5,121256.32,1,1,1,25074.86,0
5980,687,France,Male,48,6,67636.42,2,1,1,50610.05,0
5981,703,France,Female,37,2,0.0,2,1,1,163300.71,0
5982,721,France,Male,29,8,0.0,2,0,0,138083.12,0
5983,536,France,Male,41,3,138280.41,2,0,1,39788.82,0
5984,618,Spain,Female,39,2,135512.68,1,0,1,84605.41,0
5985,570,Germany,Female,27,3,120062.45,2,0,0,9302.05,0
5986,815,Germany,Male,37,0,0.0,1,1,0,110809.63,0
5987,850,France,Male,39,10,182253.81,2,0,0,187413.02,0
5988,556,France,Male,40,4,83554.21,1,1,0,185572.02,0
5989,693,Spain,Female,31,10,48147.98,2,0,1,175886.38,0
5990,560,Germany,Female,18,3,49255.26,2,1,1,138256.23,0
5991,777,France,Male,30,5,56962.51,1,1,1,28362.44,0
5992,756,Germany,Male,18,5,19495.26,1,1,1,55996.42,0
5993,577,Spain,Female,53,3,80886.33,2,1,1,151440.52,0
5994,695,Spain,Male,19,1,65587.05,2,1,1,65736.39,0
5995,616,Spain,Female,25,3,116726.76,2,0,1,26817.79,0
5996,676,France,Male,23,0,0.0,1,0,1,117162.25,0
5997,531,France,Female,46,9,149641.79,2,1,1,135631.65,0
5998,689,France,Female,48,5,191488.53,2,1,1,116350.17,0
5999,597,France,Female,35,5,45420.56,1,1,0,30625.05,1
6000,633,France,Male,28,7,0.0,1,1,1,98423.27,0
6001,542,France,Female,35,10,140477.47,3,0,1,92874.06,0
6002,664,Germany,Male,25,0,0.0,2,1,0,104587.61,0
6003,475,Germany,Female,48,6,25824.44,2,1,1,90972.28,0
6004,589,France,Female,53,0,0.0,1,1,0,29589.41,0
6005,596,France,Male,41,2,150973.53,1,1,1,90365.05,0
6006,655,Germany,Male,53,1,39956.03,2,0,0,154485.06,1
6007,651,Germany,Male,52,10,54130.79,1,1,0,84293.4,1
6008,623,France,Male,36,8,76884.57,2,0,0,137195.86,0
6009,549,Spain,Male,26,2,133773.46,2,0,0,173829.54,0
6010,643,Spain,Female,27,4,0.0,1,1,0,165682.19,0
6011,653,France,Female,21,9,87316.3,2,1,1,122171.74,0
6012,764,Spain,Male,33,4,0.0,1,0,1,38579.44,0
6013,560,Germany,Female,32,1,89814.35,1,1,1,168282.47,0
6014,597,France,Male,35,3,135874.63,1,1,1,150269.67,0
6015,678,France,Male,34,1,0.0,2,1,0,166193.61,0
6016,722,Germany,Male,32,7,0.0,2,0,0,160829.68,0
6017,665,Germany,Male,32,10,0.0,1,0,0,175902.89,1
6018,565,France,Male,45,0,0.0,1,1,0,94483.16,1
6019,766,France,Female,33,5,0.0,2,1,0,166549.92,1
6020,505,Germany,Male,28,4,127223.38,2,0,0,23944.96,0
6021,719,Germany,Male,39,7,0.0,2,1,1,179884.26,0
6022,781,Spain,Female,62,6,211771.22,2,1,1,159484.15,0
6023,786,Spain,Female,31,2,19482.1,2,1,1,179659.19,0
6024,570,France,Female,30,3,89351.32,2,1,1,168021.41,0
6025,535,France,Male,18,1,116829.47,1,1,0,35120.14,0
6026,606,France,Male,23,4,24232.46,1,1,0,32381.78,1
6027,587,Germany,Female,23,9,64841.5,1,1,1,131078.43,0
6028,694,France,Male,30,2,26148.1,2,1,0,67813.65,0
6029,433,France,Female,36,8,131863.41,1,1,1,140925.89,0
6030,567,France,Female,37,4,116812.9,2,1,1,153029.56,0
6031,468,France,Female,18,9,146992.31,1,1,1,199381.11,0
6032,838,France,Female,30,4,0.0,2,1,0,69506.14,0
6033,833,France,Female,22,1,0.0,2,1,0,99066.29,0
6034,800,France,Male,18,0,211611.45,2,1,1,156211.67,0
6035,755,France,Male,29,9,21614.05,2,0,0,194035.05,0
6036,691,Spain,Male,34,9,0.0,1,1,1,8044.51,0
6037,807,Germany,Male,26,4,0.0,2,0,1,57616.1,0
6038,569,Germany,Female,39,4,221399.45,2,0,1,134337.31,0
6039,530,France,Female,34,9,0.0,2,1,1,107054.5,0
6040,665,Germany,Female,44,8,0.0,1,0,0,15751.04,0
6041,562,France,Male,24,3,86472.86,2,0,0,72445.91,0
6042,468,Spain,Female,31,0,70234.39,1,1,0,102331.47,1
6043,668,France,Female,34,9,143474.95,1,1,0,98027.51,0
6044,613,Germany,Male,32,1,112687.95,2,1,1,130906.95,0
6045,728,France,Female,37,10,0.0,1,1,0,181901.94,0
6046,407,France,Male,24,8,0.0,1,1,1,9224.3,0
6047,784,France,Male,44,9,0.0,2,1,1,94195.14,0
6048,774,Spain,Male,46,5,92247.89,2,1,0,170832.45,0
6049,708,France,Male,47,4,0.0,1,1,1,97207.07,0
6050,558,France,Male,18,8,44678.82,2,0,0,1125.73,0
6051,669,France,Male,38,4,0.0,1,0,0,162619.57,1
6052,659,Spain,Female,24,10,0.0,1,1,0,62956.73,0
6053,731,Spain,Female,29,2,102735.58,1,1,0,21719.66,0
6054,606,France,Male,34,7,31425.89,2,1,0,97520.35,0
6055,850,Spain,Female,28,5,109085.61,1,0,1,125222.68,0
6056,738,Spain,Female,24,2,132005.95,2,0,0,122343.07,0
6057,850,Spain,Male,29,8,0.0,2,0,1,128557.22,0
6058,656,France,Male,25,3,0.0,1,1,1,7489.48,0
6059,610,Spain,Male,73,10,50571.6,1,0,1,19591.29,0
6060,445,Spain,Female,56,4,52308.84,1,1,0,162496.64,0
6061,749,France,Male,45,3,99617.32,1,0,1,193416.35,0
6062,620,France,Female,18,7,82812.73,2,1,1,182272.98,0
6063,656,France,Female,31,9,94519.81,2,1,0,6995.85,1
6064,653,France,Male,55,4,111396.83,1,0,1,38947.76,0
6065,698,France,Male,34,7,0.0,2,1,1,178698.9,0
6066,696,France,Female,42,5,0.0,2,0,1,137961.83,0
6067,597,France,Female,24,2,0.0,1,1,0,47675.88,0
6068,705,Germany,Female,28,8,0.0,1,1,0,195941.39,0
6069,562,France,Female,42,5,0.0,2,0,0,115006.17,0
6070,780,France,Female,23,6,0.0,1,1,0,190589.21,0
6071,619,Germany,Female,27,6,18582.47,1,0,0,15351.23,0
6072,719,France,Female,40,6,18038.89,1,1,1,161463.74,0
6073,657,France,Female,19,1,125923.74,1,1,0,89840.95,0
6074,834,France,Male,33,8,99703.76,2,1,1,74646.58,0
6075,568,Germany,Male,25,0,35199.11,2,0,1,14335.79,0
6076,850,France,Male,45,3,0.0,1,1,1,57935.28,0
6077,705,Germany,Female,33,0,78013.87,2,1,1,33770.45,0
6078,738,Germany,Male,31,0,31232.87,2,1,1,140241.4,0
6079,841,France,Male,42,1,84997.06,1,1,1,177275.22,0
6080,795,Spain,Female,23,5,46593.94,2,1,1,22709.12,0
6081,709,Spain,Male,51,2,0.0,1,1,0,42059.09,1
6082,850,Germany,Male,33,4,73637.73,1,1,0,190174.48,1
6083,501,France,Female,34,0,0.0,1,0,0,125358.54,0
6084,593,France,Female,26,9,0.0,1,1,0,7230.07,1
6085,553,France,Male,27,9,0.0,2,1,1,73939.33,0
6086,573,France,Male,31,7,0.0,4,1,0,42498.11,1
6087,557,Germany,Female,36,2,187838.94,1,1,0,15872.63,0
6088,624,France,Female,27,1,53185.91,1,1,1,27872.29,0
6089,656,Spain,Female,32,3,0.0,1,0,1,195102.27,0
6090,616,Germany,Male,46,10,23650.08,1,0,0,99955.95,0
6091,625,France,Female,44,10,88803.6,1,0,0,135802.68,0
6092,546,France,Male,26,8,0.0,2,0,1,186516.6,0
6093,744,Spain,Male,55,0,0.0,2,1,0,153630.17,0
6094,564,France,Male,42,9,0.0,1,1,0,152289.77,0
6095,605,Germany,Male,45,0,124103.51,1,1,1,62630.9,0
6096,530,Spain,Female,24,5,148239.24,1,1,1,199048.41,0
6097,838,France,Female,28,10,0.0,1,1,0,47754.45,1
6098,735,France,Female,25,3,0.0,1,1,0,186227.78,0
6099,674,Spain,Male,40,1,0.0,1,1,0,101282.57,0
6100,574,France,Male,41,7,0.0,1,1,0,49281.74,0
6101,572,Germany,Female,48,6,0.0,3,1,0,80992.79,1
6102,618,Germany,Male,33,6,0.0,2,0,1,120569.75,0
6103,850,France,Female,32,2,25769.18,2,0,1,180811.59,0
6104,678,France,Male,25,7,141941.87,2,1,1,70205.42,0
6105,641,Germany,Female,41,0,64418.62,2,1,0,79424.63,0
6106,793,Spain,Male,60,8,149480.39,2,1,0,5041.86,0
6107,538,France,Female,35,6,149135.87,2,1,0,147108.66,0
6108,690,France,Male,52,1,0.0,1,1,0,167620.09,0
6109,729,France,Male,37,6,0.0,2,0,0,39417.25,1
6110,621,Spain,Male,73,0,0.0,1,1,1,84592.58,0
6111,736,Germany,Female,45,9,189112.12,1,1,0,194964.21,0
6112,663,Spain,Male,18,0,0.0,1,1,1,98292.46,0
6113,597,France,Female,26,3,0.0,1,1,1,65160.46,0
6114,532,France,Female,29,10,114000.96,2,1,1,125529.92,0
6115,809,Spain,Male,35,2,0.0,2,0,0,165824.7,0
6116,669,France,Male,30,6,150901.16,2,0,0,12452.14,0
6117,728,Spain,Female,31,4,0.0,1,1,0,54600.65,0
6118,654,France,Male,48,10,2541.89,2,0,0,111606.65,0
6119,668,France,Male,42,3,29231.01,2,1,1,68898.7,0
6120,692,Spain,Male,53,3,97926.81,1,1,1,130646.01,0
6121,795,France,Male,34,2,94371.53,2,1,1,97048.22,0
6122,619,Spain,Male,36,6,39321.68,1,0,1,22050.74,0
6123,621,Spain,Male,24,0,66732.04,1,1,1,86480.19,1
6124,670,France,Female,34,3,120756.9,1,1,0,85598.76,0
6125,747,Germany,Female,23,1,0.0,1,0,0,50345.33,1
6126,595,Spain,Female,39,1,74780.25,1,0,1,57782.07,0
6127,599,France,Female,31,5,0.0,1,0,0,110069.55,0
6128,539,France,Male,35,9,84793.94,1,1,1,143239.3,0
6129,602,France,Female,26,2,0.0,2,1,0,187524.1,0
6130,537,France,Male,31,10,0.0,2,1,0,101288.38,0
6131,682,France,Female,41,4,0.0,2,0,1,126917.52,0
6132,779,Spain,Female,38,4,183501.83,1,0,0,62375.39,1
6133,689,Spain,Female,33,6,0.0,1,0,1,16420.44,0
6134,724,France,Male,38,6,66268.64,1,1,0,58664.2,0
6135,604,Spain,Male,34,7,0.0,2,0,1,40887.47,0
6136,612,France,Female,25,0,0.0,1,1,0,98636.57,0
6137,563,Spain,Female,18,0,67986.15,2,0,1,77161.61,0
6138,532,Spain,Male,35,0,177217.54,2,1,1,185903.58,0
6139,802,Spain,Male,48,5,179606.89,1,1,1,30072.19,0
6140,717,Spain,Male,24,4,0.0,2,1,1,119947.41,0
6141,642,France,Male,58,8,0.0,1,0,0,14771.25,0
6142,659,Germany,Male,46,5,235211.75,1,1,1,108868.9,1
6143,780,Germany,Female,43,1,104117.77,2,0,0,123890.9,0
6144,730,Spain,Male,28,9,61220.26,2,1,0,142498.03,0
6145,734,Spain,Female,33,2,157154.45,2,1,1,112689.61,0
6146,688,Germany,Female,30,3,0.0,1,1,0,12845.51,1
6147,667,France,Female,32,5,0.0,1,1,0,54150.42,0
6148,652,Spain,Female,31,2,128726.38,1,1,1,182427.86,0
6149,625,France,Male,58,2,24225.3,2,1,0,59933.49,0
6150,742,Spain,Male,21,9,158300.99,1,1,0,30190.56,0
6151,685,Spain,Male,51,7,0.0,2,1,0,125592.34,1
6152,551,Germany,Male,19,7,0.0,2,1,1,28213.97,0
6153,629,Germany,Male,31,3,250000.0,1,1,0,199180.27,1
6154,533,France,Male,36,7,0.0,1,1,0,173018.9,0
6155,497,Germany,Female,43,10,0.0,2,0,0,138571.26,1
6156,732,France,Female,29,10,120490.29,1,1,0,156661.37,0
6157,850,Spain,Female,31,8,0.0,1,1,1,19662.61,0
6158,656,Germany,Male,37,8,0.0,2,1,0,39737.01,0
6159,758,Spain,Male,31,9,53733.97,1,1,1,43301.92,0
6160,473,Spain,Male,45,6,24475.45,3,1,0,190725.4,0
6161,621,France,Male,50,10,0.0,1,0,1,109482.88,0
6162,797,Spain,Male,45,0,21691.77,1,0,1,113815.03,0
6163,650,Germany,Female,30,8,124916.08,2,0,1,16049.29,0
6164,637,France,Male,49,2,117982.26,1,1,1,90533.24,0
6165,666,Germany,Male,34,2,173729.03,1,1,0,196637.22,1
6166,557,Germany,Female,33,0,0.0,1,1,1,165909.75,0
6167,615,Germany,Male,43,7,103397.38,1,1,1,46821.55,0
6168,693,Germany,Male,43,8,68891.98,1,1,0,137565.96,0
6169,501,France,Female,32,8,96856.3,2,1,1,93134.85,0
6170,626,France,Female,49,0,131136.9,2,1,1,113479.9,0
6171,809,France,Female,27,6,0.0,1,0,0,191421.5,0
6172,566,Spain,Female,42,2,122216.26,1,1,0,7859.78,0
6173,632,Germany,Female,34,2,60236.31,1,0,1,58368.63,0
6174,707,Spain,Male,31,8,68503.53,1,1,0,29742.05,0
6175,579,Germany,Male,26,0,119848.34,2,1,0,184551.3,0
6176,749,Spain,Female,21,3,107688.85,2,1,0,31896.73,0
6177,621,France,Female,25,6,0.0,2,1,1,94863.97,0
6178,646,Germany,Female,31,4,0.0,1,0,0,127966.11,1
6179,513,France,Male,36,8,113371.57,1,1,1,168163.25,0
6180,547,Germany,Male,44,1,218419.41,2,1,1,91070.26,0
6181,818,France,Male,39,0,51536.33,2,0,1,177362.27,0
6182,512,France,Male,31,0,159669.22,2,0,0,154670.79,0
6183,805,France,Male,48,8,0.0,1,0,0,39440.75,0
6184,605,Germany,Female,28,8,137196.2,2,1,0,82901.43,0
6185,668,France,Male,22,8,122708.62,1,1,0,40934.58,0
6186,621,France,Female,45,8,0.0,2,1,0,91579.59,0
6187,639,Spain,Female,26,8,0.0,2,1,1,172870.25,0
6188,764,Germany,Female,27,5,0.0,1,1,0,64252.99,0
6189,688,Spain,Female,45,7,77326.63,1,1,1,168398.85,0
6190,717,France,Male,51,1,0.0,3,1,1,58607.3,0
6191,630,France,Male,43,1,0.0,1,1,1,198812.98,0
6192,755,France,Male,29,5,105494.85,1,1,1,109821.1,0
6193,756,France,Female,31,7,3827.66,1,1,1,134151.61,0
6194,598,Germany,Female,27,2,0.0,1,1,1,50679.83,0
6195,850,France,Male,32,4,111467.03,1,1,0,126941.99,0
6196,795,Spain,Male,32,6,243736.87,2,1,1,15863.05,0
6197,772,Germany,Male,34,1,82579.91,1,1,0,60949.6,0
6198,668,Spain,Male,34,1,60211.02,1,1,0,117609.36,0
6199,676,France,Female,53,2,0.0,2,0,0,27261.68,1
6200,507,France,Male,32,5,138683.72,2,1,1,126557.3,0
6201,780,Germany,Male,26,3,94271.09,1,1,0,132770.6,0
6202,752,Spain,Female,47,10,0.0,1,1,0,33159.81,0
6203,584,Germany,Female,37,5,54835.1,2,1,1,91351.71,0
6204,508,France,Male,32,2,58622.97,1,1,1,21116.82,0
6205,664,Spain,Male,28,4,0.0,1,1,0,178475.43,0
6206,752,France,Male,22,7,168968.36,1,1,0,483.43,0
6207,649,France,Male,35,2,130557.71,1,0,0,181356.81,0
6208,646,France,Female,28,4,80527.13,2,0,1,184240.27,0
6209,716,France,Male,31,6,153007.47,1,1,1,111011.91,0
6210,645,France,Female,35,3,0.0,1,1,1,27109.63,0
6211,611,France,Female,21,10,0.0,1,1,0,185683.79,0
6212,818,France,Male,18,8,0.0,1,0,0,182827.18,1
6213,614,Germany,Male,30,5,68209.76,2,1,1,134653.16,0
6214,627,Germany,Male,48,10,120046.45,1,1,0,111135.93,0
6215,454,France,Male,36,0,0.0,2,0,1,85758.24,0
6216,843,Spain,Female,38,4,0.0,2,0,1,6989.03,0
6217,472,Spain,Male,36,10,0.0,1,1,1,179288.01,0
6218,536,Germany,Female,25,1,140950.74,2,1,1,7952.88,0
6219,541,Spain,Female,37,5,204504.15,1,0,1,62787.87,0
6220,652,Germany,Male,43,9,0.0,1,0,0,147104.76,0
6221,612,Spain,Female,50,9,80227.96,1,1,1,157456.62,0
6222,712,France,Male,53,5,0.0,1,1,1,167366.14,1
6223,689,Spain,Male,35,6,0.0,1,1,1,27729.11,0
6224,726,France,Male,24,5,148097.53,1,0,1,43216.22,0
6225,722,Spain,Female,49,4,74326.79,1,1,0,53095.53,0
6226,542,France,Female,28,0,0.0,1,0,1,174408.44,0
6227,749,France,Female,33,7,0.0,2,1,0,155770.36,0
6228,582,France,Female,19,5,74498.35,1,1,1,198099.78,0
6229,708,Germany,Male,28,6,0.0,1,0,0,37806.19,1
6230,577,Germany,Male,18,9,0.0,2,0,0,93272.31,0
6231,747,France,Female,41,9,0.0,1,1,0,162690.1,0
6232,627,Germany,Male,32,1,74908.86,2,1,1,75051.04,0
6233,700,Spain,Male,51,5,36492.8,1,0,0,107149.42,1
6234,611,France,Male,39,3,29542.24,1,1,0,171303.66,1
6235,558,Spain,Male,32,7,78834.54,2,0,1,82217.26,0
6236,613,France,Male,44,5,39031.08,1,1,1,85609.21,0
6237,633,Spain,Male,27,2,202815.36,1,0,1,7511.21,0
6238,711,France,Male,40,2,72351.96,1,1,1,99144.79,1
6239,561,Germany,Male,32,10,65513.14,1,1,1,125974.89,0
6240,657,France,Female,36,1,0.0,1,0,1,149682.3,0
6241,679,Germany,Female,27,2,0.0,1,1,1,157314.74,0
6242,722,Spain,Male,41,10,18490.3,1,1,0,107166.14,0
6243,601,France,Male,49,0,137336.96,1,1,0,179723.67,1
6244,427,Germany,Male,30,7,250000.0,2,1,0,151544.68,0
6245,705,France,Male,68,2,154050.17,1,1,0,29305.32,1
6246,712,Spain,Male,30,4,0.0,1,0,0,33899.99,1
6247,546,Spain,Male,42,3,75506.76,1,0,0,85908.76,1
6248,757,France,Female,47,10,187587.18,2,1,0,136926.85,0
6249,590,France,Male,18,1,0.0,2,1,0,151574.49,0
6250,490,Germany,Female,38,1,160409.73,2,1,1,107537.07,0
6251,776,Germany,Female,23,4,120772.46,2,0,0,141331.03,0
6252,837,France,Male,42,4,12930.26,2,1,0,2653.51,0
6253,528,Germany,Male,18,0,104745.11,1,1,1,102204.53,0
6254,681,France,Male,46,7,85154.86,1,1,1,119311.66,0
6255,724,France,Male,36,7,76100.81,1,0,1,58167.82,0
6256,664,France,Female,33,6,156253.95,1,1,0,33294.65,0
6257,510,France,Male,25,5,111086.29,2,0,1,198424.91,0
6258,801,France,Male,31,4,65103.75,2,1,0,163372.27,0
6259,774,Germany,Male,29,7,185606.95,2,1,1,37213.77,0
6260,617,Spain,Male,28,2,0.0,2,1,0,73593.25,1
6261,668,France,Male,29,7,90336.44,1,1,1,62752.45,0
6262,569,Germany,Male,51,3,124457.35,1,0,0,162424.82,0
6263,615,Germany,Male,37,2,66188.06,2,1,1,134115.05,0
6264,528,Germany,Male,55,5,29942.4,1,0,0,53259.37,1
6265,850,France,Male,32,10,0.0,1,1,0,15228.06,0
6266,750,France,Female,52,4,129276.25,1,0,0,62296.22,1
6267,609,Germany,Male,59,0,0.0,3,0,1,86180.78,0
6268,651,Spain,Male,18,7,0.0,1,0,0,40611.73,0
6269,698,Spain,Male,26,1,20198.03,2,1,0,21154.2,0
6270,598,Germany,Female,42,7,29172.33,1,1,0,66459.87,1
6271,590,France,Female,33,5,109961.52,2,1,0,162565.48,0
6272,745,France,Male,33,8,0.0,1,1,1,51093.85,0
6273,734,Spain,Female,38,4,0.0,1,1,0,94668.17,0
6274,825,Germany,Female,23,6,160900.36,2,1,1,151757.64,0
6275,503,Germany,Male,47,4,205441.45,1,0,0,100110.45,1
6276,738,France,Female,27,2,73046.47,1,1,0,142763.31,0
6277,596,France,Female,25,5,165561.5,1,1,0,106056.14,1
6278,850,France,Female,55,1,177905.15,2,0,1,26052.2,0
6279,734,Spain,Female,20,9,100616.98,2,1,0,116370.29,1
6280,721,France,Female,43,5,0.0,1,1,1,928.98,0
6281,850,Spain,Male,27,9,86501.39,2,0,1,159363.38,0
6282,486,Germany,Male,43,3,0.0,1,0,1,155377.65,0
6283,733,Spain,Male,32,2,30122.11,2,0,0,44288.72,0
6284,610,France,Female,43,7,0.0,2,1,0,186376.48,1
6285,651,France,Female,36,8,19874.73,1,0,1,164286.7,0
6286,600,Germany,Female,20,3,65067.11,1,1,1,115233.8,0
6287,607,Spain,Male,43,4,0.0,1,1,0,41119.1,0
6288,716,France,Male,32,1,111477.7,2,1,1,166294.4,0
6289,775,France,Male,43,1,41211.43,1,1,1,177534.97,0
6290,548,Germany,Male,33,0,0.0,2,0,0,187268.68,0
6291,624,France,Male,35,6,0.0,1,1,1,46676.63,0
6292,773,France,Female,30,6,135671.15,2,0,1,17277.89,0
6293,714,France,Female,27,5,0.0,2,1,0,40707.75,1
6294,651,France,Male,21,8,0.0,2,0,0,142787.74,0
6295,744,Germany,Female,47,0,102576.56,1,1,0,155705.07,0
6296,502,France,Female,44,10,171789.99,1,0,1,27911.5,1
6297,610,France,Female,35,10,0.0,2,0,0,47574.54,1
6298,675,France,Female,53,2,0.0,1,1,1,168300.63,0
6299,459,France,Male,20,0,86789.12,1,1,0,9685.58,0
6300,549,Germany,Female,38,1,0.0,2,1,0,139604.29,0
6301,850,Germany,Male,25,2,158365.64,2,1,0,82271.56,0
6302,663,France,Female,23,8,0.0,2,0,0,5144.87,0
6303,588,Germany,Male,18,2,0.0,1,1,1,129899.37,0
6304,599,Germany,Female,23,1,110437.2,2,0,0,50326.06,0
6305,806,France,Male,26,1,104722.07,1,0,0,78349.9,0
6306,755,Germany,Female,45,9,57582.44,1,1,1,84012.81,1
6307,639,France,Male,44,7,61643.51,1,0,1,130440.59,0
6308,665,Germany,Male,23,3,0.0,2,1,1,29702.54,0
6309,680,France,Male,36,6,26447.56,1,0,1,36597.31,0
6310,679,Spain,Male,19,5,99166.94,1,1,0,103687.8,1
6311,801,Germany,Male,18,10,47025.13,2,1,1,60513.39,0
6312,528,France,Male,70,7,76078.49,2,1,0,158067.71,0
6313,350,Spain,Male,39,7,122058.8,2,1,0,20766.96,0
6314,663,Spain,Male,18,6,0.0,1,1,1,84819.51,0
6315,511,France,Male,40,9,0.0,2,1,1,64403.86,0
6316,664,Germany,Male,30,10,161926.32,2,1,0,172602.07,0
6317,554,France,Male,40,8,0.0,1,1,1,29620.55,0
6318,721,Spain,Female,39,7,155747.15,1,0,0,172299.91,0
6319,602,France,Male,18,5,106467.72,1,0,0,47896.34,0
6320,688,Germany,Male,59,9,225524.52,2,1,1,101429.0,1
6321,615,France,Female,24,6,0.0,2,1,1,63081.87,0
6322,577,France,Male,41,7,10187.78,1,1,1,68195.97,0
6323,648,Germany,Male,50,10,36076.68,2,1,0,147042.58,0
6324,476,France,Male,18,8,184505.68,2,1,1,93768.9,0
6325,529,Spain,Female,55,10,0.0,2,1,0,139042.61,1
6326,654,France,Male,18,8,136110.49,2,1,1,118798.69,0
6327,760,Spain,Male,40,0,127410.52,1,1,0,103660.57,0
6328,674,Germany,Female,19,1,135568.76,2,1,1,176566.61,0
6329,494,Spain,Male,48,0,0.0,1,0,0,193549.62,0
6330,491,France,Female,46,10,0.0,2,1,1,12236.34,0
6331,669,Germany,Female,36,0,0.0,1,1,0,114567.98,1
6332,686,France,Male,39,8,179179.02,2,0,1,118372.57,0
6333,700,France,Male,45,7,30087.78,2,0,0,46837.5,1
6334,533,France,Female,31,0,90415.3,2,1,1,34101.41,0
6335,589,France,Female,23,1,0.0,2,1,0,79032.07,0
6336,809,France,Male,37,4,109223.61,2,1,1,6568.84,0
6337,676,France,Male,62,6,0.0,2,1,1,131679.02,0
6338,667,Germany,Male,53,5,97214.99,1,1,1,157781.97,1
6339,426,Spain,Male,40,5,0.0,1,1,1,195576.66,0
6340,745,Spain,Male,38,4,63663.43,1,0,0,181384.49,1
6341,636,France,Male,29,7,96815.07,1,1,0,105027.01,1
6342,676,Germany,Female,36,4,0.0,2,1,0,196961.51,0
6343,638,Spain,Male,39,1,54968.45,2,1,1,53224.73,0
6344,808,Germany,Male,48,8,59658.28,1,1,0,113667.87,0
6345,604,France,Male,34,4,142758.77,1,1,0,142706.09,0
6346,742,France,Male,20,8,0.0,1,1,0,98219.57,0
6347,724,Germany,Male,18,8,0.0,2,1,1,76194.69,0
6348,672,Spain,Male,46,2,50197.02,1,1,0,30736.57,0
6349,713,Spain,Female,39,10,0.0,1,1,0,48809.6,0
6350,601,Spain,Female,20,4,24089.01,1,1,1,64372.59,0
6351,763,Spain,Male,24,0,209527.1,2,1,1,176684.0,0
6352,669,Spain,Male,60,2,0.0,2,0,1,149596.06,0
6353,544,Spain,Female,18,0,0.0,2,1,1,60878.09,0
6354,643,Germany,Male,57,8,127593.43,1,0,0,142090.51,0
6355,694,Germany,Male,46,7,88624.68,2,1,1,96270.65,0
6356,675,Germany,Male,51,8,0.0,2,1,1,62331.46,0
6357,509,France,Male,34,8,0.0,1,0,0,77191.02,1
6358,796,Spain,Female,38,3,173607.36,2,0,1,26060.33,0
6359,837,Germany,Male,30,4,150412.87,2,1,0,16491.37,0
6360,495,France,Male,19,0,89614.38,1,1,1,28718.89,0
6361,486,France,Male,37,9,0.0,1,1,1,181810.58,0
6362,652,Spain,Male,53,7,146678.15,1,1,0,24443.9,0
6363,644,Germany,Female,18,2,98663.09,1,1,0,139585.13,0
6364,500,Spain,Female,57,2,25153.81,1,1,1,124181.31,0
6365,666,France,Female,29,8,36857.95,2,1,1,163946.09,0
6366,653,Spain,Male,21,9,0.0,2,1,1,50082.49,0
6367,635,France,Male,34,10,12860.45,1,1,0,47447.55,1
6368,701,France,Male,36,2,0.0,2,1,1,193801.05,0
6369,690,Germany,Male,62,0,155765.34,2,1,0,159457.92,0
6370,638,France,Male,43,1,0.0,1,1,1,140605.51,0
6371,575,Spain,Male,54,5,81007.78,1,1,1,6797.05,0
6372,649,Germany,Female,34,8,43420.59,1,1,0,131310.06,1
6373,623,Spain,Male,54,10,187142.07,3,1,1,136321.94,0
6374,596,France,Female,42,5,0.0,2,0,1,155677.59,0
6375,692,Germany,Female,26,2,0.0,2,0,1,51532.5,0
6376,670,Spain,Male,39,9,0.0,1,1,0,160883.47,0
6377,733,France,Male,20,8,79671.76,2,1,1,43731.93,0
6378,737,France,Female,55,2,53476.94,1,1,0,43880.63,0
6379,850,France,Female,46,1,178849.21,1,1,0,111119.82,0
6380,774,Spain,Male,18,2,185000.27,1,1,1,142180.21,0
6381,591,Germany,Male,31,2,0.0,1,1,0,62330.1,0
6382,520,Spain,Male,50,10,89836.73,2,0,0,188202.58,0
6383,504,Spain,Female,22,2,90129.96,1,1,1,45616.23,0
6384,707,Germany,Female,18,3,74984.27,2,1,0,197813.78,0
6385,695,France,Female,30,8,129221.22,2,1,0,20852.83,0
6386,624,France,Female,28,0,75005.88,1,0,1,24690.69,0
6387,460,Germany,Male,18,4,47259.06,2,1,0,21892.87,0
6388,594,France,Female,40,8,66966.99,1,1,1,41346.0,0
6389,730,France,Female,38,4,34420.57,2,1,0,168723.6,0
6390,593,Germany,Male,35,1,157159.36,3,1,0,168476.79,1
6391,559,Spain,Male,29,9,112236.1,1,1,1,79152.15,0
6392,536,France,Female,35,0,0.0,1,0,0,152299.03,1
6393,814,France,Female,18,6,36996.92,1,1,0,143697.43,0
6394,664,Spain,Male,27,7,109826.42,1,0,0,15616.25,0
6395,808,Spain,Male,36,6,58679.9,2,1,0,72282.51,0
6396,513,Germany,Male,35,6,104488.16,2,1,0,87305.37,0
6397,527,France,Female,43,1,0.0,1,1,0,171252.65,1
6398,568,Germany,Female,33,5,126735.97,2,0,0,17998.58,1
6399,552,Germany,Male,30,8,83562.5,2,1,1,29960.85,0
6400,605,Germany,Female,48,6,137407.55,2,0,1,105248.62,0
6401,517,Spain,Male,41,8,85009.46,1,0,0,168029.81,0
6402,720,Spain,Male,32,6,0.0,1,1,0,152513.4,0
6403,585,Germany,Male,34,3,0.0,1,1,0,199324.55,0
6404,688,France,Female,20,4,69095.59,2,0,1,116978.95,0
6405,694,Spain,Male,19,2,24149.76,1,0,1,165086.37,0
6406,736,Spain,Male,45,4,103503.01,2,1,0,184858.48,0
6407,765,Germany,Female,39,7,121768.87,1,0,1,12971.93,0
6408,749,Spain,Male,35,5,51991.44,4,0,1,97669.07,0
6409,654,France,Male,42,1,0.0,2,0,1,39732.05,0
6410,660,France,Male,22,10,0.0,2,1,0,125010.05,0
6411,720,Germany,Male,31,8,53826.68,2,0,1,90086.58,0
6412,681,Spain,Male,29,0,19916.69,2,1,0,96608.95,0
6413,688,Germany,Female,41,9,45076.94,2,1,1,14001.74,0
6414,680,Spain,Male,42,4,16187.86,1,1,1,10327.82,0
6415,699,France,Female,29,10,221957.45,2,1,0,4931.77,0
6416,564,France,Female,33,10,0.0,2,1,0,53050.49,0
6417,659,France,Male,35,4,0.0,1,1,1,25058.11,0
6418,544,France,Male,38,6,0.0,1,1,1,129219.44,0
6419,651,Spain,Female,34,5,70311.55,1,0,1,20959.05,0
6420,698,Spain,Male,29,6,0.0,1,1,1,144672.5,0
6421,815,Spain,Male,68,6,0.0,1,0,0,189650.39,0
6422,664,France,Female,42,7,0.0,1,0,1,14697.81,0
6423,640,Germany,Female,39,9,0.0,1,1,1,149935.82,0
6424,579,France,Female,26,1,0.0,1,1,0,197780.42,0
6425,639,Germany,Female,46,9,72682.49,2,0,0,58019.66,0
6426,654,Spain,Female,32,1,177245.66,1,1,1,85231.71,0
6427,781,Spain,Female,39,3,141254.9,1,1,0,121273.8,0
6428,417,Spain,Male,39,4,0.0,1,1,1,156446.93,0
6429,472,France,Male,46,9,0.0,1,1,1,198311.57,0
6430,758,Germany,Male,47,10,0.0,2,1,0,188680.16,0
6431,728,France,Male,25,2,0.0,1,0,0,6439.58,1
6432,510,Germany,Male,41,3,218946.01,2,1,0,156274.45,1
6433,574,Germany,Female,29,0,150444.5,2,1,0,165574.92,0
6434,672,France,Female,22,9,0.0,1,1,1,116864.14,0
6435,541,France,Female,32,3,0.0,1,1,1,196362.83,0
6436,634,Germany,Male,24,1,116371.73,1,0,1,86699.19,0
6437,559,Germany,Male,39,7,156440.25,1,1,1,10288.66,0
6438,585,Germany,Female,28,5,0.0,3,1,1,174485.91,1
6439,628,France,Male,37,1,0.0,1,1,1,105264.1,0
6440,629,France,Male,28,8,101266.68,2,1,1,52576.59,0
6441,586,Germany,Female,34,9,0.0,2,1,0,179881.37,0
6442,466,France,Male,24,6,127306.07,2,0,0,153287.57,0
6443,501,France,Male,50,10,105885.86,1,0,1,159051.67,0
6444,413,Spain,Female,27,8,188961.33,1,0,0,9371.85,0
6445,633,Germany,Female,38,5,57535.75,2,1,1,20458.53,0
6446,620,France,Female,29,4,95950.5,1,1,1,198646.49,0
6447,371,France,Female,27,7,121893.26,2,1,1,41193.11,0
6448,682,France,Male,22,0,0.0,1,0,1,50161.83,0
6449,784,France,Female,25,7,0.0,1,0,0,48672.28,0
6450,593,France,Female,39,6,0.0,1,0,1,170513.26,0
6451,626,Spain,Female,47,10,49437.69,2,1,0,62903.84,0
6452,850,France,Female,41,2,75245.16,2,0,1,183492.86,0
6453,677,Spain,Female,29,5,143314.69,2,0,1,13584.95,0
6454,685,Germany,Female,51,2,0.0,1,0,0,94749.96,1
6455,646,Germany,Male,38,0,71866.46,1,0,0,177318.05,0
6456,511,France,Female,41,4,0.0,2,1,0,14952.29,0
6457,549,France,Male,22,2,53511.69,2,1,1,80042.72,0
6458,551,France,Male,45,4,114139.32,2,0,1,89980.76,1
6459,837,France,Female,42,2,132328.55,2,0,1,169161.36,0
6460,674,France,Male,50,10,210587.38,2,0,0,105688.22,0
6461,685,Spain,Male,27,0,0.0,1,1,0,196514.26,1
6462,504,Spain,Male,18,8,35967.28,1,0,1,116677.61,0
6463,806,France,Female,27,8,0.0,1,1,1,84799.71,0
6464,586,France,Male,35,6,0.0,1,1,1,140223.85,0
6465,640,Spain,Female,24,8,169364.73,2,1,1,168973.0,0
6466,699,France,Female,53,0,0.0,1,1,0,104291.94,1
6467,594,Spain,Female,41,8,147517.85,2,0,1,74491.38,0
6468,813,France,Female,32,6,202235.63,1,0,0,178149.52,0
6469,693,France,Female,29,9,207787.87,1,1,1,692.35,0
6470,779,France,Male,18,9,139290.25,2,1,1,51057.07,0
6471,666,France,Male,26,10,0.0,1,1,0,127654.04,1
6472,576,Germany,Female,20,9,189007.3,1,0,1,59916.03,0
6473,720,France,Male,55,5,56259.69,1,1,1,54987.25,0
6474,606,Germany,Male,34,0,63508.0,1,0,0,27964.32,0
6475,815,France,Male,27,6,0.0,1,1,1,47193.32,0
6476,670,France,Female,25,10,0.0,1,1,1,176166.46,0
6477,624,Germany,Female,52,6,203147.76,1,1,1,67871.14,1
6478,695,France,Female,37,6,202946.71,1,0,1,124961.84,0
6479,680,France,Male,25,9,81320.77,2,1,0,80773.3,0
6480,741,France,Female,40,6,0.0,2,1,1,154759.9,0
6481,552,Spain,Female,48,10,134156.63,1,1,0,118798.72,0
6482,634,Spain,Female,46,10,211808.44,1,1,1,114564.25,0
6483,720,France,Female,23,1,0.0,1,1,1,99016.79,1
6484,678,France,Female,39,5,197672.24,2,1,1,4203.41,0
6485,514,Germany,Female,21,7,63582.21,1,1,0,111182.46,1
6486,669,France,Female,42,4,0.0,2,1,1,169672.65,0
6487,624,Germany,Male,26,8,104593.0,1,0,0,112304.83,0
6488,564,France,Female,37,3,163212.34,2,1,1,34629.55,0
6489,745,France,Female,43,8,191713.23,2,0,0,145678.15,0
6490,546,Spain,Male,26,2,0.0,1,1,1,80397.81,0
6491,689,Spain,Female,29,4,27138.05,1,1,1,35290.76,0
6492,594,Germany,Female,37,4,94578.1,2,0,0,119239.33,0
6493,704,France,Female,29,5,0.0,2,1,0,102877.27,0
6494,675,France,Female,40,6,0.0,1,1,1,115608.8,0
6495,850,Germany,Female,29,5,105084.7,1,1,1,174161.47,0
6496,622,Germany,Male,37,3,30316.31,2,1,0,116731.07,0
6497,690,Germany,Male,35,6,0.0,1,1,1,121750.3,0
6498,776,Spain,Male,41,7,0.0,3,1,0,119264.94,0
6499,827,Spain,Male,21,8,113175.39,1,1,0,66485.03,0
6500,713,Spain,Female,39,2,0.0,1,1,0,171950.85,0
6501,772,Spain,Male,18,7,0.0,2,0,0,41970.86,1
6502,663,France,Male,31,3,0.0,1,1,0,111372.99,1
6503,554,Germany,Male,40,2,110658.73,1,1,0,124566.62,1
6504,671,France,Male,28,9,0.0,2,1,1,176690.06,0
6505,815,France,Male,48,7,163869.09,1,1,1,191159.87,0
6506,607,France,Male,36,8,0.0,1,1,0,76624.66,0
6507,850,Germany,Female,31,6,73456.58,1,1,1,45976.02,0
6508,503,Spain,Female,24,7,0.0,1,1,1,150212.5,0
6509,766,France,Female,23,7,3074.26,2,1,1,79238.84,0
6510,688,France,Female,31,0,0.0,2,1,0,107837.44,0
6511,648,France,Male,29,0,0.0,1,0,1,119613.67,0
6512,743,Spain,Male,43,2,0.0,2,1,0,94475.86,0
6513,680,Spain,Female,23,5,79584.17,2,0,1,5366.54,0
6514,655,France,Male,31,10,0.0,2,1,0,145871.22,0
6515,526,France,Male,60,9,0.0,2,0,0,171536.23,0
6516,780,Germany,Male,29,5,150343.0,2,1,1,194967.61,0
6517,794,Spain,Female,46,10,0.0,2,1,1,48828.4,0
6518,714,France,Male,31,1,0.0,1,0,1,137498.65,0
6519,631,France,Male,18,5,34478.9,2,1,1,96169.49,0
6520,819,France,Male,18,7,131709.06,2,0,0,162272.2,0
6521,711,France,Male,39,4,59624.57,2,1,1,101018.35,0
6522,610,France,Female,33,4,0.0,1,0,0,30714.15,0
6523,586,Germany,Male,36,5,86073.18,1,1,0,157476.15,0
6524,470,France,Male,34,3,0.0,2,1,0,106177.32,1
6525,750,France,Female,47,1,125660.87,1,1,0,149538.6,0
6526,626,France,Female,26,0,0.0,2,1,0,24249.46,0
6527,572,Spain,Male,26,10,42476.78,1,0,1,57248.72,0
6528,620,Spain,Male,18,3,144035.16,1,0,1,70008.88,0
6529,705,France,Male,19,6,0.0,1,1,1,101511.71,0
6530,647,Spain,Male,26,8,0.0,2,1,1,164567.92,0
6531,618,France,Male,56,7,91922.7,2,0,1,72222.24,0
6532,599,France,Female,29,1,0.0,2,0,1,100117.7,0
6533,667,France,Male,54,0,147123.01,1,1,0,174810.59,0
6534,528,France,Female,27,10,0.0,1,0,1,159930.89,0
6535,664,France,Male,37,9,151381.3,1,1,0,48055.85,0
6536,618,France,Male,29,2,81294.96,2,1,1,12198.74,0
6537,551,France,Male,59,10,177124.18,1,1,0,67783.28,0
6538,541,Germany,Male,26,1,79433.62,1,1,1,30635.03,0
6539,742,Spain,Female,51,2,57181.74,2,1,1,162483.86,1
6540,481,France,Female,47,9,0.0,2,0,0,199639.72,0
6541,693,Germany,Male,28,1,0.0,1,1,0,157151.53,0
6542,454,France,Female,36,7,0.0,2,1,0,72903.51,0
6543,758,Germany,Male,32,0,76465.05,1,0,1,142263.27,0
6544,648,France,Female,57,6,0.0,2,1,1,151100.62,0
6545,715,Spain,Male,77,4,954.43,1,1,0,105364.7,0
6546,776,Spain,Female,18,3,17478.11,1,1,1,145708.93,0
6547,523,Germany,Female,24,1,43222.95,2,1,0,11588.48,0
6548,750,Germany,Male,31,4,0.0,2,1,1,62208.49,0
6549,489,France,Male,40,2,60401.62,2,1,0,184593.48,0
6550,688,Germany,Female,30,7,97321.75,2,1,1,25742.23,1
6551,624,France,Female,37,0,0.0,1,0,0,125646.7,0
6552,659,France,Male,35,10,112572.37,1,0,1,127044.31,0
6553,639,Germany,Female,52,7,58313.27,1,1,0,120818.89,0
6554,588,Germany,Male,34,7,0.0,2,0,1,86710.57,0
6555,850,France,Male,28,3,0.0,2,1,1,140593.75,0
6556,713,Germany,Male,41,2,130959.45,1,1,1,35770.09,0
6557,532,Germany,Female,30,8,129155.83,1,1,0,105932.28,0
6558,553,Germany,Female,58,8,0.0,2,1,0,112962.99,0
6559,738,Spain,Male,51,9,0.0,2,1,0,107145.12,1
6560,594,France,Male,25,3,60340.26,1,1,0,30985.27,0
6561,637,Spain,Female,38,5,85210.23,2,1,0,146176.11,0
6562,607,France,Male,30,1,59502.78,2,1,0,69481.51,0
6563,550,Germany,Female,25,2,188852.61,2,1,1,84642.94,0
6564,718,France,Female,21,5,50706.11,2,0,0,155138.76,0
6565,614,Spain,Female,46,5,129991.41,2,0,1,154814.31,0
6566,653,France,Female,43,8,215650.66,2,0,1,7346.93,0
6567,462,Spain,Male,18,10,57954.62,1,0,0,162488.16,0
6568,574,Germany,Male,27,1,156806.74,1,1,0,72997.45,0
6569,768,France,Female,30,4,127856.9,2,0,0,53378.08,0
6570,560,France,Female,29,7,0.0,1,1,1,67805.58,1
6571,593,France,Female,21,8,45067.62,2,1,0,19534.46,0
6572,506,France,Female,30,6,215244.62,2,1,0,12610.51,0
6573,562,France,Female,47,9,0.0,2,1,0,184336.85,1
6574,553,Spain,Male,52,2,0.0,1,0,1,85490.72,0
6575,604,France,Male,22,2,59722.53,2,1,1,67797.87,0
6576,619,Germany,Male,47,6,111353.62,1,0,1,109792.16,0
6577,570,France,Male,45,3,0.0,1,1,1,159993.0,0
6578,767,Germany,Male,46,5,0.0,2,1,0,118459.48,0
6579,752,France,Female,36,2,121997.22,1,0,0,152286.15,0
6580,600,France,Female,40,10,73355.75,2,1,0,190694.74,0
6581,646,Germany,Female,53,8,0.0,1,1,0,181333.52,0
6582,653,Germany,Male,60,4,57428.08,1,0,0,177819.11,0
6583,743,France,Male,29,6,165651.44,3,0,1,118850.18,0
6584,711,France,Male,41,8,0.0,2,1,1,196076.69,0
6585,664,France,Male,42,8,119977.9,1,1,1,13659.96,0
6586,503,Spain,Male,33,9,86339.36,2,0,1,126346.33,1
6587,512,Germany,Female,57,3,128028.41,1,1,0,43552.94,0
6588,770,France,Female,18,1,28996.76,1,0,0,94983.85,0
6589,602,France,Male,40,9,0.0,1,0,1,130115.38,0
6590,496,Spain,Male,53,4,89741.66,2,1,1,10709.01,0
6591,520,Germany,Female,47,9,0.0,2,1,0,62084.14,0
6592,535,Spain,Female,48,6,0.0,1,1,1,54992.21,0
6593,535,Germany,Male,18,5,110100.29,2,1,0,62221.91,0
6594,570,France,Female,23,2,50998.34,2,0,1,52725.62,0
6595,696,France,Female,45,1,7560.52,1,1,0,160374.59,0
6596,538,Spain,Male,29,0,0.0,2,0,0,56160.06,0
6597,664,France,Female,33,5,100397.99,1,0,0,175351.27,0
6598,596,France,Male,33,9,0.0,2,1,1,81539.2,0
6599,635,France,Female,33,2,0.0,1,1,0,155094.24,0
6600,591,Germany,Female,40,7,134233.85,2,0,1,195085.92,0
6601,539,Germany,Female,32,6,22877.8,1,1,0,91203.66,0
6602,612,France,Male,52,8,89787.78,2,1,0,194211.47,0
6603,850,France,Female,41,4,0.0,1,1,0,41768.12,0
6604,667,France,Male,40,4,3717.34,1,0,1,101736.66,0
6605,599,Spain,Male,31,3,0.0,1,1,0,160807.57,1
6606,591,Spain,Male,38,3,20871.98,1,0,1,170260.7,0
6607,668,France,Male,49,5,40995.07,2,0,1,68908.97,0
6608,665,Spain,Male,37,5,59503.49,2,1,1,93261.31,0
6609,749,Spain,Female,42,6,0.0,2,1,0,148142.42,1
6610,850,Germany,Female,31,9,59634.91,2,0,0,2982.14,0
6611,584,Germany,Male,35,3,17901.54,2,1,1,184609.17,0
6612,805,France,Male,30,7,0.0,2,0,0,54815.39,0
6613,651,France,Male,22,0,178191.4,1,1,1,30372.35,0
6614,776,Germany,Female,30,1,0.0,1,1,1,73232.69,0
6615,522,France,Male,40,8,45186.42,2,0,1,51677.09,0
6616,714,Germany,Female,34,1,40023.64,1,0,0,64716.1,1
6617,634,Germany,Female,33,8,0.0,1,0,1,168572.94,0
6618,850,Germany,Female,37,8,32388.46,1,1,1,4369.55,0
6619,647,Spain,Male,29,9,0.0,1,0,1,132523.63,0
6620,662,France,Male,28,4,0.0,1,1,1,195238.51,0
6621,804,Germany,Female,18,8,77755.42,1,1,1,80843.13,0
6622,631,France,Female,39,10,0.0,1,0,1,32111.39,0
6623,669,France,Male,27,2,21255.44,1,1,1,21203.63,0
6624,754,Germany,Male,40,7,110417.6,1,1,0,192368.91,0
6625,850,Spain,Female,34,5,36984.3,2,1,1,160047.0,0
6626,712,Germany,Male,26,10,69530.72,1,1,1,121967.23,0
6627,833,France,Female,44,2,41326.99,2,1,1,74022.36,0
6628,643,Germany,Male,20,3,68049.44,2,0,1,175607.97,0
6629,630,France,Male,25,10,0.0,2,1,1,149339.14,0
6630,523,France,Female,31,1,0.0,2,1,0,22244.33,0
6631,625,Germany,Female,48,1,0.0,2,0,1,6177.59,0
6632,747,Spain,Female,35,7,100056.42,1,1,1,74965.83,0
6633,704,France,Male,20,3,109259.44,1,0,0,29117.19,0
6634,716,France,Male,32,3,165635.51,3,0,1,57337.96,0
6635,781,France,Male,60,2,0.0,2,0,0,81640.94,0
6636,761,France,Female,31,5,157952.82,2,0,1,167932.32,0
6637,598,France,Female,33,0,58933.3,1,1,0,20781.9,0
6638,724,France,Female,35,7,170977.09,1,1,1,47421.7,1
6639,670,Germany,Female,22,10,51325.61,2,1,0,124169.96,1
6640,633,France,Female,28,1,0.0,1,1,0,153313.03,0
6641,753,France,Female,50,6,106030.54,2,1,1,125465.62,0
6642,606,France,Female,25,5,0.0,2,1,1,114954.21,0
6643,523,Germany,Male,35,9,174807.86,1,1,1,175792.54,0
6644,481,Germany,Male,42,9,186672.52,1,1,0,65022.5,1
6645,614,France,Male,37,1,43639.63,2,1,1,78747.96,0
6646,685,Spain,Female,29,3,68465.84,2,1,1,144053.12,0
6647,462,Germany,Male,33,10,0.0,2,1,1,174353.55,0
6648,463,Spain,Male,41,9,93886.79,1,0,1,59598.2,0
6649,642,Spain,Female,56,6,81351.35,3,1,0,37431.52,1
6650,731,Germany,Male,28,8,135130.61,1,1,0,14507.04,0
6651,677,Germany,Male,48,2,0.0,2,0,1,67963.7,0
6652,581,France,Female,49,0,0.0,2,1,1,39195.38,0
6653,575,France,Female,18,10,0.0,2,0,0,162077.01,0
6654,604,Germany,Male,34,3,223319.22,1,1,0,193516.31,0
6655,747,Germany,Female,30,1,67425.17,1,1,1,19111.81,0
6656,714,France,Female,44,4,110104.02,1,1,1,135207.57,0
6657,746,France,Male,28,4,93120.29,1,1,0,121566.49,0
6658,787,Germany,Male,30,8,52126.52,1,1,1,199350.26,0
6659,678,France,Male,28,1,2937.09,1,1,1,191263.68,0
6660,850,Spain,Female,35,9,194772.94,2,1,1,92917.0,0
6661,805,France,Male,56,9,57972.72,1,1,1,97056.11,0
6662,628,Germany,Female,34,6,0.0,2,1,1,91625.21,0
6663,566,Spain,Female,36,4,0.0,2,1,0,121848.29,0
6664,850,France,Male,59,8,83510.76,2,1,0,149932.47,0
6665,716,France,Male,29,8,55258.96,2,1,0,150797.88,0
6666,625,France,Male,25,3,0.0,1,1,0,122025.77,0
6667,618,Spain,Female,18,2,0.0,2,0,0,80173.04,0
6668,665,Germany,Male,34,6,192633.16,2,1,1,81707.44,1
6669,676,France,Male,36,2,61490.59,2,0,0,138376.72,1
6670,729,Spain,Male,62,0,134539.59,1,1,1,47006.4,0
6671,524,Spain,Male,34,1,0.0,2,1,1,160428.67,1
6672,726,Germany,Male,35,8,0.0,1,1,1,166438.01,0
6673,725,France,Female,42,6,193880.95,1,1,1,162243.26,1
6674,652,Spain,Male,69,2,0.0,1,1,1,109215.28,0
6675,660,Germany,Female,30,9,216607.06,1,1,0,135174.21,0
6676,649,Germany,Female,32,0,0.0,1,0,1,194644.92,0
6677,530,Germany,Female,18,5,0.0,1,1,1,18094.18,0
6678,616,Spain,Male,37,1,0.0,1,1,0,17968.7,0
6679,662,Germany,Male,41,10,61643.93,1,1,0,79222.33,1
6680,673,France,Female,47,2,76802.57,2,1,1,179056.54,0
6681,841,Germany,Female,28,8,0.0,2,0,0,111183.06,1
6682,793,France,Female,39,0,72381.45,1,1,1,123072.11,0
6683,781,Germany,Female,27,4,14763.68,1,1,1,141843.94,0
6684,648,France,Female,42,1,68067.37,2,0,0,14871.5,0
6685,709,France,Male,23,9,0.0,1,1,0,14233.8,0
6686,539,Germany,Male,30,1,44035.32,2,1,0,184800.15,0
6687,673,France,Female,31,8,0.0,2,1,1,93258.76,0
6688,647,France,Female,28,5,0.0,2,1,0,11107.99,0
6689,606,France,Female,32,8,65620.0,4,1,1,154213.82,0
6690,552,France,Male,45,0,0.0,1,1,0,144044.83,0
6691,496,France,Male,46,0,28580.35,2,1,1,87099.73,0
6692,707,Spain,Female,39,9,92833.46,2,1,0,163157.89,1
6693,697,Germany,Female,43,9,126940.39,1,1,1,162076.13,0
6694,563,Germany,Female,18,10,0.0,2,0,0,117425.58,0
6695,600,Germany,Male,38,8,0.0,1,1,0,108768.5,0
6696,541,France,Male,30,7,0.0,2,1,1,76095.65,0
6697,633,France,Male,31,3,113797.31,1,1,0,51642.62,0
6698,583,Germany,Female,56,5,66017.27,2,1,0,140462.27,0
6699,524,Spain,Male,57,2,112029.11,2,0,0,129870.06,0
6700,696,France,Female,38,10,144688.63,1,0,0,168691.02,0
6701,713,Germany,Male,39,9,198318.48,1,1,1,119767.9,0
6702,743,France,Female,40,0,0.0,2,1,0,161012.84,0
6703,571,France,Male,43,0,0.0,2,1,1,22310.32,0
6704,650,Germany,Female,51,6,20933.47,4,1,1,143110.18,0
6705,635,Spain,Female,26,2,48668.1,2,0,1,164032.07,0
6706,607,Spain,Male,25,10,116882.47,2,1,1,173373.56,0
6707,532,France,Male,49,2,0.0,1,1,0,95644.54,0
6708,578,France,Male,43,8,33247.13,2,1,0,143356.45,0
6709,725,Spain,Female,49,5,0.0,1,1,0,11158.79,0
6710,683,France,Male,42,0,0.0,1,1,1,53844.64,0
6711,749,Spain,Female,54,6,0.0,1,1,0,168946.69,1
6712,754,France,Male,31,1,0.0,2,1,0,122362.85,0
6713,659,France,Male,22,9,0.0,2,1,0,46003.87,0
6714,723,France,Male,26,9,0.0,1,0,0,27425.72,0
6715,560,France,Male,46,1,108931.5,1,1,1,142279.67,0
6716,586,Spain,Male,32,3,0.0,2,1,0,178454.14,0
6717,710,France,Male,36,9,177949.16,2,0,0,84635.78,0
6718,700,France,Female,42,9,16707.12,1,1,0,85371.85,0
6719,850,Germany,Female,41,0,0.0,1,1,0,156140.07,0
6720,534,Spain,Female,36,7,0.0,1,0,1,87662.52,0
6721,735,Germany,Male,61,8,119587.53,1,0,0,45487.99,1
6722,472,Spain,Female,29,8,98218.79,2,0,0,132958.3,0
6723,656,France,Female,22,8,51148.37,2,1,0,180435.86,0
6724,649,France,Male,46,7,131115.44,1,1,1,193420.31,0
6725,574,Spain,Male,32,1,0.0,2,0,0,163154.08,0
6726,553,France,Female,49,3,0.0,1,0,0,151987.64,1
6727,557,Spain,Female,30,2,0.0,1,0,1,59451.46,0
6728,671,France,Male,28,3,65228.92,1,1,1,134247.23,0
6729,565,France,Male,31,6,0.0,2,1,0,49260.2,1
6730,554,Germany,Female,29,10,84042.17,2,0,0,102504.32,0
6731,643,France,Female,33,10,0.0,1,1,1,134630.03,0
6732,808,Germany,Male,36,1,0.0,1,0,0,169568.9,0
6733,611,Germany,Female,36,2,44433.5,3,1,1,166808.18,1
6734,649,France,Female,49,4,77493.28,1,1,0,71340.67,0
6735,748,Germany,Male,18,8,174583.42,1,1,0,150077.08,0
6736,850,France,Female,31,9,0.0,1,1,1,179536.47,0
6737,646,France,Male,48,7,0.0,2,0,1,5509.14,0
6738,563,France,Male,41,10,83337.94,1,1,1,110803.28,0
6739,523,Germany,Male,43,8,0.0,2,1,0,117458.12,0
6740,771,Germany,Female,49,2,142132.36,2,1,1,117867.2,0
6741,735,Spain,Male,32,5,124609.79,2,1,1,8367.19,0
6742,514,Germany,Male,50,8,37998.53,2,1,0,20886.45,1
6743,839,France,Male,43,4,0.0,1,0,0,75121.79,0
6744,753,France,Female,18,0,0.0,1,1,1,17942.65,0
6745,622,Germany,Male,32,0,0.0,2,1,0,167978.65,0
6746,601,Spain,Male,26,7,249956.55,2,1,0,87594.26,0
6747,784,Germany,Male,53,8,80334.43,3,0,0,35790.77,1
6748,652,France,Female,61,4,147810.14,2,1,0,172805.75,0
6749,850,France,Female,33,9,82745.49,2,0,1,78531.02,0
6750,682,France,Female,28,9,0.0,1,1,0,40758.15,0
6751,668,Spain,Male,35,10,151760.87,2,1,1,22106.75,0
6752,844,Germany,Male,37,10,71312.64,2,1,0,43008.29,0
6753,493,Germany,Female,45,0,106275.79,1,1,1,33618.54,0
6754,632,Spain,Male,27,8,90784.95,2,1,0,51571.08,0
6755,685,Germany,Female,36,3,0.0,1,1,1,100698.82,0
6756,672,Germany,Female,33,3,0.0,2,1,1,74976.28,0
6757,850,Germany,Female,36,8,120762.5,2,0,1,186418.36,0
6758,703,France,Male,40,1,0.0,1,1,1,143114.0,0
6759,795,Spain,Female,41,3,63525.56,1,1,0,188276.91,0
6760,567,France,Female,61,1,0.0,2,1,0,118469.63,1
6761,623,Spain,Female,42,10,182395.39,1,1,1,127231.09,0
6762,472,France,Male,29,3,0.0,1,1,0,162176.89,0
6763,850,Spain,Male,29,3,191982.05,1,1,1,104725.95,0
6764,683,Spain,Female,25,1,0.0,1,0,1,104733.5,0
6765,587,France,Male,26,0,143908.88,1,0,0,146008.65,0
6766,704,Germany,Male,57,1,0.0,1,0,1,61002.91,0
6767,512,Spain,Female,26,10,0.0,3,1,0,62501.84,0
6768,775,Spain,Male,42,2,35571.69,2,1,0,163338.54,0
6769,487,Spain,Female,34,1,173457.77,1,1,1,44652.89,0
6770,593,Spain,Male,33,6,62066.09,1,1,0,102323.51,0
6771,468,Germany,Male,51,2,79593.97,1,1,1,186170.71,1
6772,808,France,Male,38,6,87755.61,2,1,1,58999.8,0
6773,545,Germany,Male,41,1,61295.66,2,1,0,9769.2,1
6774,484,Spain,Female,43,8,111339.8,4,0,0,168741.77,0
6775,734,France,Female,36,8,157526.4,1,1,1,184320.18,0
6776,608,France,Female,47,5,12602.38,1,0,0,5316.79,1
6777,614,France,Male,35,2,211502.01,1,0,0,54082.99,0
6778,543,Spain,Male,33,7,122465.34,2,1,1,142974.14,0
6779,681,Spain,Male,37,1,0.0,1,1,1,77430.55,0
6780,691,Spain,Female,24,4,0.0,2,1,0,121521.17,1
6781,426,France,Female,34,6,242885.2,2,1,1,102718.29,0
6782,816,France,Female,23,7,180550.04,2,1,1,175123.88,0
6783,502,Germany,Male,23,3,54890.37,1,1,1,195850.49,0
6784,578,France,Female,28,8,58298.27,1,1,1,172489.49,0
6785,784,Spain,Male,26,10,0.0,2,1,0,160455.86,0
6786,770,France,Female,23,1,107900.33,2,1,1,90618.51,0
6787,679,Germany,Female,21,1,66684.2,1,0,1,104648.48,1
6788,574,France,Male,28,9,0.0,1,1,0,169563.53,1
6789,673,Germany,Female,57,8,105247.93,2,1,1,158600.96,0
6790,735,France,Female,23,0,185591.73,2,1,0,81877.83,1
6791,563,Germany,Female,18,10,161909.74,2,1,0,195488.52,0
6792,653,France,Female,22,0,118778.47,2,0,1,31057.23,0
6793,642,Germany,Male,29,1,77797.44,2,1,1,57355.13,0
6794,553,Spain,Male,33,3,0.0,1,1,0,9102.4,0
6795,559,Germany,Female,18,5,0.0,2,1,0,116858.33,0
6796,696,France,Male,41,6,0.0,1,1,1,31253.0,0
6797,733,Germany,Male,30,5,124532.0,2,1,1,189621.52,0
6798,705,Spain,Female,50,7,77425.84,1,1,0,117358.94,0
6799,712,France,Male,42,9,0.0,1,0,1,68249.72,0
6800,635,France,Female,67,6,93392.38,1,1,1,103570.44,0
6801,509,Spain,Male,61,9,74499.77,1,0,0,142032.05,0
6802,611,France,Male,58,0,44484.45,1,1,1,113613.12,0
6803,577,Germany,Female,31,9,0.0,1,1,1,134834.75,0
6804,636,Germany,Male,37,4,118489.08,2,1,0,102477.88,0
6805,810,France,Male,33,5,112045.62,1,1,1,190497.29,0
6806,481,Germany,Female,50,7,121350.16,1,0,0,5656.86,1
6807,527,France,Male,25,2,161996.2,2,0,1,21259.31,0
6808,647,Germany,Female,21,3,104392.9,1,0,1,27816.42,0
6809,790,France,Female,20,4,136261.38,1,1,1,111038.47,0
6810,707,Germany,Female,36,8,122380.96,2,1,0,197416.63,0
6811,526,Germany,Male,33,7,91732.3,2,1,1,196374.36,0
6812,579,France,Male,39,4,0.0,1,1,0,12341.61,0
6813,780,France,Male,39,6,0.0,2,1,1,11251.86,0
6814,614,Germany,Male,21,5,181160.26,1,1,0,172931.55,1
6815,677,Germany,Male,33,2,109080.82,1,0,0,18937.26,0
6816,751,Spain,Male,37,8,0.0,1,1,1,38679.09,0
6817,745,Germany,Female,40,2,0.0,1,0,1,189498.19,0
6818,562,Germany,Male,20,4,53280.29,1,0,1,165595.18,0
6819,650,France,Female,27,3,9122.58,1,1,0,157574.22,0
6820,490,France,Male,40,9,59763.29,1,1,1,5942.44,0
6821,577,France,Female,28,7,0.0,1,0,1,169182.54,0
6822,434,France,Male,31,4,171250.66,1,0,0,50627.06,0
6823,635,France,Male,42,1,167457.42,2,0,1,61519.87,0
6824,544,Spain,Male,37,10,75111.14,2,0,0,27487.6,0
6825,649,Spain,Female,29,3,0.0,1,1,1,92764.25,0
6826,632,Spain,Male,40,6,83902.59,2,0,1,76932.04,0
6827,771,Germany,Male,36,0,98531.24,1,1,1,116837.88,1
6828,683,France,Female,48,8,0.0,2,1,0,151807.04,0
6829,682,Germany,Female,18,2,70551.68,1,1,0,93209.06,0
6830,524,France,Male,29,7,114670.61,1,1,0,104595.52,0
6831,658,Spain,Female,32,10,0.0,2,1,1,140276.4,0
6832,768,Spain,Male,44,2,82809.92,1,0,0,133391.66,0
6833,677,France,Male,27,7,250000.0,2,1,1,52475.58,0
6834,619,France,Male,34,9,119936.84,2,0,1,108513.29,0
6835,717,France,Male,33,3,52743.43,1,1,0,70082.13,0
6836,647,Spain,Female,80,3,0.0,1,1,0,16511.74,0
6837,657,France,Female,28,4,0.0,1,1,1,26773.08,0
6838,582,Germany,Male,52,10,0.0,2,1,0,180688.74,0
6839,782,France,Male,23,10,0.0,2,1,0,170016.18,0
6840,523,France,Male,28,0,0.0,3,1,0,47034.47,0
6841,536,France,Male,27,4,102306.94,1,1,0,196869.19,0
6842,593,France,Female,43,0,112708.85,2,1,0,38822.79,0
6843,701,Germany,Female,39,1,37777.04,2,1,0,119685.38,0
6844,748,Germany,Male,34,5,96239.31,1,1,1,196270.56,0
6845,514,Spain,Male,29,7,103515.28,2,0,1,60307.06,0
6846,579,France,Female,43,10,195038.73,2,1,1,71738.78,0
6847,650,Germany,Male,51,4,151844.66,2,1,0,197808.13,1
6848,752,France,Male,34,5,213449.23,1,1,1,10958.52,0
6849,452,France,Male,20,4,34943.32,2,0,0,155972.22,0
6850,690,France,Female,30,0,105234.66,2,1,1,190786.21,0
6851,564,Spain,Male,56,0,69320.41,1,1,1,96172.42,0
6852,629,Germany,Female,36,0,34350.64,2,1,1,98664.35,0
6853,637,France,Female,35,7,0.0,1,1,0,2245.87,0
6854,655,France,Male,31,1,118854.89,2,1,0,137547.5,0
6855,776,France,Female,35,3,205178.16,1,1,0,13666.78,0
6856,664,Spain,Female,44,9,0.0,1,0,0,112879.63,0
6857,637,Germany,Male,47,1,81555.97,1,0,0,59772.05,1
6858,557,France,Male,22,4,118415.09,2,1,1,166770.74,0
6859,719,France,Female,37,5,154477.38,2,0,1,136631.84,0
6860,670,Germany,Male,26,0,23493.9,2,1,0,127268.59,0
6861,741,France,Female,35,3,0.0,1,1,1,151799.26,0
6862,687,France,Male,40,0,0.0,1,0,0,147603.7,0
6863,573,France,Female,38,4,0.0,1,1,1,18416.64,0
6864,545,Spain,Male,50,3,0.0,2,0,0,45300.68,0
6865,530,France,Female,38,7,106599.03,1,1,1,24294.87,0
6866,693,Germany,Female,30,3,0.0,1,1,0,167330.87,0
6867,565,Spain,Female,39,8,104795.2,1,1,0,154073.09,0
6868,650,Spain,Female,30,3,168793.48,2,1,1,33769.78,0
6869,617,Spain,Male,78,3,154497.34,2,1,1,112894.36,0
6870,671,France,Female,34,10,80858.45,1,1,0,85272.0,0
6871,602,Spain,Male,27,2,0.0,2,0,0,105496.17,0
6872,772,France,Male,38,5,59794.72,2,1,0,183955.6,0
6873,712,France,Male,18,0,107359.71,1,1,1,51641.26,0
6874,638,France,Male,22,6,0.0,2,0,0,161384.15,0
6875,502,Germany,Male,23,10,110235.02,1,0,1,121304.9,0
6876,689,Germany,Male,36,10,46313.32,2,1,1,83236.46,0
6877,615,France,Male,28,3,109737.11,2,0,0,145118.99,0
6878,646,Spain,Female,31,5,0.0,1,1,1,167089.12,0
6879,573,Germany,Female,20,6,71685.85,1,1,0,153776.62,0
6880,628,France,Female,27,6,115012.79,1,0,1,107826.31,0
6881,718,Spain,Male,37,6,0.0,1,0,1,149030.98,0
6882,658,France,Female,34,7,0.0,1,0,0,55921.05,0
6883,503,Spain,Male,18,8,178139.64,2,1,1,81864.21,0
6884,816,Germany,Male,26,8,137595.87,2,1,0,119728.57,0
6885,547,Spain,Male,48,10,97715.08,1,1,1,20629.9,0
6886,836,Germany,Female,46,10,89346.96,1,1,1,189758.54,0
6887,721,France,Female,49,8,115344.36,2,1,0,70583.02,0
6888,616,France,Female,47,0,0.0,1,1,0,70683.67,0
6889,677,Germany,Male,18,9,62535.86,2,1,0,51206.59,1
6890,652,France,Female,32,5,0.0,1,1,1,189701.43,0
6891,589,France,Female,21,7,107281.07,2,1,1,199658.53,0
6892,542,France,Female,24,10,191213.08,2,0,1,47420.68,0
6893,487,Germany,Female,35,0,110091.23,2,1,0,99796.41,0
6894,483,Germany,Female,52,2,218004.7,2,0,1,50661.38,0
6895,631,Spain,Male,32,0,113950.0,1,1,1,116154.7,0
6896,470,France,Female,33,10,0.0,2,1,0,11045.2,0
6897,798,France,Male,33,3,127089.16,4,1,0,137991.54,1
6898,610,Spain,Male,21,1,198233.78,2,0,1,115050.21,0
6899,503,France,Female,38,3,0.0,1,1,0,73348.66,0
6900,617,France,Male,47,4,0.0,1,1,1,183935.16,0
6901,514,Germany,Male,32,10,137470.67,2,1,0,80383.79,0
6902,755,Spain,Male,36,1,0.0,2,1,1,162858.63,0
6903,647,France,Female,18,2,0.0,1,1,1,161745.41,0
6904,631,France,Female,31,3,120872.54,2,1,0,15946.56,0
6905,532,Spain,Male,49,0,0.0,1,1,1,155757.6,0
6906,681,Spain,Male,27,1,168711.61,1,1,0,69286.11,0
6907,599,Spain,Male,33,9,116374.64,1,0,1,135602.82,0
6908,839,Germany,Female,58,3,0.0,1,1,0,48348.26,0
6909,521,Spain,Female,48,1,0.0,2,1,1,142855.01,0
6910,794,France,Male,25,10,177026.37,2,1,0,192637.55,1
6911,597,Spain,Female,28,1,0.0,2,1,0,10218.56,0
6912,539,France,Male,51,9,0.0,1,1,1,108289.47,0
6913,482,France,Male,42,1,88721.65,2,1,1,39278.13,0
6914,623,France,Male,36,3,118688.39,2,1,1,80884.37,0
6915,726,France,Male,20,3,0.0,2,1,1,184464.37,0
6916,562,France,Female,41,3,35692.21,1,1,0,164251.07,0
6917,808,Germany,Male,65,8,56240.59,2,1,1,22225.18,0
6918,702,France,Male,28,10,109119.02,2,1,0,11315.43,0
6919,651,Spain,Female,44,9,94216.7,2,1,0,59530.41,0
6920,728,France,Male,44,4,162970.75,2,1,1,50846.09,0
6921,554,Spain,Female,43,7,0.0,2,1,0,91519.66,0
6922,652,France,Female,67,8,0.0,2,0,0,20866.26,0
6923,545,Germany,Female,41,1,0.0,1,0,1,37893.79,1
6924,669,France,Male,57,1,52501.85,2,1,1,122168.76,0
6925,606,France,Male,30,4,103698.39,2,1,1,742.26,0
6926,536,Germany,Female,28,9,0.0,1,1,0,19534.21,0
6927,624,Spain,Male,48,9,0.0,1,1,1,171053.5,0
6928,632,Spain,Male,41,3,81445.4,2,0,0,152747.36,0
6929,630,France,Female,33,2,122715.09,2,1,1,12419.78,0
6930,499,Spain,Male,40,2,102247.85,2,0,0,51783.01,0
6931,686,Germany,Female,21,2,55953.08,1,1,0,15099.87,0
6932,718,France,Female,41,6,0.0,3,1,0,87275.25,0
6933,714,Spain,Female,52,8,85650.08,1,1,0,86247.78,0
6934,542,France,Male,35,8,131276.76,1,1,1,17776.02,0
6935,643,Spain,Female,29,0,153744.82,1,0,1,22788.36,1
6936,647,Spain,Male,28,10,0.0,1,0,0,71040.99,0
6937,678,France,Female,58,10,0.0,2,1,0,196109.15,0
6938,643,France,Female,71,6,0.0,1,1,0,9274.87,1
6939,541,France,Female,28,2,0.0,1,1,0,192876.26,0
6940,739,France,Male,23,5,80804.53,1,0,1,78405.99,0
6941,527,Spain,Male,23,10,198212.12,1,1,0,94280.09,0
6942,701,Spain,Male,54,7,102168.98,1,1,1,113775.81,0
6943,735,France,Female,37,9,0.0,2,0,0,18316.8,0
6944,445,Germany,Male,82,10,91383.84,2,1,1,50149.58,0
6945,614,Spain,Female,35,10,92947.73,2,1,1,131458.97,0
6946,596,France,Female,28,1,129486.31,1,1,1,82714.08,0
6947,805,Germany,Female,44,4,135804.96,1,1,1,50594.8,0
6948,684,France,Female,32,2,138250.09,2,0,1,185949.95,0
6949,787,France,Male,44,9,4188.82,1,1,1,98282.7,0
6950,569,Spain,Female,26,4,0.0,2,1,0,84917.04,0
6951,587,France,Female,37,10,122508.05,2,0,1,178258.65,0
6952,850,Germany,Female,29,1,0.0,2,0,1,167621.68,0
6953,650,Spain,Female,25,5,81726.29,1,0,1,195478.29,0
6954,676,Spain,Male,23,1,118721.24,2,1,0,123049.56,0
6955,782,Spain,Male,37,8,117695.5,1,1,1,142431.88,0
6956,653,France,Female,44,1,0.0,3,1,0,9090.05,0
6957,629,France,Male,35,1,0.0,2,1,0,163815.36,0
6958,655,France,Female,27,8,100690.67,1,1,1,120643.84,0
6959,666,France,Female,58,8,0.0,1,0,0,70641.09,0
6960,822,France,Male,34,3,0.0,1,1,1,89118.05,0
6961,599,Spain,Female,42,9,133614.89,2,1,0,193354.1,1
6962,437,France,Female,27,8,116143.56,1,1,1,61408.96,0
6963,634,Germany,Male,21,5,161393.64,2,0,1,157534.87,0
6964,615,Spain,Male,36,10,13934.63,1,1,1,79404.58,0
6965,695,France,Male,39,10,0.0,2,1,1,138378.39,0
6966,551,France,Female,40,4,39845.61,2,1,0,44175.98,0
6967,672,France,Female,49,7,79891.26,1,0,1,171331.79,0
6968,482,Spain,Female,65,7,18867.48,2,1,0,70342.37,0
6969,656,France,Female,41,3,98207.35,1,0,0,23283.07,0
6970,618,Spain,Female,55,5,0.0,1,1,1,103966.5,0
6971,719,France,Female,41,1,0.0,2,0,0,68469.61,0
6972,740,France,Male,28,1,109906.9,2,1,0,94090.03,0
6973,556,Spain,Male,25,5,0.0,1,1,1,74151.06,0
6974,562,Germany,Female,41,7,0.0,2,1,0,158956.3,0
6975,850,France,Male,30,2,168004.11,2,1,0,38466.32,0
6976,779,Spain,Female,36,6,50850.58,2,1,0,120965.77,0
6977,613,France,Female,28,3,116573.9,1,1,0,178896.64,0
6978,680,France,Female,38,9,44348.54,2,1,1,75593.23,0
6979,606,France,Male,51,9,62365.11,1,1,0,140262.85,0
6980,467,Germany,Male,20,4,58134.25,1,0,1,148238.84,0
6981,663,France,Male,28,1,186060.38,2,1,0,125555.19,0
6982,559,Spain,Male,34,0,39425.92,2,0,0,96682.82,0
6983,765,Germany,Male,18,5,165805.04,1,1,1,132626.68,0
6984,692,France,Male,26,2,179185.2,2,1,1,111375.95,0
6985,495,Germany,Male,31,6,153330.42,1,0,0,24694.75,0
6986,633,Germany,Male,39,0,101949.99,1,1,0,167422.77,1
6987,740,France,Male,20,3,115404.2,1,1,0,41915.63,0
6988,610,France,Male,78,5,133387.66,2,1,0,28209.66,1
6989,728,France,Male,45,5,0.0,1,1,0,147622.22,1
6990,609,Germany,Male,18,9,167102.85,1,0,0,135473.58,0
6991,676,France,Male,47,8,0.0,2,1,0,31579.85,0
6992,775,Germany,Female,61,6,78907.81,1,1,0,67869.33,0
6993,518,France,Female,36,4,166425.88,2,1,1,136450.47,0
6994,800,Spain,Male,41,5,0.0,2,0,1,81331.32,0
6995,603,Spain,Male,38,0,0.0,2,1,1,10256.39,0
6996,619,France,Male,36,8,0.0,2,1,0,43471.42,1
6997,639,Germany,Female,18,0,0.0,2,1,0,49172.35,0
6998,639,France,Female,52,2,82544.17,2,1,0,32744.97,0
6999,765,France,Female,22,4,71175.93,1,0,1,64938.56,0
7000,662,France,Female,48,5,0.0,2,1,0,116663.71,0
7001,609,Spain,Male,49,3,155116.44,2,1,0,127937.67,0
7002,594,France,Female,40,4,22090.94,2,0,0,166171.91,0
7003,635,Germany,Female,39,7,123045.47,1,1,0,40502.14,0
7004,592,Germany,Male,30,9,0.0,1,1,1,119363.56,0
7005,510,France,Male,26,6,0.0,1,1,0,164903.5,0
7006,704,France,Female,20,7,0.0,2,1,0,183389.36,0
7007,501,Spain,Male,35,7,0.0,2,1,1,169324.12,0
7008,541,France,Male,33,0,0.0,1,1,1,86751.33,1
7009,609,Germany,Male,41,4,0.0,2,1,0,89280.79,0
7010,766,Spain,Male,24,1,0.0,2,1,0,11008.81,0
7011,774,Germany,Female,57,2,0.0,2,0,1,71262.34,0
7012,638,Germany,Female,32,5,0.0,2,1,0,175682.16,0
7013,757,France,Female,35,10,169296.59,2,1,0,29207.31,0
7014,552,France,Female,41,1,96489.62,1,0,1,53267.46,0
7015,716,France,Male,30,6,88655.66,2,1,1,31595.71,0
7016,588,France,Male,18,1,37718.41,1,1,0,157395.06,0
7017,732,France,Female,59,7,0.0,1,1,0,72695.11,0
7018,693,Spain,Female,18,10,204714.75,1,1,1,21066.65,0
7019,638,France,Female,27,0,0.0,2,1,0,134240.95,0
7020,703,France,Male,32,1,36899.69,1,1,1,43441.75,1
7021,619,Germany,Male,24,0,199122.34,2,1,1,92484.02,0
7022,682,Germany,Female,28,4,0.0,2,1,0,199475.14,0
7023,745,Spain,Female,43,5,0.0,1,1,1,77217.65,0
7024,598,Spain,Female,27,3,0.0,2,0,1,116561.74,0
7025,687,Germany,Female,42,8,0.0,1,0,0,73849.42,0
7026,850,Spain,Male,35,9,75081.79,2,1,0,194683.07,0
7027,649,Spain,Male,23,3,104429.97,1,0,1,177420.95,0
7028,651,France,Female,27,10,0.0,1,1,0,154536.58,0
7029,694,France,Male,22,3,151956.81,1,1,1,61175.79,1
7030,750,Germany,Female,22,6,93788.73,2,0,0,61507.61,1
7031,509,France,Male,18,7,0.0,1,1,1,181029.58,0
7032,670,Spain,Male,41,4,92476.09,3,1,0,104719.56,0
7033,672,Germany,Male,35,0,113271.78,1,1,1,61219.37,0
7034,657,France,Female,27,1,0.0,1,1,0,78998.92,0
7035,668,Germany,Female,48,0,246112.65,1,1,1,94317.82,0
7036,726,France,Male,28,1,81434.62,1,1,0,113304.68,0
7037,625,Spain,Male,41,2,90173.51,1,0,0,84079.79,0
7038,578,France,Female,25,1,120949.48,2,0,0,65482.7,0
7039,770,Spain,Female,34,4,0.0,1,1,0,71888.28,0
7040,747,France,Female,30,4,156602.69,2,1,0,180792.83,1
7041,674,Germany,Female,51,10,0.0,2,1,0,61941.68,1
7042,677,Germany,Female,34,2,144699.62,2,1,1,79827.27,0
7043,749,France,Male,26,2,214929.83,1,0,1,6101.88,0
7044,683,France,Female,52,7,99909.15,1,1,1,149542.92,0
7045,478,France,Male,27,2,139847.98,1,1,1,21822.27,0
7046,700,France,Female,19,6,155314.66,3,0,1,135110.2,0
7047,772,France,Male,30,7,0.0,3,1,0,27176.57,1
7048,623,Germany,Female,34,7,0.0,2,1,1,65904.21,1
7049,629,Spain,Female,19,8,111901.23,2,0,1,194733.93,0
7050,630,France,Male,33,10,164692.01,2,1,0,81809.63,1
7051,762,France,Male,36,2,84735.36,2,1,0,12394.16,0
7052,554,Germany,Female,18,8,13891.04,1,1,1,182277.98,0
7053,778,France,Female,18,8,150726.97,2,0,1,140063.8,0
7054,706,France,Female,66,3,0.0,2,0,1,49485.38,0
7055,702,France,Male,44,5,100993.99,2,1,0,10808.11,0
7056,600,France,Male,42,3,10324.99,2,0,0,199991.93,0
7057,628,Germany,Female,25,4,0.0,2,1,1,2302.65,0
7058,563,Germany,Male,39,4,0.0,2,0,0,23545.83,0
7059,803,France,Male,45,0,0.0,2,1,1,68988.7,0
7060,573,France,Male,27,5,86208.0,1,0,0,100343.52,0
7061,701,Spain,Male,33,7,108169.57,2,1,0,24073.77,1
7062,557,France,Male,35,10,41024.87,1,0,0,166747.88,0
7063,576,France,Female,53,3,109609.5,1,1,0,113270.91,0
7064,537,Germany,Male,47,3,163917.16,2,0,0,102221.75,0
7065,648,Spain,Male,21,2,100948.6,2,1,0,180294.35,0
7066,591,Germany,Male,27,8,0.0,2,0,1,144891.4,0
7067,814,Germany,Male,31,4,0.0,1,1,1,175985.26,0
7068,592,Spain,Female,58,3,0.0,1,0,0,163321.86,0
7069,709,Spain,Male,23,6,243225.52,1,1,0,167557.01,1
7070,643,Germany,Female,31,1,105354.54,2,0,0,38965.24,0
7071,850,Germany,Male,43,9,0.0,1,1,1,38507.54,0
7072,566,France,Male,33,10,91203.8,2,1,0,39576.94,0
7073,695,Germany,Male,18,7,76532.13,1,0,0,196966.66,0
7074,630,Spain,Female,20,0,144121.89,1,1,0,60839.83,0
7075,691,Spain,Female,33,9,0.0,2,1,0,26392.29,1
7076,480,Spain,Male,37,0,99875.21,2,1,1,168200.57,0
7077,591,Spain,Female,30,3,82920.78,1,1,0,12406.49,0
7078,758,France,Male,21,6,55392.69,1,1,1,49365.61,0
7079,710,Spain,Female,41,4,0.0,2,0,0,144935.44,0
7080,623,Germany,Male,21,10,0.0,2,1,1,46248.88,0
7081,562,France,Female,39,7,25701.7,2,0,0,7253.87,0
7082,582,Germany,Male,25,0,0.0,2,1,0,73058.87,1
7083,567,France,Male,37,9,0.0,1,1,1,157751.8,0
7084,496,France,Male,33,7,0.0,2,0,1,163738.01,0
7085,565,France,Female,44,9,154510.89,1,0,1,169674.29,0
7086,672,Spain,Male,50,1,0.0,1,1,0,43604.61,0
7087,663,Germany,Male,18,8,81378.4,2,1,0,11343.81,0
7088,681,Spain,Female,33,2,0.0,2,0,0,158175.83,0
7089,518,Germany,Male,18,1,82928.18,1,1,0,115234.13,0
7090,620,France,Female,18,0,65725.38,1,1,0,21373.64,0
7091,620,Spain,Male,30,7,106406.36,2,1,0,673.65,1
7092,637,France,Female,31,4,115096.14,2,0,1,167411.16,0
7093,594,Germany,Male,25,9,63674.56,1,1,1,126686.65,0
7094,561,Spain,Male,23,6,146461.54,2,1,1,148006.4,0
7095,796,France,Male,19,8,170708.71,2,1,0,167224.13,0
7096,681,France,Female,27,0,0.0,2,1,1,190427.98,0
7097,474,Germany,Male,22,2,0.0,1,1,0,81521.38,0
7098,659,France,Female,42,5,181009.06,2,1,0,158810.26,0
7099,488,France,Female,34,3,112094.27,1,1,1,55936.96,0
7100,552,France,Female,44,0,100513.0,2,1,1,145545.9,0
7101,658,France,Male,62,9,88169.99,1,0,0,186494.37,1
7102,662,Germany,Male,32,6,0.0,1,1,0,145569.48,1
7103,717,Germany,Male,46,0,0.0,1,1,0,19097.09,0
7104,771,Germany,Male,28,6,178243.6,2,1,0,77671.73,0
7105,537,Germany,Male,47,5,0.0,2,0,0,48968.82,1
7106,816,Spain,Male,53,9,0.0,2,1,0,136320.59,0
7107,670,France,Male,46,3,0.0,1,0,1,156222.45,0
7108,709,France,Female,42,4,234742.41,2,0,1,140895.93,0
7109,663,Spain,Male,28,7,94089.92,1,1,0,129760.17,0
7110,444,Germany,Female,31,1,132100.05,1,0,0,116170.67,0
7111,717,France,Male,37,1,0.0,2,1,0,56648.82,0
7112,629,Spain,Male,38,8,127137.05,1,0,0,144787.94,0
7113,629,Spain,Female,37,7,84220.62,1,0,1,185951.26,0
7114,448,Germany,Male,38,0,140734.01,2,1,1,136859.52,0
7115,651,France,Female,62,0,144558.24,1,0,1,52107.72,0
7116,850,France,Male,42,1,141273.85,2,1,1,88431.3,0
7117,567,France,Male,27,7,102421.44,1,1,0,53027.19,0
7118,793,Spain,Male,34,0,0.0,1,1,1,73497.88,0
7119,674,France,Male,63,6,0.0,1,0,0,1012.43,0
7120,681,Germany,Male,23,10,0.0,2,0,0,196470.04,0
7121,511,Spain,Male,37,3,132576.34,1,1,0,142092.04,0
7122,456,France,Male,31,8,61841.16,2,1,1,84543.78,0
7123,640,France,Male,35,8,206876.22,1,1,0,104312.23,1
7124,725,Germany,Male,53,4,106526.53,2,1,0,88426.61,0
7125,585,France,Male,21,9,116025.23,2,1,0,86131.39,1
7126,611,Spain,Male,36,8,0.0,2,1,1,78492.42,0
7127,675,Spain,Male,29,0,97912.37,1,0,1,84539.05,0
7128,604,France,Male,52,5,40299.12,2,1,1,81143.82,0
7129,588,Spain,Female,29,0,23856.28,1,0,0,32698.1,0
7130,674,France,Female,25,6,139668.23,1,1,1,21260.14,0
7131,610,Germany,Female,44,7,37636.86,1,1,1,50629.19,0
7132,717,Germany,Female,38,9,26953.87,1,0,1,98594.92,0
7133,632,Spain,Male,27,1,0.0,4,1,0,132926.1,1
7134,649,Germany,Female,36,7,0.0,1,1,0,85228.76,0
7135,582,Spain,Male,21,0,85104.54,2,1,1,48421.15,0
7136,546,Germany,Female,69,3,144825.02,1,1,0,80073.83,1
7137,726,France,Female,35,7,134011.13,2,0,0,157314.4,0
7138,571,Spain,Male,50,8,107867.57,4,1,1,42690.4,0
7139,525,Germany,Female,42,7,0.0,2,1,1,117549.39,0
7140,701,Spain,Female,24,7,41109.11,2,1,0,85271.91,0
7141,742,Spain,Female,31,2,83897.15,2,1,0,136462.67,1
7142,834,Germany,Male,25,6,123488.85,2,1,1,135678.41,0
7143,645,France,Male,20,9,0.0,2,0,0,35769.35,0
7144,827,Germany,Female,46,10,128173.99,2,1,0,99150.83,1
7145,790,France,Male,48,3,0.0,2,1,0,182162.81,0
7146,594,Spain,Female,44,2,219993.45,1,1,1,146188.6,0
7147,843,Spain,Male,42,1,119476.87,1,1,1,195905.95,0
7148,641,Spain,Female,25,6,0.0,1,0,1,96822.78,0
7149,821,Germany,Male,46,9,0.0,1,1,1,198797.46,0
7150,635,France,Male,18,7,18952.42,1,1,0,21789.4,0
7151,545,Spain,Male,46,8,0.0,1,0,1,34856.26,0
7152,658,Germany,Male,22,2,125105.07,2,1,0,144123.79,0
7153,779,France,Male,27,1,0.0,2,1,1,79322.12,0
7154,705,Spain,Male,28,4,141707.87,1,0,0,43934.55,0
7155,417,France,Female,47,9,0.0,1,1,1,159535.39,0
7156,788,Spain,Male,46,4,0.0,1,1,0,7160.94,0
7157,802,Germany,Female,42,1,11478.75,1,0,0,171079.75,0
7158,545,France,Male,44,1,102768.42,1,0,1,149974.2,0
7159,448,Germany,Male,43,3,0.0,1,1,1,156626.41,0
7160,564,France,Male,62,6,108458.67,1,0,1,14921.66,1
7161,599,France,Male,40,9,0.0,1,1,1,138891.55,0
7162,715,France,Male,34,0,184809.41,3,1,1,101444.06,0
7163,637,France,Male,35,2,63234.84,1,1,1,19303.47,0
7164,751,France,Male,32,1,0.0,1,1,1,180645.56,0
7165,613,France,Male,56,8,0.0,2,1,0,129215.63,0
7166,672,Germany,Male,44,0,160984.43,1,1,1,75977.54,0
7167,533,Spain,Male,30,8,244377.06,1,0,1,195024.8,0
7168,563,Germany,Male,46,3,0.0,2,0,1,158247.0,0
7169,634,France,Female,28,8,171504.23,2,0,1,134913.99,0
7170,649,France,Female,39,7,132468.76,1,1,1,92039.16,0
7171,581,Spain,Male,47,2,127073.71,1,1,0,92788.31,0
7172,850,Germany,Male,33,3,131577.75,1,1,1,151886.04,0
7173,660,Germany,Male,22,10,61036.22,1,1,0,165500.48,1
7174,573,Germany,Female,48,7,131085.73,2,1,1,147006.67,0
7175,670,Spain,Male,36,7,0.0,2,1,0,73806.89,0
7176,638,France,Male,45,10,0.0,2,1,0,83336.28,1
7177,850,Spain,Female,31,9,89680.14,1,0,1,98124.49,0
7178,650,France,Male,18,1,0.0,1,1,1,31238.43,0
7179,686,France,Male,43,8,22577.82,2,1,1,98157.12,0
7180,726,France,Male,29,7,137963.45,2,0,1,139200.58,0
7181,673,France,Male,44,3,0.0,1,0,0,45990.24,0
7182,552,Germany,Male,18,0,0.0,1,1,0,173016.83,0
7183,636,Spain,Female,34,1,883.2,1,1,1,55137.05,0
7184,724,France,Female,18,8,210970.31,2,1,1,56051.63,0
7185,678,France,Male,37,3,130032.7,2,0,1,4176.65,0
7186,753,France,Male,46,7,0.0,2,1,0,183748.99,0
7187,732,France,Male,34,5,0.0,1,1,0,70270.52,0
7188,546,Germany,Female,32,10,0.0,1,0,0,373.92,1
7189,555,Germany,Female,41,7,148139.81,2,1,1,188913.47,0
7190,562,Germany,Female,33,8,0.0,4,0,0,152210.64,0
7191,651,France,Male,37,5,72571.64,1,1,0,96087.99,0
7192,674,Spain,Female,50,5,110665.21,1,1,0,34124.18,0
7193,730,Spain,Male,35,10,172500.69,1,1,1,43247.79,0
7194,618,France,Female,62,8,205921.88,2,1,0,121818.28,0
7195,528,Spain,Male,43,1,156888.61,1,1,1,60569.18,0
7196,832,France,Female,28,6,0.0,1,1,1,73820.38,0
7197,677,Germany,Female,32,1,0.0,1,1,1,69536.97,0
7198,705,France,Female,61,5,161398.96,1,1,0,147433.47,0
7199,654,France,Female,49,9,107265.89,2,0,0,136753.94,0
7200,850,Spain,Male,31,2,0.0,2,0,1,20740.22,0
7201,613,Germany,Female,31,4,0.0,2,1,0,58781.25,0
7202,717,France,Female,26,9,182991.0,1,1,0,110977.09,0
7203,623,France,Male,31,7,0.0,2,1,0,141273.85,0
7204,721,Germany,Male,28,7,0.0,1,1,1,74809.47,0
7205,547,Spain,Male,28,7,0.0,1,1,1,75355.24,0
7206,670,Spain,Female,38,4,74410.3,2,1,1,16738.23,0
7207,591,Spain,Male,64,0,32522.8,1,0,1,94280.06,0
7208,482,France,Male,19,1,162903.38,2,1,0,74538.55,1
7209,600,Spain,Male,36,5,0.0,2,1,0,59013.77,0
7210,670,Germany,Male,40,4,142146.78,1,1,1,161607.97,0
7211,714,France,Female,26,6,70780.79,1,1,0,130701.81,0
7212,406,Spain,Female,38,7,30069.5,2,0,0,124750.14,1
7213,645,France,Female,38,5,0.0,1,1,0,160030.24,0
7214,787,Germany,Male,36,1,70431.24,1,0,1,145203.02,1
7215,588,France,Female,57,3,0.0,1,0,1,94843.66,0
7216,801,Spain,Female,51,7,0.0,2,1,0,51806.77,1
7217,540,Germany,Male,24,3,145333.22,1,0,0,147997.1,0
7218,449,France,Male,28,5,47265.52,1,0,1,46712.35,0
7219,478,Spain,Male,27,3,196295.19,1,0,0,93350.56,0
7220,594,France,Female,35,8,0.0,2,1,1,48136.71,0
7221,624,Spain,Female,25,0,109432.63,2,1,1,53028.28,0
7222,605,France,Female,53,7,0.0,3,0,0,144109.41,1
7223,515,Germany,Female,36,0,0.0,2,1,0,26852.38,0
7224,634,Spain,Female,29,8,0.0,1,1,1,157400.59,0
7225,365,France,Male,36,9,96252.52,2,0,1,60065.74,0
7226,484,France,Male,34,3,0.0,2,0,1,195600.09,0
7227,631,Spain,Male,27,7,144942.14,1,1,0,121426.95,0
7228,724,Spain,Male,32,6,0.0,1,0,1,58478.81,0
7229,634,France,Female,45,4,250000.0,1,0,0,72705.65,1
7230,724,France,Female,18,7,0.0,2,1,0,168725.97,1
7231,641,Germany,Female,34,7,0.0,2,1,0,189262.64,0
7232,709,Spain,Male,36,1,37445.7,1,1,1,169823.25,0
7233,621,France,Male,34,0,40841.59,2,1,1,20206.81,0
7234,522,France,Male,69,6,43304.78,1,1,0,100651.69,0
7235,733,France,Female,31,9,0.0,2,1,1,163236.23,0
7236,707,France,Male,45,4,162282.29,1,1,1,137955.74,0
7237,791,Spain,Female,42,10,0.0,1,1,0,84183.28,0
7238,583,France,Male,36,4,87818.95,1,1,0,59920.61,0
7239,788,Spain,Female,37,0,0.0,1,0,1,140996.72,0
7240,658,Spain,Male,30,9,0.0,1,0,0,116667.79,0
7241,666,Spain,Male,37,0,61081.39,1,0,1,119904.07,0
7242,603,France,Female,35,3,54590.68,2,0,1,81541.78,0
7243,675,France,Male,24,3,0.0,1,1,0,193156.37,0
7244,453,Germany,Female,44,6,0.0,1,1,0,156320.01,0
7245,612,France,Male,28,0,90218.85,2,0,1,188825.14,0
7246,611,France,Male,32,4,0.0,2,1,0,116064.83,0
7247,637,Spain,Female,28,10,87605.62,2,0,0,69237.63,0
7248,718,France,Female,19,0,107954.8,1,1,0,148576.15,0
7249,635,Spain,Male,23,3,151165.33,1,0,1,38102.8,0
7250,625,France,Male,19,1,147069.57,2,1,1,107433.41,0
7251,850,France,Male,40,2,0.0,2,0,1,169394.9,0
7252,737,Spain,Female,33,5,0.0,2,1,0,163292.89,1
7253,613,Germany,Male,31,8,0.0,1,1,1,106416.4,0
7254,653,France,Male,28,6,0.0,1,1,0,184204.35,1
7255,639,France,Female,34,3,3915.5,2,1,0,109959.29,0
7256,599,Spain,Male,43,9,192230.69,1,0,0,125924.13,1
7257,655,Spain,Male,61,3,10663.64,1,0,0,35145.28,0
7258,625,France,Female,18,4,59653.67,1,1,1,52095.97,0
7259,542,France,Male,38,9,0.0,1,0,1,14104.53,0
7260,548,Spain,Male,24,9,0.0,1,1,0,135917.55,0
7261,682,France,Male,41,5,149493.9,1,0,0,145855.05,0
7262,535,Germany,Female,41,3,153291.93,2,0,1,79057.9,0
7263,572,Spain,Female,51,0,56944.69,1,1,1,126882.91,0
7264,432,Spain,Female,24,3,64260.87,1,1,1,124646.63,0
7265,705,Germany,Female,28,6,114653.41,4,1,1,154053.36,0
7266,643,France,Female,40,7,0.0,1,0,0,177963.48,0
7267,825,France,Male,22,6,143099.05,2,0,1,4113.64,0
7268,673,France,Male,55,5,0.0,1,1,1,91811.86,0
7269,493,Spain,Male,29,5,52648.85,2,1,1,112678.29,0
7270,767,France,Female,31,3,163152.5,2,0,0,184939.3,0
7271,626,France,Male,33,4,73418.82,1,0,0,59213.38,1
7272,630,Spain,Female,44,4,0.0,2,1,0,183756.71,0
7273,756,France,Male,30,8,165825.13,1,1,0,196205.87,0
7274,649,Spain,Male,27,4,209949.99,1,1,1,90256.37,0
7275,578,France,Male,25,4,0.0,1,1,0,167517.61,0
7276,601,Spain,Male,24,5,158094.35,1,0,1,188084.78,0
7277,734,France,Female,26,2,172467.88,1,0,0,93133.29,0
7278,508,Spain,Female,50,5,116261.29,1,0,0,94713.16,1
7279,606,Germany,Female,33,8,0.0,2,1,1,98350.97,0
7280,803,France,Female,31,0,0.0,3,1,0,147066.71,1
7281,607,Germany,Female,45,5,160765.65,2,0,1,116486.43,0
7282,541,Spain,Male,46,4,0.0,2,1,1,5062.55,0
7283,621,Spain,Female,48,7,127633.85,2,0,0,160171.72,0
7284,602,Germany,Female,45,10,61537.05,2,1,1,157451.03,0
7285,697,Germany,Female,36,10,0.0,2,0,1,187632.01,0
7286,620,France,Male,27,9,0.0,1,1,0,132620.9,0
7287,614,France,Female,52,9,100371.3,2,0,0,73388.11,0
7288,661,Germany,Male,54,1,191147.91,2,1,1,52640.83,0
7289,473,France,Male,47,9,129893.82,2,1,0,26124.88,0
7290,646,Spain,Female,34,3,92350.15,1,1,1,197807.06,0
7291,764,Germany,Male,47,5,0.0,1,1,0,117230.78,0
7292,623,France,Female,37,7,161789.69,1,1,0,68318.89,1
7293,383,Spain,Female,29,8,153446.08,2,1,0,114902.65,0
7294,535,Germany,Female,42,10,0.0,1,1,1,176395.27,0
7295,738,Spain,Female,30,6,76823.57,2,1,0,73213.25,1
7296,778,Spain,Female,21,9,80686.19,2,1,0,1256.19,0
7297,629,Spain,Male,22,1,168393.84,1,1,1,3095.38,0
7298,637,Germany,Male,45,3,0.0,2,0,1,156046.39,1
7299,681,Spain,Male,37,4,126915.33,2,0,1,193038.73,0
7300,701,Germany,Female,18,9,132107.31,2,1,1,60999.94,0
7301,614,France,Female,27,0,79312.61,1,1,1,170493.95,0
7302,565,France,Male,43,8,0.0,2,1,1,112126.08,0
7303,635,France,Female,41,10,187153.42,1,0,1,49250.49,0
7304,597,Germany,Male,25,3,144872.55,1,1,1,150921.9,0
7305,755,France,Female,34,4,160006.01,2,1,1,134286.9,1
7306,836,France,Male,21,7,0.0,2,1,0,9579.3,0
7307,618,France,Male,31,1,82456.83,2,1,0,106322.64,0
7308,697,Germany,Male,28,4,126057.1,2,0,0,18345.2,0
7309,748,Spain,Female,34,1,107424.59,2,1,1,170110.81,0
7310,676,France,Female,46,9,110585.03,1,1,1,125540.61,0
7311,783,Spain,Female,30,5,0.0,3,1,0,92342.63,0
7312,710,France,Male,25,3,0.0,1,1,0,78014.55,0
7313,791,France,Female,41,5,247355.05,2,1,0,145067.03,0
7314,715,France,Male,45,2,94035.84,2,0,0,61428.39,0
7315,604,France,Male,18,2,0.0,2,0,0,51313.9,0
7316,548,Spain,Female,20,0,0.0,1,1,1,163961.27,0
7317,427,Spain,Male,53,0,170251.31,2,1,0,34470.6,1
7318,605,France,Male,40,7,0.0,1,1,0,199836.37,0
7319,564,Germany,Male,26,0,96067.25,1,0,1,190701.84,0
7320,609,France,Male,46,6,120758.11,4,1,0,192205.44,0
7321,525,France,Female,35,2,195775.94,1,1,1,77418.71,0
7322,601,Spain,Male,54,9,40480.98,1,1,0,72207.45,0
7323,850,Spain,Female,40,6,0.0,2,1,1,52310.34,0
7324,764,Germany,Male,40,6,77595.5,2,0,0,146064.48,0
7325,696,France,Female,18,7,177054.51,2,1,1,166164.23,0
7326,681,France,Female,30,8,0.0,1,1,0,17154.85,0
7327,526,France,Female,54,6,0.0,1,1,1,141.76,0
7328,588,France,Male,38,10,0.0,4,1,0,113724.53,0
7329,739,Germany,Male,28,9,0.0,2,0,0,78148.49,0
7330,588,Germany,Male,59,4,0.0,2,0,1,185413.28,0
7331,576,France,Male,48,10,54609.6,1,1,1,60108.32,0
7332,690,France,Female,18,0,102940.0,1,1,1,81370.79,0
7333,578,Germany,Female,42,9,151574.65,1,1,1,130520.53,0
7334,639,Germany,Male,39,7,84847.13,2,1,0,127539.56,0
7335,588,Spain,Female,29,0,0.0,2,0,1,126038.6,1
7336,618,France,Male,33,1,0.0,2,1,0,161811.35,0
7337,561,Germany,Female,23,2,120106.87,1,1,1,78334.92,1
7338,684,France,Female,41,9,157619.2,1,1,1,70271.69,0
7339,622,Spain,Male,18,7,0.0,2,1,1,189118.25,0
7340,640,Germany,Male,49,2,0.0,2,1,1,129228.55,0
7341,590,France,Male,65,1,0.0,1,1,0,163098.65,0
7342,715,Germany,Male,63,9,160554.21,2,1,0,137924.58,0
7343,586,Spain,Male,54,1,69978.04,1,0,0,48174.22,1
7344,592,Germany,Male,37,3,214960.75,2,1,0,150722.35,0
7345,602,France,Male,43,1,0.0,2,0,0,90875.88,0
7346,705,Spain,Male,29,3,136953.42,1,1,1,48659.5,0
7347,572,France,Female,44,6,0.0,1,1,1,115099.63,0
7348,767,Germany,Female,29,10,148003.47,1,0,1,13543.17,1
7349,628,Germany,Female,30,8,161765.87,1,1,0,1576.45,0
7350,647,France,Female,21,3,138027.9,1,1,1,142706.14,0
7351,681,Spain,Male,42,3,58426.78,2,1,1,138764.8,0
7352,763,Spain,Female,43,0,11291.67,2,0,1,37602.81,0
7353,646,France,Female,40,6,107037.26,2,0,0,26133.54,0
7354,635,France,Female,34,3,148107.07,1,0,0,170917.18,0
7355,650,Germany,Female,35,6,155112.05,1,1,1,196317.55,1
7356,850,Spain,Female,38,9,0.0,1,1,0,6319.36,0
7357,680,France,Male,31,8,10244.46,1,1,1,14192.89,0
7358,596,France,Male,18,8,0.0,4,1,1,198292.65,1
7359,760,France,Male,26,8,0.0,1,1,0,33937.29,0
7360,592,Spain,Female,23,8,0.0,2,1,0,191499.63,0
7361,580,Germany,Female,32,10,29872.12,1,1,0,165824.74,1
7362,476,France,Male,38,3,84368.34,2,0,1,184147.31,0
7363,850,Germany,Male,46,4,77980.7,2,0,0,117465.21,1
7364,557,Spain,Male,49,6,0.0,1,1,1,137465.64,0
7365,514,Spain,Female,26,4,101790.82,2,1,0,80191.02,0
7366,572,Germany,Female,33,9,77129.84,2,0,1,29037.99,0
7367,644,France,Male,39,9,0.0,2,1,0,27895.08,0
7368,575,Germany,Female,21,5,200661.07,1,0,1,123844.83,0
7369,441,Germany,Female,37,2,144980.02,2,0,1,188586.33,0
7370,639,Spain,Male,38,6,0.0,1,0,1,90729.57,0
7371,692,France,Female,23,8,0.0,4,0,0,116494.12,0
7372,677,France,Female,39,8,0.0,2,1,1,133166.04,0
7373,686,France,Male,23,3,62652.7,2,1,0,93224.11,0
7374,599,France,Female,45,9,0.0,2,1,1,192256.12,0
7375,452,Spain,Female,34,8,36908.97,2,1,1,138977.93,0
7376,767,France,Male,20,8,113254.51,2,1,0,131020.3,0
7377,644,Germany,Male,20,8,0.0,2,0,0,185280.66,0
7378,733,France,Male,18,9,246772.41,1,1,0,23639.89,0
7379,449,France,Female,44,1,57036.61,1,1,1,100805.29,1
7380,721,Spain,Female,46,8,62255.08,2,1,1,155426.94,0
7381,669,Spain,Female,49,0,13136.95,1,1,1,69545.67,0
7382,681,Spain,Male,19,5,124926.56,2,1,1,143732.76,0
7383,841,Spain,Female,31,10,0.0,2,1,1,156015.18,0
7384,850,Germany,Female,28,6,0.0,2,1,1,14829.92,0
7385,565,France,Male,37,9,0.0,2,0,0,165366.5,0
7386,683,France,Male,32,0,237326.1,1,0,0,22139.8,0
7387,642,France,Male,49,3,122864.14,1,1,1,179676.47,0
7388,724,France,Male,69,9,9750.52,1,1,0,164313.58,1
7389,578,Spain,Female,39,4,135448.09,1,1,0,74645.14,0
7390,540,France,Male,20,10,71321.54,1,1,0,65481.44,0
7391,630,Spain,Male,30,2,0.0,1,1,0,1958.53,0
7392,626,Spain,Female,46,9,194627.35,2,1,1,126233.43,0
7393,604,France,Male,64,8,0.0,1,0,1,59898.45,0
7394,729,France,Female,49,6,96826.49,2,1,0,77353.11,0
7395,659,Spain,Female,39,6,33981.77,1,1,1,68442.77,0
7396,712,Germany,Female,26,6,133940.66,2,0,0,54752.57,1
7397,630,Germany,Female,19,6,0.0,2,0,1,173391.44,0
7398,673,Germany,Female,56,5,124011.85,1,1,1,196586.46,0
7399,628,Germany,Female,33,5,0.0,1,0,1,64471.9,0
7400,680,France,Female,33,8,0.0,2,1,0,104775.96,1
7401,575,France,Female,29,6,198980.16,1,1,1,165352.57,0
7402,585,France,Male,35,6,15354.83,2,1,1,182952.07,0
7403,526,France,Female,29,10,59431.4,1,1,1,31459.82,0
7404,785,Germany,Male,51,8,14338.74,3,1,0,143396.12,1
7405,815,Germany,Male,34,0,196459.61,2,1,1,66835.15,0
7406,730,France,Female,42,9,136665.45,1,0,0,15544.44,0
7407,567,France,Male,35,0,52326.23,2,1,1,51408.56,0
7408,638,France,Male,35,5,117997.55,2,1,0,198888.09,0
7409,798,Germany,Male,34,3,0.0,1,1,0,13387.38,0
7410,717,France,Male,45,8,0.0,2,1,0,126135.09,0
7411,681,Spain,Male,26,6,103727.82,2,1,1,192534.4,0
7412,578,France,Female,65,4,52770.95,1,1,1,85574.43,0
7413,622,France,Male,43,7,0.0,1,1,0,181665.87,0
7414,807,France,Female,38,10,0.0,2,1,0,37479.38,1
7415,613,France,Male,27,4,0.0,1,1,0,13408.4,0
7416,675,Spain,Female,30,2,111811.08,1,0,1,93689.3,1
7417,592,France,Female,37,1,133607.07,1,1,1,53221.42,0
7418,548,Spain,Female,39,2,60019.82,2,0,1,180978.56,0
7419,510,Spain,Female,36,0,0.0,1,0,1,54326.79,0
7420,520,Germany,Male,48,2,77351.36,1,0,0,130475.21,0
7421,570,France,Male,30,4,141376.8,1,1,1,132826.84,0
7422,594,France,Male,21,7,130785.95,2,0,1,2722.96,0
7423,622,Germany,Male,32,0,0.0,2,1,1,90870.27,1
7424,419,Spain,Female,22,7,92793.98,1,0,0,180063.1,0
7425,697,France,Male,29,1,146743.71,2,0,1,13219.74,0
7426,548,Germany,Male,29,6,123928.71,1,1,1,29326.13,0
7427,648,France,Male,57,1,68664.77,1,1,0,3092.13,0
7428,654,France,Female,21,3,153162.3,1,0,1,45946.95,0
7429,850,Germany,Female,29,5,53940.74,2,1,0,128714.19,0
7430,791,Spain,Female,49,0,0.0,2,1,1,167769.43,0
7431,366,Spain,Male,20,4,83083.07,3,1,0,126518.81,0
7432,738,Spain,Female,28,2,0.0,2,1,1,168428.34,0
7433,701,Spain,Male,57,3,0.0,2,1,0,19062.62,0
7434,692,France,Male,20,2,25354.17,2,1,1,36882.27,0
7435,661,France,Male,42,9,89149.53,2,0,0,63834.85,0
7436,687,Spain,Male,32,5,56827.21,2,1,0,83614.53,0
7437,679,France,Female,34,8,56020.19,3,1,1,1378.18,1
7438,541,France,Male,22,0,0.0,1,0,0,91725.4,0
7439,695,Germany,Female,27,5,59193.2,1,1,1,188222.71,0
7440,590,France,Male,37,10,44147.22,2,0,0,149269.94,0
7441,594,Spain,Female,21,2,104466.4,1,0,0,38036.53,0
7442,580,France,Male,18,7,13730.59,2,1,1,99838.15,0
7443,748,France,Male,23,4,0.0,1,1,0,111285.19,1
7444,782,Spain,Female,29,3,0.0,2,1,0,144846.45,0
7445,650,Spain,Male,18,5,107584.67,2,1,0,127700.6,0
7446,775,Germany,Male,46,0,76925.53,1,1,0,112864.3,1
7447,536,Spain,Female,29,6,12536.75,2,1,0,107935.28,0
7448,454,France,Male,41,10,95607.34,2,1,1,52461.66,0
7449,719,Germany,Male,34,3,109227.55,1,1,1,148183.2,0
7450,748,Spain,Female,29,4,167429.56,1,1,0,65015.87,0
7451,792,France,Female,27,6,94324.56,1,0,1,58675.25,0
7452,710,Germany,Male,31,8,0.0,2,1,0,190382.17,0
7453,549,Spain,Female,28,2,0.0,2,1,0,93687.4,0
7454,743,France,Female,26,2,162982.91,2,1,0,112732.72,0
7455,643,France,Female,54,1,0.0,2,1,0,116961.74,0
7456,602,France,Male,57,8,124425.01,2,0,0,88764.32,1
7457,606,Germany,Male,40,4,0.0,2,1,1,84032.28,0
7458,643,Spain,Male,36,10,74150.4,2,1,0,140770.74,0
7459,677,Spain,Female,41,3,79956.7,1,1,1,112543.59,0
7460,603,France,Male,38,10,0.0,1,1,1,112028.61,0
7461,556,France,Male,57,4,0.0,2,0,0,188981.91,0
7462,718,Germany,Female,21,7,0.0,2,1,1,79943.45,0
7463,429,Spain,Female,43,3,133187.74,1,1,0,152255.98,1
7464,750,Spain,Female,26,7,108223.74,2,1,0,175376.51,0
7465,630,Spain,Male,37,0,127085.08,3,0,0,25873.17,1
7466,433,France,Female,30,6,173100.7,2,1,1,125373.97,0
7467,831,France,Male,51,5,233179.91,2,0,1,173802.38,0
7468,577,France,Male,18,10,72047.93,1,1,1,108581.53,0
7469,729,France,Female,34,1,106596.19,3,0,1,125105.08,0
7470,658,France,Female,63,4,0.0,2,0,1,61035.34,0
7471,691,Germany,Male,79,0,144043.53,2,1,0,69898.61,0
7472,776,Spain,Female,38,0,130842.31,2,1,1,121104.47,0
7473,525,Germany,Male,63,0,0.0,1,1,1,102897.6,1
7474,730,France,Female,33,8,0.0,2,1,1,40981.78,0
7475,742,Germany,Male,52,8,148120.94,1,1,1,29517.59,0
7476,617,Germany,Female,29,8,83770.98,1,1,1,188024.53,0
7477,607,Germany,Male,71,5,99542.76,1,1,1,89172.31,0
7478,701,Spain,Female,35,0,0.0,1,0,1,40570.48,0
7479,564,France,Female,30,0,135997.28,1,1,0,128176.35,0
7480,631,Spain,Female,33,5,89241.65,1,0,1,15845.84,0
7481,627,France,Male,49,2,34667.88,2,0,1,60066.33,0
7482,700,Spain,Female,33,0,28363.33,1,1,1,60004.92,0
7483,723,France,Male,55,8,0.0,2,1,1,181678.97,0
7484,703,France,Male,36,2,0.0,1,1,0,139969.88,0
7485,565,France,Male,23,6,74491.18,1,0,0,114830.8,1
7486,594,France,Female,48,7,0.0,1,0,1,28962.82,0
7487,850,Germany,Male,40,6,117901.67,2,1,1,187120.81,0
7488,717,France,Male,27,9,0.0,2,0,1,118665.08,0
7489,850,France,Female,26,6,15299.11,1,1,1,64115.92,0
7490,735,Germany,Female,38,7,0.0,2,0,0,56702.44,0
7491,484,France,Male,35,3,0.0,2,1,1,126014.8,0
7492,675,France,Female,26,8,0.0,2,0,0,61713.79,0
7493,643,Germany,Female,28,7,134144.82,2,1,0,26864.9,0
7494,764,France,Female,33,5,170073.51,1,1,1,55598.49,1
7495,621,Germany,Male,80,8,0.0,2,0,1,131785.57,0
7496,543,France,Male,28,4,92892.08,2,1,1,109200.91,0
7497,625,France,Male,30,5,0.0,2,0,0,1601.47,1
7498,678,Spain,Male,18,4,0.0,3,1,0,3593.29,0
7499,451,France,Male,20,7,75902.46,1,1,1,375.86,0
7500,790,Spain,Female,40,8,0.0,3,1,0,90578.06,0
7501,628,France,Male,39,10,156312.71,2,1,1,66719.31,0
7502,760,France,Female,53,2,0.0,2,1,1,65872.87,0
7503,540,Spain,Male,62,5,0.0,1,1,0,51556.04,1
7504,751,Germany,Male,54,1,0.0,1,1,1,55992.61,0
7505,827,Spain,Female,20,0,65457.29,1,0,0,74394.34,1
7506,527,France,Male,36,3,147543.48,2,1,1,56624.43,0
7507,749,France,Male,38,2,80790.57,1,1,0,75407.28,0
7508,698,France,Male,55,2,0.0,1,1,1,176826.73,0
7509,814,Germany,Male,41,6,182957.54,2,1,0,117979.11,0
7510,792,France,Male,38,9,14664.36,1,1,0,76662.99,0
7511,650,France,Female,30,3,0.0,2,0,1,103885.11,0
7512,602,France,Male,47,7,121508.79,2,1,0,140676.05,0
7513,517,France,Male,20,3,250000.0,2,1,0,50321.53,0
7514,577,France,Female,27,6,0.0,2,1,0,12475.54,0
7515,749,France,Male,18,2,24328.55,2,1,0,174091.42,0
7516,580,Spain,Female,44,2,36843.03,2,1,1,98548.9,0
7517,586,Germany,Male,46,10,0.0,1,1,1,17140.46,0
7518,616,France,Female,25,2,0.0,3,0,0,37712.21,0
7519,625,France,Male,41,5,134947.58,1,0,1,71696.62,0
7520,788,Spain,Male,44,6,0.0,2,1,1,184138.23,0
7521,612,Spain,Male,41,4,0.0,1,1,1,15751.0,0
7522,652,France,Female,30,0,0.0,1,0,1,18913.37,0
7523,723,Germany,Male,58,3,27188.56,1,1,0,160626.17,1
7524,744,France,Male,47,6,0.0,2,1,0,160152.7,0
7525,674,Germany,Female,18,2,158272.76,1,1,1,145333.34,0
7526,733,France,Male,44,1,0.0,2,1,1,26233.97,0
7527,563,France,Female,42,0,66896.06,1,1,1,58790.51,0
7528,713,Spain,Male,31,10,174915.21,2,1,0,168666.29,0
7529,768,Spain,Male,28,8,154416.35,1,1,0,78979.4,0
7530,672,France,Male,32,8,0.0,2,0,1,136971.81,1
7531,676,France,Female,35,3,0.0,1,1,0,68861.03,0
7532,611,France,Female,36,4,30975.26,1,0,0,146.03,0
7533,830,Germany,Male,18,0,0.0,2,1,1,163760.5,0
7534,630,France,Male,34,8,92394.72,2,1,0,23030.28,0
7535,646,France,Male,25,1,70778.08,2,1,0,100180.58,0
7536,537,Spain,Female,38,7,0.0,1,1,0,140038.5,0
7537,669,Germany,Female,27,4,0.0,1,0,0,76632.49,1
7538,573,France,Male,51,8,71261.9,1,0,1,93940.16,1
7539,700,Germany,Female,24,10,61914.09,2,0,0,168731.86,0
7540,654,France,Female,25,9,0.0,2,1,0,45226.02,0
7541,805,Germany,Male,26,2,0.0,2,1,1,175532.29,0
7542,791,France,Female,33,2,70821.48,1,1,0,121560.1,1
7543,639,Germany,Male,18,4,0.0,1,1,1,149233.95,0
7544,655,Germany,Female,31,2,0.0,1,1,1,39511.7,1
7545,732,Spain,Male,37,9,105151.71,1,1,0,150074.36,1
7546,606,France,Female,23,6,99431.58,2,1,0,138621.1,0
7547,632,Spain,Male,38,1,19711.61,1,1,1,133282.59,0
7548,671,France,Male,28,1,0.0,1,1,0,9990.16,0
7549,565,Germany,Female,43,10,120601.06,1,0,1,174941.53,0
7550,537,France,Male,34,1,0.0,2,0,0,128518.24,0
7551,419,Germany,Female,53,7,97736.37,1,0,0,138423.98,0
7552,589,France,Female,36,9,85115.39,2,1,1,122759.3,0
7553,544,France,Female,41,3,96613.27,2,1,0,109106.24,0
7554,801,France,Female,31,9,0.0,1,1,0,116319.56,0
7555,540,France,Female,34,7,0.0,1,1,1,53812.31,0
7556,646,Germany,Female,26,0,0.0,2,0,0,91469.7,0
7557,472,France,Female,37,4,0.0,1,0,1,81898.12,0
7558,764,Germany,Male,39,8,127192.08,1,0,1,51266.52,0
7559,547,Germany,Female,43,7,127522.51,1,1,1,154580.24,0
7560,692,Spain,Female,37,5,89246.99,1,0,0,155065.43,1
7561,770,France,Male,39,10,0.0,2,1,1,23198.71,0
7562,759,France,Female,60,7,0.0,2,1,0,15049.89,0
7563,705,France,Male,35,7,0.0,2,1,1,172575.43,0
7564,605,France,Female,18,1,0.0,2,1,0,90816.24,0
7565,697,France,Male,24,6,7146.67,1,1,0,186616.81,0
7566,545,France,Female,40,7,121372.2,2,0,0,53784.6,0
7567,647,Germany,Male,43,2,72059.88,2,1,0,187287.1,0
7568,653,France,Female,35,9,0.0,1,1,1,102404.26,0
7569,812,Spain,Female,30,1,45094.31,1,1,1,34704.76,0
7570,757,France,Female,46,3,124695.67,2,1,1,68525.99,0
7571,723,France,Male,61,3,148119.57,1,1,0,194952.46,1
7572,537,Germany,Male,52,9,76375.35,1,1,0,25500.91,0
7573,637,France,Male,32,1,0.0,2,0,1,169780.87,0
7574,427,Spain,Female,29,7,164785.57,1,0,0,167026.34,1
7575,464,Germany,Male,42,7,54875.3,1,1,1,93976.57,0
7576,649,Germany,Male,32,10,88229.26,2,1,1,21790.61,0
7577,753,Spain,Male,62,2,0.0,2,1,0,167819.91,0
7578,637,France,Male,24,6,85835.0,2,1,0,85211.82,0
7579,714,Spain,Female,19,6,144715.33,2,1,1,107853.18,0
7580,850,Spain,Male,45,7,0.0,2,1,0,133993.27,1
7581,573,Germany,Male,28,1,158826.15,2,1,0,87324.6,0
7582,664,Spain,Male,70,5,99729.35,2,1,1,5282.3,0
7583,625,France,Female,43,7,0.0,1,0,0,59776.23,0
7584,656,Germany,Male,39,0,60371.64,2,1,0,22111.83,0
7585,793,France,Female,42,4,0.0,2,1,1,139583.55,0
7586,575,France,Female,45,7,97479.04,1,1,0,103685.7,0
7587,755,France,Male,26,9,0.0,1,0,1,7322.86,0
7588,704,Spain,Male,37,1,76428.78,1,1,1,83623.39,0
7589,850,France,Male,37,10,0.0,2,1,1,83521.18,1
7590,702,France,Male,23,8,0.0,1,1,0,48260.36,0
7591,688,France,Female,51,4,201893.87,1,1,1,120465.26,0
7592,697,France,Male,39,2,165001.84,2,1,1,112190.4,0
7593,766,France,Male,46,10,111348.6,2,1,0,94592.82,0
7594,670,Germany,Female,27,3,55538.1,1,0,1,26741.05,1
7595,751,Spain,Male,31,1,0.0,1,1,1,157018.2,0
7596,789,Spain,Male,18,8,66799.5,2,1,1,54129.04,0
7597,706,Germany,Male,43,6,95781.78,1,1,1,180516.18,0
7598,596,Germany,Male,26,5,0.0,2,0,1,81899.04,0
7599,528,France,Female,21,9,0.0,2,1,1,84851.22,0
7600,700,France,Male,27,3,116251.72,1,1,1,93668.47,0
7601,727,Germany,Male,51,7,142785.75,1,1,0,44812.75,0
7602,446,Germany,Male,46,2,0.0,1,1,0,66584.71,0
7603,586,France,Female,66,1,94454.99,1,0,0,109844.85,0
7604,679,France,Female,27,6,73123.66,2,1,1,68595.78,0
7605,611,Spain,Female,27,8,82548.73,1,1,1,1768.6,0
7606,762,Spain,Female,54,7,0.0,1,1,1,85073.41,0
7607,628,France,Female,30,9,0.0,2,0,1,44657.54,0
7608,672,Germany,Male,29,8,134074.34,1,0,0,86562.22,0
7609,850,France,Female,26,7,0.0,1,0,1,179368.6,0
7610,628,Germany,Female,30,4,0.0,1,1,0,183085.32,1
7611,790,France,Male,19,8,0.0,1,1,1,85747.96,0
7612,675,France,Male,19,10,134926.37,2,1,1,64338.98,0
7613,559,France,Male,36,0,0.0,2,0,0,3895.67,0
7614,567,France,Male,24,7,53899.14,1,1,1,103070.12,0
7615,523,France,Male,26,5,0.0,1,0,0,121706.04,0
7616,560,France,Female,59,7,141801.5,2,0,1,38323.76,0
7617,728,France,Male,50,7,0.0,1,1,1,129676.47,0
7618,699,France,Male,34,4,0.0,1,1,1,76272.5,0
7619,721,Germany,Female,28,5,1891.36,1,0,0,4740.32,0
7620,635,France,Female,45,9,86901.61,1,1,0,3537.08,0
7621,536,France,Female,19,6,108910.53,2,0,0,154768.01,0
7622,645,France,Female,32,9,190060.23,2,0,1,129745.39,0
7623,626,Spain,Female,34,4,104340.39,2,0,0,76623.68,0
7624,769,Spain,Male,31,4,151436.23,2,1,1,140821.88,0
7625,619,France,Female,36,1,0.0,2,1,0,80765.63,0
7626,654,France,Male,35,6,0.0,1,1,1,100768.18,0
7627,691,Germany,Male,37,2,140941.93,1,0,0,98280.0,0
7628,661,Spain,Male,38,3,12445.44,2,1,1,126868.28,0
7629,691,Germany,Male,34,2,144673.69,2,0,0,79131.03,1
7630,782,France,Male,26,2,44019.01,1,1,0,184680.05,0
7631,434,Germany,Female,30,5,22417.51,2,0,0,140591.61,0
7632,837,France,Male,35,0,73985.19,1,1,0,143978.54,0
7633,753,Spain,Male,44,6,133300.11,2,1,1,180484.37,0
7634,493,Spain,Male,29,0,90020.79,1,1,1,104442.41,0
7635,759,France,Female,51,9,0.0,1,1,1,32242.73,1
7636,601,France,Female,34,7,71063.83,1,1,0,82575.92,0
7637,721,Spain,Male,37,1,71470.33,2,1,0,77801.82,0
7638,699,Germany,Female,32,7,73512.45,1,1,0,82315.07,0
7639,714,Germany,Male,39,0,0.0,2,1,1,15220.67,0
7640,716,Germany,Male,76,1,139215.46,2,0,1,22880.67,0
7641,698,Spain,Female,21,3,0.0,1,0,1,3824.49,0
7642,761,France,Female,31,5,0.0,2,0,0,59706.71,0
7643,676,Germany,Male,61,7,73901.78,1,1,0,89453.73,0
7644,830,France,Male,39,3,0.0,1,1,0,13038.62,0
7645,583,Germany,Male,45,8,139538.96,1,1,1,5534.42,1
7646,509,Spain,Female,80,8,0.0,1,0,1,178477.34,0
7647,577,Germany,Female,34,2,0.0,3,1,1,177462.75,1
7648,700,France,Male,41,7,65541.33,2,1,0,39943.81,0
7649,689,Germany,Male,42,10,0.0,1,0,0,69694.93,0
7650,617,Spain,Male,31,6,0.0,1,1,1,111656.27,0
7651,730,Spain,Female,23,9,82741.97,1,0,0,186074.98,0
7652,660,France,Male,33,4,20085.61,2,0,0,8891.94,0
7653,731,France,Female,48,2,135434.29,1,1,0,168173.84,0
7654,759,Spain,Male,21,9,0.0,1,1,1,191118.69,0
7655,850,Germany,Male,68,10,0.0,1,0,1,10776.68,0
7656,512,Spain,Male,41,0,0.0,2,0,0,94655.34,0
7657,656,France,Male,21,10,40258.46,2,1,1,156637.91,0
7658,651,France,Male,23,4,0.0,1,1,0,25337.44,0
7659,770,France,Female,36,10,0.0,2,1,1,2331.72,0
7660,669,Germany,Male,39,9,64140.84,2,1,1,132424.34,0
7661,749,Germany,Male,33,10,87381.49,1,0,1,129621.79,0
7662,563,France,Male,30,9,125762.67,1,1,0,126343.85,0
7663,648,Germany,Female,31,2,81135.57,1,1,1,76682.36,0
7664,671,France,Male,36,3,0.0,2,1,1,183852.82,0
7665,562,France,Male,54,5,81559.35,2,0,1,93166.43,0
7666,700,France,Male,41,2,0.0,1,1,1,78659.19,0
7667,510,Germany,Male,24,1,0.0,2,0,1,15265.88,0
7668,543,France,Male,22,7,0.0,1,1,1,15273.04,0
7669,768,Spain,Male,36,3,70550.91,1,1,1,86610.9,0
7670,486,Germany,Male,41,4,50338.99,1,0,0,18333.28,0
7671,763,France,Male,34,4,0.0,1,1,0,147978.85,0
7672,668,Spain,Male,23,5,0.0,1,1,0,158878.85,0
7673,656,Germany,Female,43,8,97155.12,1,0,0,198598.78,0
7674,716,Germany,Female,26,8,41238.22,2,0,1,195236.86,0
7675,675,France,Male,21,5,0.0,2,0,0,165429.79,0
7676,593,Spain,Male,23,10,0.0,2,1,0,77671.83,0
7677,624,Germany,Male,47,6,0.0,2,1,1,30699.63,0
7678,670,France,Male,30,10,162721.59,2,0,0,65830.65,0
7679,684,Germany,Female,42,8,102682.73,2,1,1,47254.65,0
7680,742,Germany,Female,31,2,18732.68,2,0,1,63920.96,0
7681,768,France,Male,23,2,0.0,2,1,1,96076.91,0
7682,569,France,Male,31,10,190791.0,1,1,1,113359.93,0
7683,676,France,Male,29,1,0.0,1,1,1,160552.48,0
7684,804,Spain,Female,21,4,0.0,1,1,0,76051.56,0
7685,641,Germany,Female,35,4,147138.26,1,1,1,147633.7,1
7686,850,Spain,Male,42,3,0.0,3,0,0,83848.12,0
7687,682,France,Female,46,0,0.0,2,1,1,163735.64,0
7688,669,France,Male,31,10,0.0,1,0,0,148753.73,0
7689,673,Spain,Male,37,2,8112.36,1,1,1,99696.48,0
7690,666,France,Female,66,8,0.0,2,1,0,85477.75,0
7691,599,Germany,Male,31,7,0.0,1,1,0,97407.71,0
7692,540,Germany,Male,23,1,0.0,2,0,1,15807.38,0
7693,713,France,Female,39,10,0.0,1,1,0,192691.97,0
7694,649,France,Female,56,5,0.0,1,0,1,8242.56,0
7695,596,France,Male,41,8,74213.46,2,0,0,127613.62,0
7696,726,Spain,Male,44,2,89334.78,1,1,0,167066.88,0
7697,638,Germany,Male,30,8,99546.39,2,0,0,28455.95,0
7698,660,France,Male,40,9,163086.75,2,1,0,1138.87,0
7699,743,France,Male,20,0,97703.17,1,1,0,161835.54,0
7700,738,Germany,Female,21,10,51903.36,1,1,0,164822.97,1
7701,641,Germany,Female,21,0,0.0,2,0,0,105505.69,0
7702,561,France,Male,32,7,0.0,1,1,0,119572.16,0
7703,595,France,Female,29,5,0.0,2,0,0,167571.3,0
7704,609,France,Male,35,5,0.0,2,0,1,132326.51,0
7705,597,France,Male,22,8,7408.21,2,1,0,33272.54,0
7706,651,Germany,Male,18,4,164180.28,2,0,0,54522.75,1
7707,702,France,Female,22,7,23961.89,2,1,0,167897.08,0
7708,597,Germany,Male,39,4,32841.55,2,1,0,61866.74,0
7709,523,France,Male,31,9,69553.53,1,1,1,157121.01,0
7710,531,France,Female,27,10,97555.36,2,0,1,59305.35,0
7711,825,France,Male,54,10,0.0,1,0,1,57105.62,1
7712,578,France,Male,56,2,101245.15,2,1,1,29872.54,0
7713,722,France,Female,45,0,0.0,1,1,0,54448.07,0
7714,715,Germany,Female,28,5,0.0,2,1,0,188055.53,0
7715,548,Spain,Female,18,0,129145.87,2,1,0,146348.54,0
7716,654,Spain,Male,21,8,20909.59,1,0,1,107139.96,0
7717,613,Germany,Male,34,7,155237.47,2,0,1,28773.92,1
7718,768,France,Male,35,4,0.0,1,1,0,191153.26,0
7719,699,France,Male,18,8,125959.33,2,1,0,199253.46,0
7720,548,France,Female,24,8,159048.12,1,0,1,180292.03,0
7721,784,France,Male,32,4,104122.39,2,0,0,166312.91,0
7722,650,France,Male,41,9,136044.55,2,1,1,132641.13,0
7723,624,France,Male,25,0,125242.75,2,1,0,83086.47,0
7724,657,Spain,Female,36,7,134099.27,3,1,0,91073.16,0
7725,655,France,Female,29,9,126562.59,1,1,1,18191.32,0
7726,580,France,Female,37,5,54290.61,2,1,1,21051.16,0
7727,699,France,Male,34,2,144366.73,1,1,0,88081.38,0
7728,850,Spain,Male,27,2,34036.83,2,0,0,3103.44,1
7729,664,France,Male,24,1,51851.71,1,0,1,92562.72,0
7730,615,France,Female,37,9,92642.1,2,1,1,70808.52,0
7731,550,France,Male,25,1,95177.27,2,1,1,170419.74,0
7732,618,France,Female,36,7,129439.08,1,0,0,44068.88,0
7733,503,France,Female,37,10,0.0,1,0,0,135132.14,1
7734,630,France,Female,42,1,0.0,2,1,0,53732.44,0
7735,642,Germany,Male,23,9,0.0,1,1,1,27654.83,0
7736,778,France,Female,54,4,0.0,2,1,0,139939.87,1
7737,823,Spain,Female,39,7,149297.4,2,0,1,161397.34,0
7738,593,Germany,Female,47,2,0.0,1,0,0,100672.04,1
7739,642,France,Male,43,10,0.0,2,0,0,57660.89,0
7740,569,France,Male,31,1,48266.16,2,1,1,192098.73,0
7741,641,Germany,Female,18,3,0.0,1,1,0,144803.67,1
7742,584,Germany,Male,57,9,34463.5,2,0,0,68206.08,0
7743,592,Germany,Male,18,2,67165.87,2,1,0,40280.98,1
7744,463,Spain,Male,36,5,149953.65,1,0,0,132531.1,0
7745,485,France,Male,18,6,9340.52,1,1,1,171324.63,0
7746,764,Spain,Male,30,4,0.0,1,1,1,76152.73,0
7747,679,Germany,Male,65,2,0.0,2,0,0,163854.71,1
7748,643,Germany,Male,24,5,123013.48,2,1,1,49857.79,0
7749,657,Germany,Male,36,8,148267.29,2,1,1,42780.17,0
7750,719,Germany,Female,21,9,125731.07,2,1,1,193763.02,0
7751,782,Germany,Male,41,1,129916.0,1,1,0,153969.17,0
7752,637,France,Female,19,6,64357.27,2,1,1,185724.0,0
7753,687,France,Male,21,1,0.0,1,1,0,48753.14,0
7754,675,France,Female,40,0,23222.41,1,0,1,43598.13,0
7755,850,Spain,Male,23,4,12507.41,1,0,0,54482.98,1
7756,489,France,Male,24,5,0.0,1,1,0,169195.67,0
7757,562,France,Male,28,6,178078.98,2,0,0,198861.65,0
7758,718,Spain,Male,29,2,0.0,2,1,1,18839.19,0
7759,780,Germany,Female,36,1,62913.69,2,0,1,47303.73,1
7760,630,France,Female,46,8,0.0,2,1,1,115821.1,0
7761,542,Spain,Female,45,10,164297.63,2,0,0,154090.52,0
7762,539,France,Male,54,7,40659.0,1,0,0,77209.87,0
7763,637,France,Male,29,4,129845.71,2,1,0,173705.58,0
7764,595,Germany,Male,46,8,0.0,1,0,0,103242.4,0
7765,648,Germany,Male,59,7,0.0,1,0,0,92272.11,0
7766,693,Germany,Female,25,9,201791.18,2,1,1,17716.29,0
7767,512,Spain,Male,43,5,12485.94,2,1,0,177372.63,1
7768,850,Spain,Female,31,2,47642.02,1,1,0,89941.74,1
7769,653,France,Female,46,2,133427.08,1,1,0,77019.58,0
7770,610,Spain,Male,33,4,0.0,2,0,0,114099.6,0
7771,674,Germany,Male,42,5,139886.27,1,1,1,68467.38,0
7772,591,France,Female,49,10,202164.73,1,0,1,198237.2,0
7773,678,Spain,Male,55,0,0.0,2,1,0,20869.74,0
7774,611,Spain,Female,34,0,143391.11,2,1,1,55361.81,0
7775,621,Germany,Male,37,3,0.0,1,1,0,82601.25,0
7776,582,France,Female,34,1,0.0,2,1,0,163232.01,0
7777,588,Spain,Female,35,3,0.0,1,1,0,34742.98,0
7778,676,France,Female,31,6,86088.96,1,1,0,47331.09,0
7779,699,Spain,Male,43,10,0.0,2,1,1,96994.15,0
7780,636,France,Male,31,3,126118.8,1,0,1,178486.81,0
7781,680,France,Female,54,3,41639.54,2,0,0,23776.83,0
7782,715,France,Male,57,0,119715.08,2,1,1,197003.59,0
7783,834,France,Female,38,5,72390.8,2,1,1,51742.58,0
7784,714,Germany,Female,55,4,0.0,2,1,1,152703.89,0
7785,559,Germany,Male,21,4,130445.07,2,1,0,74721.86,0
7786,725,Germany,Female,38,10,62091.7,2,1,1,47995.54,0
7787,718,France,Female,30,6,48825.18,1,1,0,197554.8,0
7788,646,France,Female,29,10,0.0,2,0,0,110634.88,0
7789,735,Germany,Female,34,9,126222.8,1,1,1,118883.64,1
7790,794,Germany,Female,28,5,0.0,1,1,0,163676.72,1
7791,622,France,Female,52,9,72290.98,2,1,0,113365.76,0
7792,759,Germany,Female,43,1,30518.87,1,1,1,72585.38,0
7793,639,Spain,Female,41,4,140822.27,2,1,1,186412.02,0
7794,682,Spain,Male,28,0,108288.97,1,1,1,112349.09,0
7795,607,Spain,Male,33,4,107130.13,1,1,0,23758.33,0
7796,634,Germany,Male,18,5,0.0,1,1,0,13183.1,0
7797,763,France,Male,28,6,131087.37,1,1,1,73026.39,0
7798,762,France,Female,43,7,370.44,1,0,1,109673.03,0
7799,690,France,Male,20,3,214933.43,2,1,1,31126.06,0
7800,653,France,Male,31,8,190627.26,1,0,0,51912.68,0
7801,691,France,Male,44,5,20538.24,2,1,1,12266.14,0
7802,573,France,Female,34,9,130513.27,1,1,1,95291.71,0
7803,579,France,Female,34,3,0.0,1,0,0,178141.67,1
7804,590,France,Female,43,1,68653.97,2,1,1,127821.99,0
7805,736,Germany,Female,31,6,0.0,2,1,1,26223.52,1
7806,686,France,Female,45,0,137992.96,1,1,1,31461.17,1
7807,680,Germany,Female,18,1,150752.86,4,1,1,95635.67,0
7808,617,Germany,Male,50,3,85902.98,2,0,0,94371.5,0
7809,615,Germany,Female,43,9,99678.9,1,0,0,120672.21,0
7810,850,Spain,Male,40,0,19982.65,1,0,1,34788.46,0
7811,552,Germany,Female,27,1,104131.83,1,1,0,128966.57,0
7812,735,Germany,Male,41,3,0.0,2,1,0,193146.95,1
7813,838,France,Male,53,5,13454.93,1,0,1,98065.39,0
7814,742,Spain,Female,36,4,107881.09,1,0,0,33153.87,0
7815,800,Germany,Female,48,9,147020.31,1,1,0,156525.83,1
7816,594,Germany,Male,33,4,0.0,2,1,0,54025.39,1
7817,625,France,Male,18,3,67557.91,1,1,0,184578.26,0
7818,742,France,Female,35,2,79505.81,2,0,1,169680.07,0
7819,591,France,Male,64,3,162523.78,2,1,0,86685.67,0
7820,591,Spain,Male,33,9,92429.99,2,1,1,104910.39,0
7821,728,Germany,Female,43,5,96625.33,2,1,1,168468.1,0
7822,751,France,Male,52,7,71756.45,2,1,0,122301.12,0
7823,690,France,Female,21,1,0.0,1,1,1,144878.55,0
7824,688,Germany,Male,58,9,134663.07,2,1,1,5705.89,1
7825,606,Germany,Female,53,4,0.0,2,1,1,39301.83,0
7826,605,Germany,Male,38,8,77545.39,2,0,1,9595.37,0
7827,429,France,Male,28,6,121359.4,2,1,1,74977.9,0
7828,736,Spain,Female,36,9,151307.08,1,1,1,37332.64,0
7829,677,Germany,Female,44,4,114716.66,1,1,1,71122.98,0
7830,701,Spain,Male,74,10,0.0,2,1,1,79771.19,0
7831,424,France,Female,33,10,169321.35,1,0,0,180000.22,0
7832,737,Germany,Male,21,0,0.0,2,1,0,16960.79,0
7833,674,France,Female,35,4,0.0,2,1,0,129187.66,0
7834,752,France,Female,36,4,0.0,2,1,1,56931.13,0
7835,596,France,Female,22,1,85010.75,2,1,1,6243.92,0
7836,780,Spain,Female,21,6,0.0,2,1,0,169773.61,1
7837,831,Spain,Female,28,5,71365.06,2,1,1,109981.44,0
7838,680,France,Male,44,7,0.0,3,0,0,177828.47,0
7839,835,Germany,Female,26,8,124087.76,1,1,1,163255.06,1
7840,807,Germany,Female,43,4,172485.97,1,1,1,137279.81,0
7841,607,Spain,Male,53,7,16051.94,2,0,1,9976.01,0
7842,691,Germany,Male,37,0,0.0,1,1,0,37488.55,1
7843,710,Germany,Female,24,10,0.0,1,0,1,98349.97,0
7844,471,France,Female,35,2,127557.04,1,0,0,3807.45,0
7845,850,Spain,Male,38,5,0.0,2,0,0,46091.6,0
7846,612,Spain,Male,46,9,146508.19,1,1,0,45135.34,0
7847,684,France,Female,28,5,0.0,2,1,0,53729.38,0
7848,771,Germany,Female,44,3,0.0,1,0,0,114137.31,0
7849,746,Germany,Male,18,0,0.0,2,0,0,81628.17,0
7850,841,Germany,Male,27,0,98397.12,1,1,0,171975.02,0
7851,717,Spain,Male,44,8,17927.79,2,1,0,144054.05,0
7852,634,Spain,Male,34,3,17005.73,1,0,0,62134.51,1
7853,573,France,Female,20,6,125074.83,1,1,1,179076.18,0
7854,683,Germany,Female,40,2,40365.41,1,1,0,183861.39,0
7855,598,France,Female,34,6,114907.11,1,1,1,112177.41,0
7856,546,Spain,Male,45,6,0.0,2,0,1,38324.43,0
7857,601,France,Male,35,4,142161.07,1,1,1,107937.52,0
7858,744,France,Male,33,8,0.0,2,0,1,14723.98,0
7859,850,France,Female,33,9,0.0,2,1,1,71847.79,0
7860,638,Germany,Female,31,3,144842.42,1,0,1,85362.18,0
7861,754,Spain,Male,52,8,201491.69,1,1,0,95379.4,1
7862,692,Germany,Male,35,1,0.0,2,0,1,165150.9,0
7863,772,Germany,Female,44,5,87277.48,2,1,1,144103.94,0
7864,692,Germany,Male,44,1,116567.62,2,1,0,45527.27,0
7865,797,Germany,Male,39,3,46066.91,2,1,0,132351.02,0
7866,802,Spain,Female,21,0,0.0,2,1,0,170601.22,0
7867,585,Germany,Female,33,10,0.0,1,1,0,2510.42,0
7868,725,Germany,Male,30,8,0.0,2,1,0,160358.69,0
7869,748,France,Female,42,2,0.0,1,0,1,152924.48,0
7870,688,Germany,Female,26,0,0.0,2,1,1,63935.58,0
7871,623,France,Male,63,10,0.0,1,1,0,138769.65,1
7872,692,Germany,Female,33,5,50752.54,2,1,0,196437.28,0
7873,750,France,Male,31,4,0.0,1,0,0,49356.59,0
7874,605,Germany,Female,18,6,0.0,1,1,0,107018.04,1
7875,502,France,Male,21,8,0.0,1,1,0,10087.76,0
7876,677,France,Female,20,9,119528.22,1,1,0,199669.88,0
7877,600,France,Female,56,1,89426.43,1,1,0,31844.07,1
7878,850,France,Male,20,9,65498.42,2,1,0,75974.6,1
7879,695,France,Female,61,1,0.0,2,1,1,28491.73,0
7880,622,France,Male,18,5,0.0,2,1,1,69752.2,0
7881,592,France,Male,18,6,194603.2,1,1,0,198313.44,0
7882,791,Germany,Male,18,2,138485.03,1,0,1,145068.56,0
7883,630,Germany,Male,41,8,0.0,1,0,0,110247.08,0
7884,850,France,Female,20,2,84057.09,1,0,0,3414.59,0
7885,680,Spain,Male,43,7,46821.43,1,0,1,136940.09,0
7886,841,France,Male,29,5,192766.95,1,0,0,21364.07,0
7887,608,France,Female,38,8,126283.93,1,1,0,144296.67,0
7888,577,France,Female,50,8,196029.67,3,0,0,93307.32,0
7889,694,France,Female,25,1,0.0,1,0,1,61599.9,0
7890,668,France,Female,29,8,70882.14,3,0,1,61202.32,0
7891,648,France,Female,30,7,0.0,1,1,1,157559.25,0
7892,706,France,Female,27,2,146160.13,1,1,0,12601.83,0
7893,613,France,Female,20,3,0.0,1,1,1,180543.17,0
7894,751,Germany,Female,38,6,0.0,2,0,1,162993.94,1
7895,742,Germany,Female,35,1,0.0,2,1,0,40431.02,0
7896,850,France,Male,23,6,0.0,2,1,1,162321.62,0
7897,611,Germany,Female,33,9,0.0,2,1,1,89597.27,0
7898,490,Spain,Male,33,7,30685.11,2,0,1,70169.61,0
7899,665,Germany,Male,33,7,131147.11,1,1,1,125277.62,0
7900,434,France,Male,24,6,128387.33,2,1,0,76654.29,0
7901,561,France,Female,30,8,41152.28,1,1,0,31926.49,0
7902,518,France,Male,67,7,0.0,1,1,1,59628.04,0
7903,405,France,Male,45,2,126352.32,1,1,1,7479.74,0
7904,687,Spain,Female,48,5,0.0,1,1,0,15094.63,0
7905,723,Spain,Male,18,4,0.0,2,1,0,97847.76,0
7906,634,Germany,Female,37,5,0.0,2,0,0,31071.25,0
7907,668,France,Male,23,5,0.0,2,1,1,78542.33,0
7908,791,France,Female,19,2,0.0,2,1,1,158113.53,0
7909,750,Germany,Female,59,6,131738.52,1,1,0,8761.68,0
7910,796,France,Male,18,2,0.0,1,1,0,59215.69,0
7911,764,France,Female,25,3,140946.4,1,1,0,58151.99,0
7912,709,Germany,Female,24,2,119634.38,1,1,1,189322.23,0
7913,744,Germany,Male,23,6,66673.28,1,0,0,115990.2,1
7914,685,Spain,Male,21,3,102685.1,1,0,0,16271.99,0
7915,613,Spain,Male,43,4,0.0,2,1,1,154770.58,0
7916,537,France,Female,25,0,93538.17,1,1,1,175493.15,0
7917,605,Germany,Male,51,4,188714.59,2,1,0,16158.32,0
7918,659,Spain,Male,28,7,0.0,2,1,1,111082.16,0
7919,725,France,Male,50,9,71071.7,1,0,0,153586.22,0
7920,667,Spain,Female,38,9,55937.53,1,1,1,53052.68,0
7921,716,Spain,Male,60,6,0.0,2,1,1,53411.32,0
7922,538,France,Male,38,1,173956.47,1,0,1,144593.05,0
7923,594,France,Female,54,7,22988.86,1,0,1,145733.08,0
7924,752,France,Male,36,1,119896.93,2,1,1,75509.59,0
7925,646,France,Female,20,6,0.0,2,1,0,122586.04,0
7926,584,France,Female,30,3,64239.91,2,1,0,47045.45,0
7927,437,France,Male,35,8,22208.88,1,1,0,104780.8,0
7928,628,Spain,Male,33,8,225763.16,1,1,1,143636.47,0
7929,654,Germany,Male,29,2,148134.46,2,1,0,92637.1,0
7930,713,France,Male,39,7,96816.66,2,1,0,79480.81,0
7931,610,Germany,Male,36,0,39325.29,1,1,0,67035.04,0
7932,539,France,Male,45,7,100711.86,1,1,0,174484.13,0
7933,535,France,Male,59,8,0.0,2,1,1,157355.25,1
7934,575,Spain,Male,18,4,0.0,2,0,0,89635.32,0
7935,827,Spain,Male,51,8,70801.69,2,1,0,89884.07,1
7936,843,Germany,Female,47,6,124649.45,2,1,0,82762.21,0
7937,762,France,Male,55,10,0.0,1,1,1,29986.54,0
7938,754,Germany,Male,18,0,53504.84,2,1,0,124503.68,0
7939,670,France,Female,19,4,150622.35,1,1,1,187349.38,0
7940,513,Germany,Male,45,10,138697.11,3,1,1,29194.86,0
7941,768,Spain,Male,47,5,15316.95,2,0,1,104350.37,0
7942,656,France,Male,48,3,137141.13,1,1,0,168767.96,1
7943,625,France,Male,36,8,0.0,1,1,0,84629.81,0
7944,555,Spain,Female,24,3,0.0,1,1,0,164189.51,0
7945,532,France,Female,26,4,0.0,2,0,1,64306.27,0
7946,670,Germany,Female,43,3,125048.79,3,0,1,170438.57,0
7947,728,France,Male,50,3,73130.22,2,0,1,150348.15,0
7948,850,Spain,Female,50,3,0.0,1,0,0,151201.54,0
7949,768,Spain,Male,54,7,16658.2,2,1,0,98775.95,0
7950,788,France,Male,19,0,144391.74,1,0,1,22166.47,0
7951,838,France,Female,31,1,0.0,1,1,1,196418.8,0
7952,604,France,Male,39,3,0.0,1,1,0,44870.55,0
7953,506,France,Female,37,4,78473.05,1,1,0,186105.69,0
7954,654,France,Male,53,3,28802.73,1,1,1,44858.1,0
7955,732,Germany,Female,48,3,0.0,2,1,0,39895.96,1
7956,653,Spain,Female,39,4,135830.17,1,1,0,76518.81,0
7957,770,Spain,Female,29,1,161467.34,1,1,1,141542.72,0
7958,771,Spain,Male,38,3,177858.69,2,1,0,32483.07,0
7959,752,Germany,Female,40,1,116972.29,2,0,0,90722.1,0
7960,697,Germany,Male,18,10,0.0,1,1,0,153674.07,0
7961,662,France,Female,53,6,27407.98,1,0,0,112308.03,0
7962,473,Germany,Male,41,1,120381.16,2,0,1,30245.49,0
7963,637,France,Female,43,6,54481.8,2,1,0,176896.81,0
7964,567,Spain,Male,21,10,38621.28,1,1,0,31314.94,0
7965,627,Germany,Male,45,6,87384.91,1,1,1,30994.84,0
7966,599,France,Female,45,0,160636.6,2,1,0,15441.08,0
7967,624,Germany,Female,38,8,165514.83,2,1,1,23016.48,0
7968,796,France,Female,26,1,0.0,2,0,1,97883.62,0
7969,545,France,Male,42,4,77475.65,1,1,1,45715.24,0
7970,579,France,Male,18,9,0.0,2,0,1,47728.64,0
7971,850,Germany,Male,48,6,0.0,2,1,0,190971.29,0
7972,592,France,Female,38,1,150805.93,2,0,0,36775.41,0
7973,530,France,Male,24,3,0.0,1,0,1,127667.88,0
7974,504,France,Male,44,0,0.0,2,1,0,176896.6,0
7975,762,Spain,Male,33,2,0.0,2,1,0,143389.05,0
7976,733,France,Female,34,4,0.0,1,0,1,142522.95,0
7977,821,Germany,Female,33,9,138507.55,1,0,1,168643.74,0
7978,711,Germany,Female,29,9,37025.22,2,1,0,1385.46,1
7979,577,France,Male,35,8,50092.55,1,1,1,19518.2,0
7980,583,Spain,Male,25,4,90576.69,1,1,0,31679.6,0
7981,673,France,Female,55,0,156471.37,1,0,0,72965.47,0
7982,487,France,Male,28,7,176266.5,1,1,1,151603.32,0
7983,654,Spain,Female,18,4,143600.45,2,0,0,33921.17,0
7984,850,Spain,Female,27,9,0.0,1,1,1,20334.45,0
7985,350,Spain,Male,58,0,0.0,1,0,0,158026.52,0
7986,731,France,Female,46,2,0.0,2,0,1,113269.78,0
7987,586,France,Male,18,5,176567.5,1,1,0,72653.73,0
7988,676,Germany,Female,23,7,0.0,1,1,1,101682.01,0
7989,574,Germany,Male,26,8,0.0,2,1,0,73698.42,0
7990,537,France,Male,30,10,0.0,2,1,0,8347.27,0
7991,834,France,Female,29,10,0.0,1,1,1,32774.6,0
7992,738,Spain,Male,43,6,0.0,2,0,0,68814.16,0
7993,666,Germany,Female,35,5,58028.82,1,0,0,174349.9,1
7994,736,Spain,Female,37,4,0.0,1,0,1,71457.65,0
7995,705,Spain,Male,26,2,0.0,2,0,1,133850.55,0
7996,680,Germany,Female,34,10,63371.14,1,1,1,41514.01,0
7997,548,Spain,Female,29,3,168028.91,1,1,0,106236.32,0
7998,548,Spain,Male,32,5,0.0,2,1,0,147902.35,0
7999,751,France,Female,29,10,0.0,2,1,0,83348.83,0
8000,582,France,Male,30,3,97674.85,2,1,0,50366.78,0
8001,431,France,Female,36,4,0.0,1,1,0,153795.56,1
8002,602,France,Male,37,9,155155.22,1,0,0,56079.33,0
8003,674,Germany,Male,39,3,126341.53,2,0,0,109724.51,0
8004,687,Germany,Male,26,9,0.0,2,1,0,77939.75,0
8005,584,Germany,Female,41,9,0.0,1,0,1,81971.92,0
8006,557,France,Female,72,0,43567.87,1,1,1,160681.19,0
8007,577,Spain,Female,27,10,159910.16,2,1,1,187693.54,0
8008,755,France,Female,22,9,0.0,2,1,0,155951.27,0
8009,683,France,Male,42,6,194720.95,2,1,1,95053.73,0
8010,747,France,Male,26,9,0.0,2,1,0,44045.82,0
8011,571,Spain,Female,48,9,69600.67,2,1,0,116855.64,0
8012,430,Spain,Male,39,2,42921.51,1,1,0,57828.83,1
8013,691,Germany,Male,58,1,0.0,1,1,0,31305.27,0
8014,781,France,Male,41,10,0.0,2,1,0,19232.39,0
8015,666,France,Male,50,1,81470.13,1,1,0,128303.67,0
8016,549,Germany,Male,47,2,0.0,1,1,0,191401.31,0
8017,580,France,Male,29,1,105684.72,2,0,1,165231.07,1
8018,829,Spain,Female,45,1,0.0,1,1,1,146331.88,0
8019,591,France,Male,43,1,0.0,2,1,1,150776.73,0
8020,574,France,Male,32,10,141529.11,1,1,0,144229.74,0
8021,758,Spain,Female,60,10,83072.77,1,1,1,187257.73,0
8022,600,Spain,Male,24,9,128057.47,1,0,0,153597.44,0
8023,616,Spain,Male,52,3,129669.81,1,1,0,28484.56,0
8024,671,France,Female,37,9,0.0,2,1,1,51814.46,0
8025,806,Spain,Female,46,8,0.0,2,1,1,40941.71,0
8026,564,France,Male,36,9,86846.25,2,1,1,179238.12,0
8027,792,Spain,Male,43,2,0.0,2,1,1,138117.42,0
8028,595,France,Male,24,9,113993.31,1,1,0,82750.27,0
8029,689,Germany,Male,37,10,0.0,1,1,0,45417.45,0
8030,753,Germany,Female,35,6,79161.1,2,0,0,162265.38,0
8031,749,France,Female,36,8,51939.76,1,0,1,7427.64,0
8032,471,France,Male,49,8,113488.7,1,1,1,55286.97,0
8033,629,France,Male,59,8,72735.99,2,0,1,47819.0,0
8034,521,France,Male,54,3,103397.59,1,1,1,69896.14,0
8035,734,France,Female,27,4,36139.91,1,1,1,19324.64,0
8036,688,France,Female,18,7,101635.07,2,1,1,56272.21,0
8037,682,France,Male,32,8,0.0,2,1,0,193383.26,0
8038,479,Spain,Female,60,8,138504.71,2,1,0,56393.87,0
8039,787,Germany,Female,36,8,0.0,1,1,0,135239.35,0
8040,690,Spain,Female,31,0,126410.27,1,1,0,199071.21,0
8041,744,France,Female,19,2,0.0,1,1,0,162290.75,0
8042,655,Spain,Male,18,10,0.0,1,1,1,14119.92,0
8043,612,Germany,Female,28,5,10511.65,2,0,0,11942.07,0
8044,725,Spain,Male,25,6,0.0,3,1,1,145287.35,0
8045,528,Spain,Male,54,5,176165.95,1,1,0,98015.59,0
8046,667,France,Male,34,6,0.0,1,1,1,75953.13,0
8047,410,France,Male,29,3,125072.93,4,1,1,68034.95,0
8048,775,France,Male,52,1,68147.18,2,0,1,186033.99,0
8049,757,France,Male,52,0,81948.22,1,0,0,193076.89,0
8050,682,Germany,Female,32,4,141306.55,2,1,0,98301.2,0
8051,796,Spain,Male,27,3,172600.0,2,0,0,142264.14,0
8052,636,France,Male,44,10,0.0,1,1,0,58898.86,0
8053,702,Spain,Female,41,7,0.0,1,1,1,198951.54,0
8054,584,Spain,Female,47,2,123113.09,2,1,1,141174.18,0
8055,755,Spain,Female,28,0,28763.67,1,1,0,89233.26,0
8056,718,Spain,Female,23,9,72470.33,2,1,1,10658.83,0
8057,838,France,Male,29,6,0.0,1,0,1,180887.37,0
8058,686,Germany,Male,30,1,250000.0,1,0,1,147543.01,0
8059,770,France,Female,32,3,0.0,1,1,0,185900.62,0
8060,538,Spain,Male,28,6,143096.47,1,1,0,29403.34,0
8061,717,Spain,Female,37,1,0.0,2,1,1,52429.64,0
8062,554,France,Female,20,1,41098.72,2,1,0,76494.45,0
8063,645,Germany,Male,38,2,57544.03,2,1,1,25206.56,0
8064,641,France,Female,36,6,0.0,1,1,1,154427.39,0
8065,576,France,Female,45,3,66068.06,2,1,0,173199.96,0
8066,768,Spain,Female,30,10,0.0,2,0,1,10586.03,0
8067,716,Germany,Male,24,8,199975.33,1,1,1,174732.53,0
8068,804,Germany,Male,63,6,153391.13,2,1,0,123103.97,0
8069,550,France,Male,31,5,29518.71,2,1,0,32226.39,1
8070,709,France,Male,59,8,121538.0,2,1,1,33345.88,0
8071,442,Germany,Female,41,8,79352.14,1,1,0,192339.04,0
8072,571,France,Male,30,3,161421.52,1,1,0,301.44,0
8073,754,France,Male,32,1,123335.07,1,0,0,2926.11,0
8074,645,France,Male,18,1,0.0,1,1,1,163388.07,0
8075,569,France,Male,27,2,0.0,2,1,1,32420.75,0
8076,692,Spain,Male,30,8,0.0,1,0,1,20818.19,0
8077,574,Spain,Female,42,5,9942.08,2,1,1,120222.07,0
8078,704,France,Female,28,2,0.0,1,1,1,20041.76,0
8079,603,Germany,Female,58,4,63690.56,2,1,1,29895.51,0
8080,757,France,Female,47,2,35012.07,1,1,1,136795.44,0
8081,745,France,Male,18,7,111199.17,1,1,1,197468.79,0
8082,647,Germany,Female,49,4,71229.87,3,1,0,117515.68,0
8083,808,Germany,Male,18,4,53103.36,1,1,0,95375.8,1
8084,757,Germany,Female,33,1,0.0,1,1,1,99412.71,0
8085,567,Germany,Male,31,10,191577.66,1,1,1,139952.02,0
8086,792,Spain,Female,28,0,48094.54,2,1,1,17042.1,0
8087,576,Spain,Female,42,2,80176.19,1,1,1,13140.72,0
8088,518,France,Male,18,3,72489.21,1,1,0,113264.83,0
8089,749,France,Female,38,8,98493.02,1,1,0,106232.6,0
8090,436,France,Male,38,10,0.0,2,1,1,14661.83,0
8091,805,Spain,Female,60,5,175077.79,1,1,0,199653.58,1
8092,559,Spain,Male,35,6,0.0,1,0,1,190747.7,0
8093,548,France,Male,38,5,32723.75,1,1,0,125892.9,0
8094,704,France,Female,43,3,0.0,2,0,0,49856.8,0
8095,850,Spain,Female,31,1,101762.86,1,0,1,132048.05,0
8096,779,France,Male,19,8,0.0,1,1,0,101346.73,0
8097,640,France,Male,31,0,0.0,1,1,1,189475.41,0
8098,528,Germany,Female,23,8,230622.1,1,1,1,187003.71,0
8099,655,France,Female,43,9,0.0,1,0,1,100287.55,0
8100,556,France,Female,42,1,111258.28,2,1,1,55786.69,0
8101,850,France,Male,34,3,108649.75,1,0,1,54159.51,0
8102,600,Germany,Male,24,6,98049.76,2,1,1,709.95,0
8103,602,France,Male,36,9,0.0,2,1,1,28644.65,0
8104,568,Spain,Female,33,7,0.0,1,1,0,88607.77,0
8105,677,France,Male,30,5,108624.2,2,0,0,157760.25,0
8106,647,France,Female,29,6,160895.36,2,0,1,181890.86,0
8107,600,France,Female,35,6,122961.13,2,0,1,181597.84,0
8108,751,France,Male,35,4,0.0,1,1,1,129887.76,0
8109,608,Spain,Female,40,2,0.0,1,1,1,121681.17,0
8110,525,France,Female,18,3,105508.76,1,1,1,163332.32,0
8111,772,France,Female,54,4,175900.04,2,0,0,118871.2,1
8112,549,France,Female,35,8,84662.18,2,0,1,64901.6,0
8113,779,France,Male,32,4,188642.06,2,1,0,186499.24,0
8114,714,France,Male,37,8,126498.01,1,0,1,129747.69,0
8115,580,Spain,Male,60,10,0.0,1,1,0,162821.02,0
8116,428,France,Male,31,4,107030.23,2,1,0,187865.69,0
8117,784,Germany,Male,42,5,0.0,2,1,0,26906.58,0
8118,568,Spain,Male,27,2,0.0,2,0,0,6811.8,0
8119,629,France,Male,31,4,0.0,1,0,0,189330.13,1
8120,594,Spain,Male,28,0,112237.29,1,1,1,181753.88,0
8121,517,France,Male,20,4,250000.0,2,0,1,68388.58,0
8122,668,France,Male,20,10,112745.7,1,1,1,114544.3,0
8123,731,France,Female,51,5,11876.27,2,1,0,83082.47,0
8124,850,France,Female,34,10,111867.63,2,0,1,31727.51,0
8125,523,France,Male,32,7,0.0,1,1,1,120540.75,0
8126,467,Spain,Male,24,2,77135.54,1,1,1,75846.33,0
8127,702,France,Male,27,6,0.0,2,0,1,51917.21,0
8128,421,Germany,Female,31,1,98318.52,1,0,1,180306.73,0
8129,648,France,Male,23,8,76766.76,1,1,0,185527.2,0
8130,522,France,Male,46,10,134112.6,1,0,1,118372.33,0
8131,850,Spain,Female,41,8,50925.25,2,1,0,117776.55,0
8132,567,France,Female,34,6,0.0,2,1,1,1980.9,0
8133,731,France,Male,36,2,129351.89,4,0,0,6462.07,0
8134,741,France,Male,33,9,104488.26,1,1,1,170790.17,0
8135,590,France,Female,18,4,143873.98,1,1,1,152080.92,0
8136,718,Spain,Male,34,8,0.0,1,1,0,187928.79,0
8137,581,Germany,Male,27,10,77033.64,2,1,1,141948.23,0
8138,750,France,Male,34,0,170636.53,1,1,0,562.83,0
8139,743,Germany,Female,41,9,74559.87,1,1,1,18202.91,0
8140,763,France,Male,49,8,0.0,2,0,1,26635.55,0
8141,704,Germany,Female,43,6,149781.93,1,0,0,4436.7,0
8142,616,France,Female,25,6,0.0,1,1,0,65041.25,0
8143,576,Spain,Female,42,3,0.0,1,1,1,83526.41,0
8144,609,France,Male,24,6,0.0,2,1,0,21060.9,0
8145,653,France,Male,28,2,0.0,1,0,0,51463.77,0
8146,811,France,Male,56,3,36411.17,1,1,0,83941.65,0
8147,730,Germany,Male,42,9,0.0,1,1,0,53729.29,0
8148,654,France,Male,37,1,0.0,1,1,0,90827.97,0
8149,552,France,Female,33,2,0.0,1,1,0,89731.27,0
8150,705,Germany,Male,48,4,95946.58,1,1,0,14244.42,0
8151,629,France,Male,31,6,0.0,1,1,0,104129.83,0
8152,554,France,Male,42,1,0.0,2,1,1,154249.7,0
8153,547,Germany,Male,31,2,0.0,1,1,1,98653.35,0
8154,794,France,Female,18,5,123583.62,2,1,1,116698.0,0
8155,632,France,Female,27,2,184277.32,2,1,1,177793.72,0
8156,701,France,Male,19,6,73526.91,2,1,1,129587.62,0
8157,647,Spain,Male,29,2,0.0,2,1,0,82722.33,0
8158,680,France,Male,43,4,0.0,2,1,1,42002.29,0
8159,782,Spain,Female,57,9,147206.86,1,0,1,13972.21,0
8160,559,France,Male,38,1,0.0,1,0,1,56726.27,0
8161,668,France,Male,65,3,73053.44,1,1,1,88724.24,0
8162,550,France,Female,39,10,182152.91,1,1,1,28637.93,0
8163,652,France,Female,42,0,0.0,2,1,0,89799.75,0
8164,697,France,Female,23,5,0.0,1,0,0,90666.17,1
8165,761,Germany,Female,47,1,154156.36,2,0,1,33295.44,0
8166,836,Germany,Female,36,3,0.0,1,1,0,33001.0,1
8167,751,France,Male,54,0,41188.93,2,0,1,81180.71,0
8168,645,France,Female,58,5,100970.19,1,1,0,130114.27,0
8169,723,France,Female,77,8,0.0,1,0,1,74018.89,0
8170,559,France,Male,30,10,185573.03,2,1,1,143331.07,0
8171,763,France,Male,46,3,154206.43,1,1,0,143658.18,0
8172,732,France,Male,37,7,96573.39,2,0,1,19341.05,0
8173,802,Spain,Female,61,1,0.0,1,1,0,534.41,0
8174,407,France,Female,53,9,0.0,1,1,1,190669.05,0
8175,850,France,Male,47,3,39090.18,1,1,1,116329.43,0
8176,787,France,Male,18,1,0.0,1,1,0,116884.41,0
8177,766,Germany,Male,20,0,0.0,2,1,0,110419.01,1
8178,738,Germany,Female,31,4,0.0,2,1,1,178664.96,0
8179,610,Spain,Male,36,7,207245.44,1,1,0,47047.79,0
8180,584,Germany,Female,47,6,68823.37,1,0,0,82173.18,0
8181,670,Germany,Female,39,0,0.0,2,1,0,187116.79,0
8182,817,Germany,Male,32,9,0.0,2,1,1,73905.93,0
8183,832,France,Male,26,4,72424.79,1,1,1,77783.46,0
8184,708,France,Female,33,7,100643.26,2,0,1,40654.77,0
8185,526,France,Female,27,3,0.0,1,0,0,180386.29,0
8186,772,France,Male,36,5,129886.84,1,1,0,90216.91,0
8187,613,Spain,Male,36,3,38807.99,1,1,0,67232.49,0
8188,724,France,Male,39,9,0.0,1,1,1,147499.71,0
8189,694,Germany,Female,36,5,141805.58,1,1,1,181378.5,0
8190,554,France,Male,28,3,71288.27,1,1,0,137329.45,0
8191,514,Spain,Male,39,0,108800.94,1,1,1,180881.04,0
8192,724,France,Female,32,5,0.0,1,1,0,32368.62,0
8193,687,France,Female,41,5,53426.06,2,0,0,138020.05,0
8194,535,Germany,Male,40,8,124435.79,1,1,0,197760.91,1
8195,702,Germany,Female,72,9,54298.27,2,0,0,139885.78,1
8196,641,Germany,Male,45,5,0.0,2,1,1,187333.66,0
8197,628,France,Male,38,5,0.0,1,1,1,11220.37,0
8198,825,France,Female,32,9,106483.13,1,1,1,118697.63,0
8199,675,Spain,Male,26,4,26957.22,1,1,0,110862.32,0
8200,594,Spain,Male,28,1,56325.13,1,0,0,119241.38,0
8201,464,France,Male,46,7,0.0,1,1,0,32938.3,0
8202,601,Germany,Male,40,9,162047.69,2,0,0,58788.11,1
8203,492,France,Male,47,2,165911.11,2,1,1,160000.05,0
8204,761,Germany,Female,51,9,52064.21,2,1,0,175128.97,0
8205,751,Germany,Female,25,4,0.0,2,1,1,47527.15,0
8206,600,Germany,Male,48,0,145939.49,1,1,0,123812.13,0
8207,587,Germany,Female,67,10,79307.3,1,0,1,64345.78,0
8208,596,France,Male,42,10,35005.62,2,0,0,51122.72,0
8209,538,Spain,Female,18,0,0.0,1,0,1,172649.98,0
8210,610,Germany,Female,18,3,63498.28,2,1,0,117168.25,1
8211,712,France,Male,37,10,0.0,2,0,1,67800.0,0
8212,605,Germany,Male,48,2,0.0,2,1,0,7513.98,1
8213,850,Germany,Male,18,0,92634.47,1,1,0,54058.78,0
8214,721,France,Female,30,7,99818.18,1,1,0,116131.3,0
8215,584,France,Male,57,4,0.0,1,1,0,37736.82,0
8216,789,France,Male,25,7,26527.23,1,0,1,144851.95,0
8217,350,France,Female,30,5,120824.75,1,1,1,93309.71,0
8218,706,France,Female,23,2,81356.61,2,1,1,22724.52,0
8219,643,Germany,Female,72,8,97919.68,1,0,1,160341.63,0
8220,552,Spain,Male,23,1,27049.82,1,0,0,185404.29,0
8221,668,Spain,Male,52,8,201705.43,1,1,0,173060.52,0
8222,725,France,Male,41,4,136595.28,3,1,0,64347.51,0
8223,637,France,Female,24,3,0.0,2,1,1,156385.19,0
8224,635,France,Male,27,10,85607.91,1,0,1,180306.07,0
8225,681,Spain,Male,26,10,0.0,1,1,1,28789.39,0
8226,800,France,Female,59,6,213272.54,2,1,0,142055.69,0
8227,448,Germany,Female,42,6,82025.61,2,0,0,4167.15,0
8228,841,France,Male,39,8,0.0,2,1,0,21500.94,0
8229,779,France,Male,33,3,0.0,1,1,0,40633.35,0
8230,549,Spain,Female,39,2,888.63,2,0,1,181017.58,0
8231,650,Germany,Female,42,10,95673.86,1,1,1,181686.16,0
8232,541,Spain,Male,42,10,0.0,1,1,1,73322.88,0
8233,532,Spain,Male,40,5,100284.06,2,0,0,89857.87,0
8234,756,Germany,Male,50,1,186727.83,1,1,0,84860.42,1
8235,674,Germany,Female,18,10,59123.77,2,0,0,77634.68,0
8236,551,Germany,Male,30,4,0.0,1,1,1,199615.65,0
8237,624,Spain,Male,41,10,50390.75,2,0,0,130221.35,0
8238,739,Spain,Female,23,0,144563.6,2,1,1,64227.01,0
8239,718,France,Male,59,5,3878.63,1,1,1,145982.94,0
8240,739,France,Male,45,7,0.0,1,1,1,136693.22,0
8241,657,France,Male,43,10,14628.41,2,0,0,130459.72,0
8242,640,Spain,Female,27,4,75079.07,1,1,1,183343.46,0
8243,667,France,Female,22,0,0.0,1,1,1,78576.03,0
8244,818,Germany,Male,27,7,167103.75,1,1,0,78797.98,1
8245,474,France,Male,49,6,60289.14,1,0,0,29412.54,0
8246,627,Germany,Female,30,10,5384.86,2,1,0,183483.59,0
8247,493,Spain,Male,61,0,0.0,2,1,0,141094.21,0
8248,459,France,Female,68,6,0.0,1,0,1,197412.07,0
8249,673,Spain,Male,32,9,116352.26,4,1,0,168121.73,0
8250,582,Spain,Female,48,6,99777.43,1,1,0,83554.55,1
8251,850,France,Female,32,10,0.0,2,0,1,136269.6,0
8252,625,France,Male,18,3,53517.62,2,1,1,181560.36,0
8253,562,Germany,Male,19,8,0.0,1,1,0,69648.6,0
8254,747,Germany,Male,50,8,131801.63,2,1,1,32343.91,0
8255,713,Spain,Female,34,2,0.0,2,0,0,82885.59,0
8256,635,France,Male,45,4,207102.4,1,0,1,166871.41,0
8257,850,France,Male,35,6,74430.99,2,1,0,155407.97,0
8258,516,France,Female,27,6,70483.61,3,1,1,14640.77,0
8259,742,Spain,Male,55,9,0.0,1,1,1,16378.23,0
8260,657,Spain,Male,26,7,58843.04,1,1,0,142664.55,0
8261,671,France,Male,37,0,131212.66,1,1,1,132551.89,0
8262,723,Germany,Female,35,4,165321.81,1,1,1,11023.49,0
8263,734,Spain,Male,52,7,117196.4,1,1,0,23853.73,1
8264,734,Germany,Male,29,9,0.0,2,1,1,87898.17,0
8265,650,Germany,Male,29,8,111237.26,2,1,0,137654.32,0
8266,672,France,Female,31,10,107701.57,2,1,0,150173.07,0
8267,673,France,Female,43,8,173689.07,1,1,0,16985.83,0
8268,841,France,Male,43,5,0.0,2,1,1,168166.7,0
8269,699,Spain,Female,21,7,111571.46,2,0,1,74175.23,0
8270,442,Germany,Male,52,5,0.0,2,1,0,133001.03,0
8271,761,France,Female,27,7,0.0,1,1,1,199657.35,0
8272,688,France,Female,33,4,73235.93,1,1,0,163722.09,0
8273,790,France,Male,24,10,109934.86,1,1,1,151749.18,1
8274,737,Spain,Female,42,2,97336.75,1,0,0,171154.85,1
8275,850,France,Female,42,4,0.0,2,0,1,73023.13,0
8276,588,France,Male,44,2,0.0,2,0,1,32611.27,0
8277,704,Spain,Female,20,1,61887.01,2,1,1,76243.3,0
8278,726,France,Female,31,10,144750.57,1,1,1,153381.39,0
8279,478,France,Male,32,2,0.0,2,1,0,183085.49,0
8280,711,France,Female,34,3,0.0,1,0,1,26065.7,0
8281,581,Germany,Female,43,1,0.0,1,0,1,194121.01,0
8282,561,Spain,Female,45,3,79331.68,2,0,1,65610.81,0
8283,564,Germany,Female,33,5,246.72,1,1,0,41140.29,0
8284,573,France,Female,26,3,156066.58,2,0,1,12755.64,0
8285,827,France,Male,18,5,123688.11,1,1,1,52306.47,0
8286,677,France,Female,54,0,0.0,2,0,1,139432.59,0
8287,714,France,Male,48,3,85875.62,2,0,1,81736.3,0
8288,589,France,Male,32,1,0.0,2,1,0,175140.95,0
8289,546,France,Male,44,1,77734.26,1,1,0,26740.89,0
8290,579,Spain,Male,23,10,71000.27,2,0,0,125900.01,0
8291,686,Germany,Male,27,9,0.0,2,1,0,160703.11,0
8292,713,Germany,Male,34,0,178769.02,2,0,1,90197.45,0
8293,581,France,Male,27,4,174979.64,2,1,0,6651.81,0
8294,508,Germany,Female,36,8,0.0,1,1,1,120982.13,0
8295,602,Germany,Male,67,5,9916.62,2,1,0,124115.29,0
8296,614,France,Male,34,1,118594.41,2,1,0,161835.0,0
8297,640,Spain,Male,40,1,49920.31,2,1,1,47233.93,0
8298,489,France,Female,32,8,0.0,1,1,0,173957.21,0
8299,732,Germany,Male,41,8,0.0,1,1,0,38795.08,0
8300,589,France,Female,33,1,132854.59,1,0,0,27964.06,0
8301,753,Germany,Male,38,8,46572.13,1,1,0,12824.06,0
8302,807,France,Male,48,6,245817.36,1,1,1,145939.15,0
8303,652,Germany,Male,49,3,34534.88,2,1,0,120613.16,0
8304,552,Germany,Male,39,4,224013.75,2,1,1,13311.25,0
8305,428,France,Female,24,5,0.0,1,0,0,99631.84,1
8306,650,France,Male,33,3,93299.02,2,0,0,132484.93,0
8307,607,Germany,Male,30,8,114116.41,1,0,1,28383.44,0
8308,567,Germany,Male,46,6,46597.26,2,1,0,17921.68,0
8309,651,Spain,Male,42,3,85913.85,2,1,0,183710.98,0
8310,473,Germany,Female,53,4,0.0,1,1,1,28645.1,0
8311,584,Spain,Male,46,0,0.0,1,0,1,74527.08,0
8312,652,France,Female,47,6,23876.92,2,1,1,12803.08,0
8313,656,France,Female,38,9,0.0,1,1,1,27245.84,0
8314,575,Spain,Male,46,4,0.0,2,0,1,48155.57,0
8315,530,France,Male,18,3,0.0,2,0,1,29474.61,0
8316,641,Germany,Female,47,2,65776.99,1,1,0,87633.49,1
8317,534,France,Male,48,4,29044.68,3,1,0,126208.73,0
8318,612,Germany,Male,23,9,120342.66,1,0,1,84073.36,0
8319,575,Germany,Male,35,5,0.0,2,0,1,171954.3,0
8320,651,Spain,Female,48,4,0.0,1,1,0,56040.55,0
8321,850,France,Female,33,10,2066.92,2,1,1,176360.28,0
8322,514,France,Male,49,5,0.0,2,1,1,79374.6,0
8323,608,Spain,Female,30,1,75765.21,2,1,1,134716.37,0
8324,564,France,Male,46,7,101518.17,2,1,0,143927.15,0
8325,707,France,Female,34,10,250000.0,1,1,1,137734.94,0
8326,553,France,Female,31,3,188754.86,1,0,1,49426.5,0
8327,655,Spain,Male,29,8,107894.35,1,0,0,140091.19,0
8328,601,Spain,Male,25,8,142204.32,1,1,1,18924.44,0
8329,601,France,Male,40,5,126053.77,1,1,1,155712.87,0
8330,715,France,Male,31,9,0.0,1,1,1,72733.46,0
8331,698,Spain,Male,50,9,141696.75,1,1,1,160114.51,0
8332,705,Spain,Male,56,10,105724.96,1,1,1,9291.73,0
8333,727,Germany,Male,27,3,0.0,2,1,0,927.75,0
8334,832,Spain,Male,33,8,94370.67,1,1,1,144879.21,0
8335,547,France,Female,33,2,59032.66,2,0,0,69062.4,0
8336,518,Germany,Female,26,9,97412.19,1,0,1,22252.53,0
8337,436,France,Male,59,6,143370.66,1,1,1,134945.07,0
8338,561,France,Male,26,2,106585.4,1,1,0,168913.1,0
8339,724,Germany,Male,30,3,54741.91,2,0,0,17576.6,0
8340,654,Germany,Male,27,10,66147.23,1,0,0,96012.52,1
8341,635,Germany,Male,43,7,125092.27,2,0,1,83206.3,0
8342,729,Germany,Male,40,2,202538.12,1,0,1,164529.93,0
8343,649,France,Female,18,8,0.0,1,1,0,169879.85,0
8344,565,Germany,Male,24,6,179975.75,2,0,1,186215.09,1
8345,571,France,Female,27,9,0.0,2,1,0,168256.84,0
8346,552,France,Female,30,10,0.0,1,1,1,92138.54,0
8347,646,France,Male,28,6,27361.2,2,1,1,96168.35,0
8348,674,Germany,Male,29,10,48348.13,1,0,1,98036.54,0
8349,720,France,Female,30,2,53511.16,1,1,1,142269.23,0
8350,666,France,Male,32,5,111618.64,2,0,0,157650.62,0
8351,691,France,Female,56,9,45908.76,1,1,0,168076.7,1
8352,817,France,Female,69,10,0.0,2,1,0,139954.68,0
8353,690,Germany,Male,18,6,148880.17,2,0,0,103986.9,1
8354,480,France,Male,24,1,89931.68,2,1,1,48259.61,0
8355,668,France,Male,21,2,76995.17,1,0,0,181670.32,1
8356,663,Spain,Female,42,10,0.0,2,0,1,76619.14,0
8357,672,Germany,Male,28,3,0.0,1,1,0,71064.7,0
8358,465,Spain,Male,42,5,114037.47,1,1,0,113017.22,0
8359,635,Spain,Female,20,8,121315.39,1,1,0,151460.39,0
8360,690,France,Male,28,2,152100.79,2,1,0,150056.48,0
8361,569,Spain,Male,33,6,95286.78,2,1,1,170852.64,0
8362,671,Germany,Male,32,1,121794.73,2,0,0,11321.91,0
8363,711,Spain,Male,47,6,128515.6,1,1,0,97803.97,0
8364,725,Germany,Male,40,2,120678.61,1,0,0,99318.72,1
8365,745,France,Male,31,8,0.0,2,1,0,68233.32,0
8366,596,Spain,Female,28,9,126606.24,2,1,1,83600.71,0
8367,752,France,Female,37,8,0.0,2,0,1,27481.2,0
8368,610,France,Female,49,7,174213.29,2,1,1,88699.72,1
8369,370,France,Male,35,10,0.0,1,1,0,57117.96,0
8370,608,France,Female,33,3,105041.18,1,1,1,3284.04,0
8371,754,Spain,Male,41,2,0.0,1,1,1,101740.38,0
8372,704,France,Male,32,10,60085.68,2,0,0,135723.91,0
8373,588,France,Male,42,7,111455.4,2,1,1,182201.11,0
8374,648,France,Male,47,3,0.0,2,1,0,131931.84,0
8375,657,Germany,Male,19,2,0.0,2,1,0,56256.95,0
8376,728,France,Female,29,4,195434.63,2,1,1,80103.06,0
8377,626,Germany,Male,51,2,0.0,2,1,0,57589.18,0
8378,527,France,Male,38,10,0.0,1,1,1,153828.0,0
8379,683,Germany,Male,28,10,112005.23,1,1,1,162196.75,0
8380,786,Spain,Female,54,3,14380.9,1,1,1,163209.72,1
8381,633,France,Male,27,3,0.0,2,1,1,124433.22,0
8382,506,France,Female,51,3,0.0,2,1,0,146384.8,0
8383,726,Germany,Male,57,3,0.0,1,0,0,93653.05,0
8384,618,France,Female,35,0,142713.79,1,1,0,22959.48,0
8385,731,France,Male,41,1,227588.57,1,1,1,186256.11,0
8386,640,France,Male,67,9,59441.72,1,1,0,102599.06,0
8387,740,Spain,Female,35,8,164849.63,1,1,1,110993.46,0
8388,670,Germany,Male,18,8,146816.06,1,0,1,138369.19,0
8389,586,France,Male,35,7,6935.7,1,1,0,18387.71,0
8390,737,Germany,Female,21,3,0.0,1,1,1,2420.36,0
8391,747,France,Female,42,8,0.0,2,1,1,123172.38,0
8392,666,France,Male,39,1,184148.8,3,0,1,35856.81,1
8393,643,France,Female,26,8,185416.71,1,0,0,137516.0,0
8394,594,France,Female,29,6,0.0,2,0,0,133477.73,0
8395,750,France,Female,37,0,0.0,2,1,1,197704.7,0
8396,540,France,Male,27,3,0.0,1,0,0,94320.29,0
8397,700,France,Female,46,4,0.0,2,1,1,129656.66,0
8398,561,France,Male,41,10,0.0,1,1,0,171705.8,0
8399,690,Germany,Male,21,9,138939.12,2,0,1,158659.56,0
8400,648,France,Male,18,6,0.0,1,1,0,149815.12,0
8401,704,Spain,Female,30,9,0.0,1,0,1,75650.12,0
8402,714,Spain,Male,36,4,128012.69,2,1,0,198876.57,0
8403,614,France,Female,37,1,0.0,1,1,0,33211.12,0
8404,638,France,Female,35,6,33472.44,2,1,1,73031.82,0
8405,717,France,Male,70,0,86687.32,2,1,1,23716.16,1
8406,704,France,Male,37,0,24661.93,2,1,0,79516.51,0
8407,784,France,Female,51,3,169804.06,2,1,0,134979.05,0
8408,615,Germany,Male,32,7,156152.66,1,1,1,97667.01,0
8409,738,France,Female,35,9,133218.75,2,0,0,199416.43,0
8410,842,Spain,Female,35,0,0.0,2,1,0,161851.91,1
8411,565,Spain,Male,61,8,47283.24,2,1,1,8369.3,0
8412,850,France,Male,27,6,186728.76,2,1,1,193654.01,0
8413,650,Spain,Female,24,10,0.0,1,1,0,30358.83,0
8414,668,France,Female,52,10,55512.38,2,1,0,31346.62,0
8415,585,France,Female,33,5,118807.26,1,1,0,190810.97,0
8416,631,France,Male,18,3,97518.85,2,1,0,137729.47,0
8417,544,Germany,Female,49,5,140020.61,1,1,1,170069.41,0
8418,749,France,Female,19,0,88612.38,2,1,1,127393.94,0
8419,659,Spain,Female,18,5,0.0,1,0,0,148947.37,0
8420,725,Germany,Female,31,6,0.0,2,0,1,87475.14,0
8421,758,France,Female,28,10,173716.41,2,1,1,70461.17,0
8422,740,France,Female,66,5,0.0,2,1,1,27598.42,1
8423,556,France,Male,50,4,161856.88,1,1,1,74056.71,0
8424,581,Spain,Male,53,4,95227.6,1,0,0,152282.52,1
8425,675,France,Male,34,1,168869.09,1,1,1,71307.21,0
8426,559,France,Female,39,2,0.0,2,1,1,98037.0,0
8427,697,Spain,Female,27,5,0.0,1,1,0,158624.37,0
8428,775,Germany,Male,42,2,27568.5,2,1,1,16026.58,0
8429,545,Spain,Male,31,9,223704.46,2,1,0,171724.79,0
8430,769,Germany,Female,35,9,85733.55,1,1,1,106720.07,0
8431,632,France,Female,56,8,192632.55,2,1,1,140808.7,0
8432,679,Germany,Female,28,6,2817.05,1,1,1,70100.36,0
8433,697,France,Male,22,5,12916.56,2,1,1,155246.44,0
8434,612,France,Female,26,1,55817.14,2,1,1,96544.08,0
8435,628,Germany,Male,53,9,129981.54,2,1,1,160068.0,0
8436,668,France,Female,37,9,0.0,1,1,0,115883.38,0
8437,743,France,Female,20,4,0.0,1,0,0,163975.26,0
8438,526,Germany,Male,46,1,78158.49,2,1,0,13414.05,0
8439,682,Germany,Female,50,3,54984.6,2,1,1,49892.79,0
8440,659,France,Male,22,1,0.0,2,1,0,40128.8,0
8441,623,Spain,Female,47,5,0.0,1,1,1,49313.29,0
8442,491,Spain,Female,28,2,0.0,3,0,0,134892.15,1
8443,604,France,Female,42,6,131904.42,1,1,1,23663.51,0
8444,471,France,Male,69,9,0.0,2,1,1,151384.75,0
8445,634,Spain,Female,52,4,111457.98,1,1,1,12652.94,0
8446,685,France,Male,23,4,14573.75,1,0,1,118065.54,0
8447,587,France,Male,47,3,233913.37,2,1,1,105476.55,0
8448,623,Germany,Male,30,9,0.0,1,0,1,58694.4,1
8449,540,France,Male,31,5,164426.5,1,1,0,9683.19,0
8450,605,Germany,Female,44,1,81049.89,2,0,1,73361.62,0
8451,686,France,Male,24,8,0.0,2,0,1,128968.27,0
8452,630,France,Female,36,8,145588.1,1,0,0,71891.21,0
8453,468,Germany,Male,47,5,0.0,2,1,0,12073.1,0
8454,581,Germany,Male,32,0,0.0,1,0,0,196148.3,0
8455,708,Germany,Female,37,5,118448.17,1,1,0,182162.14,0
8456,633,France,Male,26,3,77009.86,1,0,1,6354.43,0
8457,604,France,Male,36,9,70433.37,1,0,1,113832.76,0
8458,730,Germany,Female,42,0,0.0,1,1,0,29270.51,0
8459,599,Germany,Male,32,9,34011.62,2,1,1,151413.75,0
8460,522,France,Female,55,2,122374.84,1,0,1,23421.11,0
8461,605,Spain,Female,29,10,94121.4,2,1,0,198675.01,0
8462,787,France,Female,32,7,71464.78,1,1,0,75651.89,0
8463,598,Spain,Male,34,8,0.0,2,1,1,174114.07,0
8464,793,Germany,Male,74,5,131156.32,1,1,1,95495.78,0
8465,667,Germany,Female,55,1,97324.77,2,1,1,147939.35,1
8466,651,Spain,Female,56,0,115479.65,4,1,1,50655.32,0
8467,609,Spain,Male,63,5,0.0,2,0,0,90557.31,0
8468,616,France,Female,48,1,0.0,2,1,0,40150.24,0
8469,691,France,Male,22,5,192840.07,1,1,1,55613.58,0
8470,634,France,Female,35,10,95707.16,1,1,0,179944.7,0
8471,664,France,Female,27,7,75141.06,3,1,0,158425.35,0
8472,545,France,Male,31,8,176340.21,1,1,1,186254.9,0
8473,641,Spain,Female,41,9,0.0,2,1,1,103862.31,0
8474,713,Germany,Male,37,9,192555.52,1,1,1,145606.26,0
8475,508,France,Male,51,6,93337.02,2,1,1,18550.63,0
8476,670,Spain,Female,22,5,167304.68,1,1,1,22924.55,1
8477,548,Spain,Female,27,2,183847.46,2,1,1,100681.3,0
8478,657,Spain,Female,19,9,64821.54,2,0,0,91759.19,0
8479,645,Germany,Female,28,8,0.0,2,0,0,134455.67,0
8480,465,France,Female,38,6,0.0,1,1,1,129662.23,1
8481,564,Spain,Female,48,3,208234.75,2,1,0,154258.52,0
8482,549,Spain,Female,18,5,75721.82,1,0,0,144516.32,0
8483,583,France,Female,58,4,53151.65,1,1,0,80131.95,1
8484,642,France,Male,35,6,128462.12,1,1,1,73192.44,0
8485,682,Germany,Female,22,4,152156.68,1,0,0,163082.02,1
8486,523,Spain,Female,34,7,161191.41,1,0,0,189864.92,0
8487,669,Germany,Male,40,7,0.0,2,1,0,145020.83,0
8488,598,France,Male,36,5,0.0,2,0,1,199282.41,0
8489,740,France,Male,92,3,106335.37,2,1,1,130996.35,0
8490,642,Spain,Female,30,7,9680.13,2,1,1,162114.68,0
8491,615,France,Female,44,1,126714.93,2,1,1,144781.48,0
8492,447,France,Male,46,8,23719.52,1,1,1,120650.78,0
8493,712,Germany,Male,28,0,0.0,1,1,0,47469.35,0
8494,649,France,Female,21,6,0.0,1,1,1,133880.74,0
8495,552,Spain,Male,49,5,93536.45,1,1,1,184397.22,0
8496,850,France,Female,34,10,0.0,1,0,1,36216.45,0
8497,726,France,Male,25,6,0.0,1,0,0,187842.14,0
8498,753,Spain,Male,33,1,0.0,2,1,0,3028.54,0
8499,694,France,Male,50,6,0.0,2,1,1,114911.57,0
8500,762,Germany,Female,29,0,0.0,2,1,1,16746.75,0
8501,850,Germany,Male,59,5,0.0,1,0,1,161753.1,0
8502,725,Germany,Female,31,4,33568.86,2,1,1,13170.11,0
8503,653,Germany,Male,41,1,96795.94,2,1,1,183839.5,0
8504,582,Spain,Female,35,7,0.0,2,1,1,50307.77,0
8505,773,France,Female,28,8,0.0,1,0,1,158961.87,0
8506,692,France,Female,26,9,0.0,1,1,0,61978.29,0
8507,636,France,Male,43,8,44239.61,2,1,1,143953.53,0
8508,705,Spain,Female,33,10,129033.06,1,0,0,168870.68,0
8509,720,Germany,Female,60,9,0.0,2,1,1,162882.14,0
8510,634,Germany,Male,41,4,155045.38,1,1,1,124557.39,0
8511,576,Spain,Male,31,5,57212.33,1,0,1,109941.56,0
8512,681,Germany,Male,36,3,110818.71,1,1,1,154367.44,0
8513,689,Spain,Female,30,8,106730.88,1,1,1,26540.21,0
8514,829,Spain,Female,48,6,0.0,1,1,0,10426.01,0
8515,614,France,Male,30,0,26482.88,2,1,1,83795.12,0
8516,592,France,Male,35,4,0.0,1,0,1,156540.41,0
8517,555,France,Male,37,2,86395.26,1,0,0,120983.91,0
8518,770,France,Female,29,4,100752.44,2,1,1,42444.51,0
8519,611,France,Female,29,10,130616.77,1,0,0,13477.04,0
8520,582,Spain,Male,34,3,0.0,1,0,0,182324.8,0
8521,654,Spain,Female,46,9,29034.3,2,1,0,164891.23,1
8522,642,France,Female,23,4,127482.63,2,1,0,35104.16,0
8523,648,Germany,Male,29,6,0.0,2,1,1,78624.24,0
8524,688,France,Female,36,7,0.0,2,1,1,23185.99,0
8525,370,Spain,Female,39,0,18705.94,1,1,1,176335.8,0
8526,809,France,Female,39,7,20024.58,2,0,1,101297.2,0
8527,589,Germany,Male,27,1,72619.15,1,1,0,67986.09,0
8528,559,France,Male,40,5,29093.45,2,1,0,38757.01,0
8529,610,France,Male,29,2,0.0,2,0,0,131641.52,0
8530,740,France,Male,27,4,0.0,2,1,1,51585.24,0
8531,657,Germany,Male,43,5,116751.34,2,1,1,74375.41,0
8532,709,Germany,Male,28,4,23308.78,1,0,1,95052.72,0
8533,545,France,Male,26,10,0.0,2,0,0,66729.71,0
8534,660,Germany,Male,66,8,88530.22,2,1,0,146318.78,0
8535,590,France,Male,55,0,103411.85,4,1,1,13173.74,0
8536,690,Germany,Male,18,4,119491.54,2,1,1,110779.49,0
8537,534,Spain,Male,52,2,78125.64,1,1,1,188302.05,0
8538,582,France,Female,40,7,0.0,2,1,1,12798.72,0
8539,688,Germany,Female,21,3,0.0,1,1,1,159745.72,0
8540,759,Germany,Female,43,3,0.0,2,1,0,180750.5,0
8541,595,France,Male,34,5,137383.88,1,1,1,26337.2,0
8542,575,Spain,Male,43,9,0.0,1,0,1,186743.96,0
8543,700,France,Female,18,9,0.0,2,1,0,81092.63,0
8544,640,Germany,Male,44,5,60562.48,1,1,0,59744.73,0
8545,723,Spain,Female,49,8,0.0,2,0,1,8743.36,0
8546,724,Germany,Female,31,4,0.0,2,0,1,165204.29,0
8547,618,France,Female,35,3,0.0,1,1,0,184137.16,0
8548,583,Germany,Female,28,0,133249.08,1,0,0,187575.93,1
8549,686,Spain,Male,61,1,73883.28,2,1,0,165833.3,0
8550,718,France,Female,40,4,0.0,1,1,0,92541.0,0
8551,588,Spain,Male,45,10,70211.13,1,1,0,192071.11,1
8552,730,France,Male,39,7,81047.27,1,0,1,151244.12,0
8553,634,France,Male,25,8,0.0,1,1,1,5884.13,0
8554,666,Germany,Female,46,7,100318.85,2,1,1,134009.87,0
8555,631,Spain,Male,39,9,219433.5,2,0,1,189977.8,0
8556,712,Germany,Female,54,2,0.0,1,1,0,127069.01,0
8557,530,Germany,Male,18,2,75046.66,2,1,1,184182.93,0
8558,778,France,Male,47,0,144290.96,2,1,1,54784.44,0
8559,641,France,Male,29,2,45286.15,1,1,0,82581.73,0
8560,751,Spain,Male,33,10,43895.97,2,0,0,100669.2,0
8561,697,Spain,Male,39,6,0.0,2,1,1,191840.13,0
8562,738,Germany,Female,21,6,0.0,1,1,1,89857.04,0
8563,682,France,Female,30,7,0.0,2,1,0,138825.19,0
8564,691,France,Female,30,7,151882.1,1,0,1,52760.64,0
8565,706,France,Female,29,2,90025.88,2,0,1,4838.1,0
8566,846,France,Male,41,0,34718.56,1,1,0,101087.62,0
8567,656,France,Male,43,3,0.0,1,1,0,5166.43,1
8568,652,Germany,Female,22,7,100267.85,1,0,1,164386.51,1
8569,552,Spain,Male,34,6,119266.84,2,1,1,32334.28,0
8570,536,Germany,Male,35,6,0.0,2,0,0,125103.69,0
8571,794,France,Female,36,1,85467.78,2,1,1,111883.97,0
8572,680,Spain,Male,39,5,233939.4,1,1,0,126690.22,0
8573,576,France,Male,46,8,165897.4,1,1,1,130407.55,0
8574,695,France,Male,38,4,166198.62,2,1,1,59623.23,0
8575,424,Spain,Female,43,6,86207.43,2,1,1,161451.31,0
8576,746,France,Male,31,9,92108.98,1,1,1,11705.94,1
8577,544,Spain,Male,48,3,231113.18,2,1,1,86893.77,0
8578,681,France,Female,27,10,154243.2,2,1,1,20550.97,0
8579,511,Germany,Male,28,7,0.0,1,1,1,112353.21,1
8580,570,Germany,Male,30,4,0.0,2,1,0,135992.38,0
8581,782,France,Male,62,5,120377.45,2,1,0,142618.06,1
8582,667,France,Female,25,4,114075.89,2,1,1,124218.55,0
8583,712,France,Male,40,8,13464.26,2,0,1,84515.69,0
8584,621,France,Male,39,2,130660.32,1,0,0,103432.83,0
8585,711,France,Female,20,2,23464.96,2,0,1,87130.55,0
8586,453,France,Female,29,0,194167.04,1,1,1,95700.62,0
8587,774,Germany,Female,59,5,129363.92,1,1,0,162823.46,0
8588,675,France,Male,20,8,0.0,1,0,0,129581.21,0
8589,594,Spain,Male,58,1,174386.55,1,1,1,153423.45,1
8590,561,France,Female,53,3,169172.37,1,1,0,185578.27,0
8591,564,France,Male,37,10,30518.1,1,1,0,7730.79,1
8592,760,Germany,Female,35,5,150677.73,2,1,0,164174.92,0
8593,778,Germany,Male,31,7,52551.08,1,1,0,172813.87,0
8594,709,France,Male,42,6,34745.4,1,1,0,79758.86,0
8595,769,France,Male,35,5,99459.61,2,1,1,42736.28,0
8596,718,France,Male,33,5,195278.46,2,0,1,144534.62,0
8597,484,France,Male,36,9,0.0,2,1,1,101977.38,0
8598,634,Germany,Male,22,3,7183.33,1,0,0,156619.83,0
8599,473,France,Male,46,5,0.0,1,0,1,42841.9,0
8600,557,France,Male,40,5,0.0,2,1,0,48.6,0
8601,648,France,Male,22,10,112651.5,1,0,1,111000.14,0
8602,723,France,Female,24,1,129178.79,2,1,1,17354.7,0
8603,419,France,Female,35,9,0.0,1,1,0,24640.09,0
8604,724,France,Male,21,0,60809.09,1,1,0,38124.08,1
8605,540,France,Male,26,9,0.0,1,0,0,45802.7,0
8606,673,Spain,Female,34,1,0.0,1,0,1,174159.62,0
8607,634,France,Female,42,10,140561.65,2,1,1,4935.27,0
8608,624,France,Male,19,5,121432.19,2,0,1,88727.72,0
8609,792,Spain,Female,31,9,128260.22,1,0,0,116615.58,0
8610,731,Germany,Male,21,0,0.0,1,0,1,31863.28,0
8611,703,Germany,Female,45,9,125934.81,2,0,0,59901.28,0
8612,676,Germany,Male,47,7,0.0,2,1,1,188847.95,0
8613,741,France,Male,22,7,89208.27,2,0,0,38671.55,0
8614,503,Germany,Female,36,7,46080.06,1,1,1,47192.08,0
8615,644,France,Male,40,3,89573.66,1,0,0,19666.01,0
8616,723,Spain,Female,44,5,89359.45,1,0,1,136974.25,0
8617,670,France,Male,20,6,0.0,1,1,1,9522.44,0
8618,571,France,Female,39,1,167368.6,1,1,1,132502.22,0
8619,799,Germany,Male,29,10,0.0,2,0,1,116455.6,0
8620,584,France,Female,38,8,104800.38,2,0,0,129226.48,0
8621,686,France,Female,44,9,173054.27,1,0,0,142740.43,1
8622,716,France,Male,23,10,0.0,1,1,0,116522.0,0
8623,667,France,Female,39,10,0.0,1,0,0,34081.17,1
8624,635,France,Male,32,8,0.0,2,1,1,99621.4,0
8625,671,France,Male,18,6,160346.67,2,0,1,198474.5,0
8626,701,France,Female,31,2,129285.44,2,1,0,11010.56,0
8627,661,France,Male,32,5,191502.34,2,1,1,24389.23,0
8628,507,France,Male,41,4,119181.46,2,1,0,198008.55,0
8629,680,France,Female,18,10,104475.88,1,1,0,130829.97,0
8630,766,France,Male,30,5,83688.49,2,0,1,43884.5,0
8631,455,Spain,Male,38,3,13669.09,4,1,0,178754.79,0
8632,749,Spain,Female,28,3,89821.52,1,1,0,27541.51,0
8633,602,Spain,Female,37,7,0.0,2,1,0,94344.28,0
8634,657,Spain,Male,46,0,0.0,1,0,1,127729.59,0
8635,591,Germany,Male,29,3,0.0,2,0,0,162217.37,0
8636,703,Spain,Female,45,10,97236.04,2,0,0,32421.66,0
8637,617,Germany,Male,41,8,0.0,1,0,0,131951.25,1
8638,579,Spain,Female,62,3,167386.35,1,0,0,1043.66,0
8639,610,Spain,Male,38,8,0.0,1,0,1,71310.76,0
8640,755,Spain,Female,43,6,0.0,2,1,0,187050.76,0
8641,595,France,Female,51,7,129214.37,2,0,0,94161.05,0
8642,583,France,Male,51,4,0.0,1,1,1,16308.28,0
8643,562,France,Male,33,0,67483.85,1,1,0,185299.77,0
8644,685,Germany,Female,25,1,192170.76,2,1,1,90476.91,0
8645,676,France,Female,49,6,143224.93,1,0,1,159253.22,0
8646,711,Spain,Female,29,6,94848.97,1,1,0,138330.53,0
8647,559,Germany,Male,52,9,109944.13,1,0,1,31203.26,0
8648,627,France,Male,25,2,27765.34,1,1,0,57970.97,0
8649,636,Germany,Female,31,0,143264.0,1,1,1,142606.2,0
8650,799,Spain,Female,34,7,237066.04,2,1,1,801.35,0
8651,698,Spain,Male,30,6,0.0,2,1,1,136555.22,0
8652,550,Germany,Female,31,1,0.0,2,1,0,197147.17,0
8653,772,Spain,Female,34,10,250000.0,1,1,0,46555.04,0
8654,468,France,Male,53,2,14116.81,2,1,1,133051.28,0
8655,783,Germany,Male,19,10,89651.58,2,0,0,79516.08,0
8656,664,Germany,Female,38,0,44384.21,1,1,0,100807.24,0
8657,618,Spain,Male,34,7,0.0,1,1,1,175793.37,0
8658,624,Germany,Male,38,1,191600.62,1,1,0,34618.65,0
8659,638,France,Male,59,0,158111.17,2,1,0,80896.5,0
8660,406,France,Female,43,7,45144.38,2,1,1,37094.23,0
8661,695,France,Male,30,10,0.0,2,1,1,127157.65,0
8662,739,Spain,Male,21,8,0.0,1,0,0,9578.19,0
8663,696,Germany,Female,18,4,0.0,2,1,0,40442.87,1
8664,531,Spain,Male,30,1,127559.89,1,1,1,62169.87,0
8665,623,Germany,Male,46,0,97804.85,1,0,1,84336.07,0
8666,674,France,Female,33,6,0.0,1,1,1,54547.87,0
8667,649,Spain,Female,55,2,0.0,1,1,1,111623.87,0
8668,610,France,Male,35,9,0.0,1,1,1,121241.0,0
8669,825,France,Male,34,8,96208.86,1,1,1,40385.62,0
8670,783,France,Female,49,10,120972.93,2,1,1,183826.11,0
8671,754,France,Male,56,0,0.0,1,0,0,197088.57,1
8672,632,France,Male,43,3,55264.85,1,1,1,118142.78,0
8673,551,France,Female,60,10,30640.83,2,1,1,155786.53,0
8674,694,Germany,Female,65,6,121404.17,1,1,0,77418.05,0
8675,720,France,Male,41,1,128811.83,2,1,0,32820.0,1
8676,664,France,Male,46,5,0.0,2,1,1,5976.87,0
8677,590,France,Male,58,6,99745.16,1,0,0,57696.67,1
8678,709,France,Male,45,6,129661.13,2,0,0,42336.72,0
8679,639,Germany,Female,34,10,0.0,1,1,0,75575.35,0
8680,528,France,Male,18,5,0.0,2,1,0,156971.81,0
8681,820,Spain,Female,33,8,92431.79,1,0,1,180921.13,0
8682,540,Spain,Male,36,2,11139.19,2,1,0,77964.93,0
8683,573,France,Male,28,6,0.0,2,1,0,136737.9,0
8684,641,France,Female,46,0,0.0,1,1,1,90802.0,0
8685,724,Spain,Male,51,0,163178.43,1,1,1,197806.66,0
8686,762,Germany,Female,43,5,0.0,2,1,1,99658.04,0
8687,603,France,Male,27,4,187977.46,2,1,1,54988.74,0
8688,659,Germany,Female,44,1,0.0,1,1,1,282.16,1
8689,634,Spain,Female,36,5,0.0,2,1,1,95226.98,0
8690,637,France,Female,34,3,130240.96,1,1,1,157901.86,0
8691,804,Germany,Male,50,7,162892.81,1,1,0,190180.11,0
8692,603,France,Male,49,6,200586.16,1,0,1,141388.65,0
8693,573,France,Female,29,8,0.0,1,0,1,80977.82,0
8694,613,Germany,Female,39,1,28082.28,2,0,1,167677.03,0
8695,779,France,Male,46,3,122327.2,3,0,0,66914.13,0
8696,640,Germany,Female,36,9,0.0,3,0,0,82988.58,0
8697,826,France,Male,48,2,0.0,2,0,1,139621.2,0
8698,545,France,Male,34,9,123291.32,1,1,0,126406.24,0
8699,456,France,Female,29,2,90436.02,2,1,1,182151.62,0
8700,590,France,Female,51,2,8994.17,2,1,1,159829.48,0
8701,469,France,Male,37,0,0.0,3,0,0,118408.89,0
8702,680,France,Female,18,5,81124.43,1,1,1,87923.39,0
8703,826,France,Female,41,6,90320.21,2,0,0,46403.78,0
8704,589,France,Female,33,1,0.0,1,1,0,161303.77,0
8705,593,Germany,Female,55,9,0.0,2,1,1,37856.55,1
8706,534,Germany,Male,25,7,110979.6,1,1,1,197766.7,0
8707,598,France,Male,39,1,0.0,1,1,0,162368.73,0
8708,704,France,Female,39,2,0.0,2,0,1,164852.55,0
8709,707,Germany,Female,35,0,26374.07,2,1,1,55281.97,0
8710,625,France,Male,31,4,113895.19,2,1,0,148229.76,0
8711,560,France,Male,24,7,31479.17,1,1,1,22114.41,0
8712,641,Germany,Female,40,5,92655.9,2,1,0,146811.17,0
8713,479,Germany,Male,67,1,42955.21,2,0,0,79708.29,1
8714,756,Spain,Male,34,5,49568.88,1,1,1,69094.55,0
8715,649,Germany,Female,20,0,167922.24,1,0,1,85175.53,0
8716,548,France,Male,39,4,0.0,2,0,0,18716.65,1
8717,697,France,Male,31,3,168344.03,1,1,0,505.18,0
8718,648,Spain,Female,42,1,101881.81,1,1,1,19368.79,0
8719,594,Germany,Male,19,5,0.0,1,0,0,167151.39,0
8720,696,Germany,Female,24,4,146603.24,2,1,1,111616.65,0
8721,666,Germany,Male,36,6,0.0,1,1,1,131113.79,0
8722,613,France,Female,41,5,0.0,2,0,1,18720.5,0
8723,850,Germany,Female,44,3,0.0,2,1,0,88289.09,0
8724,649,Spain,Male,31,0,83010.41,1,0,0,126486.24,0
8725,567,France,Female,37,7,0.0,2,1,1,122763.97,1
8726,681,Spain,Male,50,6,0.0,2,1,1,93704.78,0
8727,767,Spain,Male,30,4,78036.6,2,1,1,69286.45,0
8728,529,Spain,Female,46,2,0.0,1,1,1,149811.39,0
8729,576,France,Male,44,4,104666.43,4,0,1,102944.11,0
8730,532,France,Male,41,3,136776.81,1,1,0,137412.79,0
8731,737,Germany,Male,47,9,116801.65,1,0,0,139709.08,0
8732,440,France,Male,23,0,0.0,1,0,0,3654.72,0
8733,726,Spain,Male,29,8,0.0,1,0,0,39562.84,0
8734,504,Germany,Male,23,3,171631.83,2,1,1,120557.19,0
8735,520,France,Male,45,8,0.0,2,0,0,80428.52,0
8736,558,France,Female,49,6,129424.69,1,0,0,59650.65,0
8737,833,France,Female,25,5,31596.84,2,1,0,178658.08,0
8738,661,Germany,Female,25,3,0.0,1,1,1,141031.52,0
8739,786,France,Male,18,9,136248.74,1,1,0,5423.26,0
8740,701,Germany,Female,47,9,0.0,1,1,1,141647.1,0
8741,612,France,Male,39,5,133788.85,2,0,1,141353.5,0
8742,731,France,Male,26,3,0.0,1,1,1,33123.18,0
8743,714,Spain,Female,26,1,42898.25,1,1,0,25271.05,0
8744,690,Spain,Female,44,7,0.0,2,1,1,55100.42,0
8745,795,France,Male,25,6,0.0,1,0,0,32844.37,0
8746,771,Germany,Female,41,8,201724.08,3,0,0,69517.29,0
8747,649,France,Male,42,1,0.0,2,1,1,66697.19,0
8748,654,France,Female,51,4,0.0,1,0,1,113507.19,0
8749,836,Germany,Female,18,7,91905.01,1,1,1,146048.01,0
8750,686,France,Male,40,10,39530.91,2,1,1,125003.33,0
8751,615,Spain,Male,18,2,0.0,2,0,1,90444.92,1
8752,561,France,Male,36,0,112475.31,1,1,0,90281.58,0
8753,509,France,Female,46,9,62620.7,1,1,1,123598.82,0
8754,790,France,Male,46,1,0.0,1,1,0,118284.55,0
8755,649,France,Female,42,7,172066.65,3,0,0,180647.29,0
8756,588,Germany,Male,57,8,86869.29,1,1,1,9277.12,0
8757,704,Germany,Male,24,8,0.0,1,1,1,158883.79,0
8758,584,France,Male,50,0,88310.92,2,1,0,128954.97,0
8759,523,Spain,Female,21,4,82908.98,2,0,1,108469.22,0
8760,503,France,Male,26,6,86456.09,2,1,1,22867.06,0
8761,597,France,Male,41,4,0.0,1,1,0,110687.27,0
8762,603,Spain,Male,36,9,0.0,1,1,0,170260.84,1
8763,611,France,Male,52,4,0.0,1,1,0,194919.55,0
8764,792,France,Male,18,7,147200.72,2,1,1,30708.21,0
8765,586,France,Female,50,4,0.0,1,0,1,1145.51,0
8766,644,France,Female,44,10,0.0,1,1,1,81371.92,0
8767,547,France,Male,42,1,37389.33,2,1,0,173470.05,0
8768,738,Germany,Male,38,8,189460.82,2,1,0,17940.32,1
8769,658,France,Male,39,3,60912.21,1,0,1,178546.95,0
8770,549,France,Male,36,5,0.0,1,0,0,59963.43,0
8771,630,France,Male,37,1,0.0,2,1,1,158440.55,0
8772,632,Germany,Male,45,2,72805.33,2,1,0,16240.41,0
8773,560,Germany,Male,27,4,118111.18,1,1,1,103203.6,1
8774,543,Germany,Male,21,10,0.0,2,1,1,135254.17,1
8775,645,France,Female,45,8,0.0,2,1,1,162211.63,0
8776,671,France,Male,24,9,77145.59,2,1,0,14755.31,0
8777,850,Germany,Female,42,2,70817.25,2,1,1,72765.87,0
8778,627,France,Female,32,3,79065.52,2,0,0,188292.48,0
8779,663,Germany,Female,49,5,157623.43,1,1,1,87917.31,1
8780,674,France,Female,40,9,54050.77,2,1,0,113748.08,0
8781,524,Spain,Male,47,1,88051.44,1,0,1,180790.99,0
8782,550,France,Female,28,1,49531.18,2,1,0,88395.03,0
8783,850,Germany,Male,23,9,0.0,2,0,1,193177.09,0
8784,695,Germany,Female,26,6,36574.1,2,1,1,18027.39,0
8785,676,France,Male,35,10,0.0,2,1,1,113604.07,0
8786,627,Spain,Male,61,2,0.0,1,1,1,131125.96,0
8787,727,France,Female,40,10,91468.33,2,1,1,187706.0,0
8788,635,Spain,Male,24,5,107266.75,1,1,1,10265.65,0
8789,647,France,Male,38,0,71593.51,1,1,1,28307.42,0
8790,536,Spain,Female,37,4,139237.02,1,0,0,126600.54,0
8791,732,France,Male,18,10,0.0,4,1,1,45044.3,0
8792,531,France,Male,26,6,88785.36,1,1,0,163787.26,0
8793,812,Spain,Male,54,8,0.0,2,1,1,34292.81,0
8794,515,Spain,Female,56,10,0.0,2,0,0,177844.39,0
8795,662,France,Male,33,2,51159.24,2,1,1,32611.01,0
8796,703,France,Male,27,0,167604.1,1,1,0,80063.3,0
8797,850,Germany,Female,29,10,0.0,2,1,1,158449.31,0
8798,648,France,Female,56,9,5910.23,2,0,0,50836.54,0
8799,517,France,Female,31,1,150338.11,1,1,1,161380.8,0
8800,780,Spain,Male,30,10,167001.08,1,1,1,15169.24,0
8801,753,France,Female,22,5,162853.17,2,0,1,86411.17,0
8802,592,France,Female,23,6,177029.04,1,1,1,139676.97,0
8803,673,Spain,Female,60,10,111022.14,1,1,1,133252.03,0
8804,708,Spain,Male,57,0,0.0,1,1,1,169568.46,0
8805,734,France,Male,27,10,78399.0,2,1,1,158334.61,0
8806,527,France,Female,27,2,118546.28,2,1,1,151792.97,0
8807,712,Germany,Male,46,1,0.0,2,1,0,148448.46,0
8808,734,France,Male,41,9,0.0,2,0,0,193616.01,0
8809,718,France,Male,26,1,0.0,1,1,1,73949.13,0
8810,674,France,Female,42,4,66920.71,2,1,1,177798.85,0
8811,850,Germany,Male,52,1,78567.43,2,0,1,118715.63,0
8812,549,France,Female,35,3,75891.33,2,0,0,173000.83,0
8813,642,Germany,Female,20,7,0.0,1,0,0,120515.41,0
8814,850,France,Male,35,8,155507.23,2,1,0,26745.31,0
8815,581,France,Male,37,0,128496.93,1,0,1,127669.27,0
8816,548,France,Male,20,5,0.0,1,1,1,12136.69,0
8817,605,France,Female,50,0,0.0,2,0,0,176274.91,1
8818,601,Germany,Male,28,2,0.0,2,1,1,163410.9,0
8819,598,Germany,Female,41,9,43464.69,2,1,1,186960.33,0
8820,757,Spain,Male,24,1,0.0,1,0,0,188901.22,0
8821,706,Germany,Male,46,2,79259.2,1,0,0,118061.24,0
8822,731,Germany,Male,30,0,99209.65,1,0,0,86170.71,0
8823,729,France,Male,25,5,0.0,1,1,1,68531.01,0
8824,767,Germany,Male,43,8,20964.78,2,0,0,175838.98,0
8825,683,France,Male,24,3,122614.44,1,1,1,76874.6,0
8826,701,Spain,Female,36,1,58319.15,1,1,1,175062.86,0
8827,697,Germany,Female,27,3,0.0,1,1,1,164130.29,0
8828,642,Spain,Female,41,7,39315.0,1,0,1,189639.36,0
8829,600,Germany,Female,23,9,206317.82,1,0,1,147595.28,0
8830,560,Germany,Male,41,1,150685.16,1,1,0,79649.07,0
8831,744,Spain,Male,19,7,100559.94,1,1,0,195016.52,0
8832,716,Spain,Male,18,7,9683.0,2,0,0,46393.0,0
8833,850,France,Male,37,4,118652.82,1,0,0,121721.86,0
8834,397,Spain,Male,42,5,0.0,2,1,0,15466.45,0
8835,641,Germany,Male,29,8,0.0,1,1,0,109772.43,0
8836,655,France,Male,49,2,149910.8,2,1,0,141940.73,0
8837,521,Spain,Female,52,8,0.0,2,1,0,64348.33,0
8838,517,Spain,Male,30,3,164955.08,1,0,1,10848.23,0
8839,731,Spain,Male,24,1,0.0,2,1,0,115342.53,0
8840,643,Germany,Female,41,0,0.0,1,0,1,108180.49,0
8841,795,France,Male,29,8,83337.25,2,1,0,124655.62,0
8842,715,Spain,Male,33,4,185067.72,1,1,0,73480.24,0
8843,513,Spain,Male,45,5,111175.01,2,0,1,107555.21,0
8844,356,France,Male,47,0,0.0,2,0,0,163441.68,1
8845,652,Germany,Female,44,0,153070.43,2,1,0,117120.04,1
8846,553,France,Female,21,0,0.0,2,0,1,123318.33,0
8847,626,France,Male,26,1,0.0,2,0,1,86923.52,0
8848,675,Germany,Male,35,5,153801.23,1,1,0,41138.71,0
8849,478,Germany,Female,27,8,166969.77,1,0,1,157719.73,0
8850,576,France,Male,46,10,98559.49,2,1,1,99388.65,0
8851,570,Germany,Female,30,1,24035.11,1,1,0,179972.0,0
8852,703,France,Female,40,8,0.0,3,1,0,124967.15,0
8853,621,France,Female,18,7,112750.39,2,1,0,140490.99,0
8854,430,Germany,Male,61,6,0.0,1,1,1,36937.05,0
8855,611,France,Male,29,3,0.0,2,0,0,90536.76,0
8856,551,France,Female,34,4,114117.36,2,1,0,198027.0,0
8857,582,France,Female,34,7,0.0,2,1,1,55679.36,0
8858,700,France,Male,21,6,157756.59,1,1,1,124325.7,0
8859,592,Germany,Female,37,4,103048.1,2,1,0,181083.23,0
8860,720,Spain,Male,22,10,0.0,2,1,1,73917.3,0
8861,584,Germany,Female,31,10,129636.06,4,1,1,174927.98,0
8862,583,Germany,Male,32,3,0.0,1,0,1,68200.08,0
8863,366,France,Male,34,1,0.0,2,0,1,17649.17,0
8864,669,Spain,Male,26,6,79264.54,2,1,0,33375.05,1
8865,659,France,Male,26,1,205684.23,1,1,1,55788.19,0
8866,715,Spain,Female,22,0,0.0,1,1,1,172047.57,0
8867,651,Germany,Male,37,2,102559.7,1,1,1,76999.41,0
8868,648,France,Male,52,2,114984.6,2,0,0,141723.17,0
8869,544,France,Female,25,5,0.0,1,1,1,147806.63,0
8870,645,Germany,Female,55,0,0.0,1,0,0,45611.78,0
8871,539,Germany,Female,44,10,0.0,2,1,0,68789.62,0
8872,585,France,Female,18,1,78826.6,1,1,0,56435.12,0
8873,823,France,Male,25,8,61311.78,3,1,0,119548.73,0
8874,687,Spain,Male,31,4,0.0,2,0,1,25977.06,0
8875,724,France,Female,57,9,91007.51,2,1,0,71437.54,0
8876,540,Spain,Female,59,8,0.0,3,1,1,60927.75,0
8877,672,France,Female,54,1,175900.18,2,1,0,37590.26,1
8878,830,France,Male,36,1,0.0,1,1,1,147225.5,0
8879,705,France,Female,24,8,36132.23,1,1,1,81003.7,0
8880,690,France,Female,21,5,210354.55,2,1,1,81441.62,0
8881,687,Germany,Male,25,4,0.0,3,0,0,128984.94,0
8882,741,Spain,Male,41,7,139725.4,1,0,0,179339.66,1
8883,784,Germany,Female,34,6,54244.0,1,1,0,68072.39,0
8884,662,France,Female,52,5,44153.08,1,0,0,11938.81,0
8885,613,Germany,Female,48,1,0.0,2,0,1,62229.78,0
8886,832,France,Female,79,2,0.0,2,1,0,122940.36,0
8887,594,France,Female,46,0,0.0,2,1,1,50785.06,0
8888,771,France,Female,30,7,194254.66,2,1,0,16315.06,0
8889,625,France,Male,30,8,0.0,1,0,0,115837.67,0
8890,648,France,Female,20,1,0.0,2,1,0,90272.66,0
8891,634,Spain,Female,48,6,138980.71,1,1,1,43391.13,1
8892,742,Spain,Female,18,4,0.0,1,1,1,61803.94,0
8893,537,Germany,Female,40,0,20457.56,2,1,0,84906.91,0
8894,728,France,Female,40,1,0.0,1,1,0,143748.25,1
8895,619,France,Male,37,9,0.0,2,0,1,50852.89,0
8896,753,Germany,Female,28,8,56196.02,1,1,0,104029.38,0
8897,669,Spain,Male,30,4,53837.25,2,1,1,51755.62,0
8898,761,France,Female,29,6,175359.66,2,1,1,196705.87,0
8899,780,France,Female,31,8,49354.27,1,1,1,125814.57,0
8900,719,France,Female,38,8,0.0,1,1,1,43538.7,0
8901,681,France,Female,48,0,54133.08,1,0,0,160789.51,0
8902,752,Germany,Male,47,5,250000.0,1,1,0,191275.53,0
8903,509,France,Male,34,5,0.0,1,0,1,42055.94,0
8904,565,France,Male,39,1,198311.22,1,1,1,45643.66,0
8905,646,France,Male,39,3,0.0,2,0,1,112924.41,0
8906,618,France,Male,51,6,118154.71,1,1,1,137185.53,0
8907,449,France,Male,44,0,0.0,2,0,1,72320.9,0
8908,543,France,Male,29,8,0.0,2,1,0,41006.27,0
8909,670,France,Female,47,0,101199.21,1,1,1,187676.91,0
8910,737,Spain,Male,41,7,0.0,1,0,1,103827.47,0
8911,779,France,Female,60,0,186711.48,1,1,1,39186.21,0
8912,600,France,Male,21,8,127029.83,2,0,1,136655.08,0
8913,649,France,Male,33,10,120474.88,2,1,0,41222.17,0
8914,527,Germany,Female,62,0,110571.34,2,1,1,90154.28,0
8915,608,France,Female,36,8,82268.13,1,1,0,106829.74,0
8916,720,Germany,Male,39,9,184717.63,2,1,0,190035.78,0
8917,586,France,Male,34,0,51116.59,1,1,0,21480.41,0
8918,702,France,Male,35,8,0.0,1,1,1,117331.44,0
8919,685,France,Female,27,7,0.0,3,1,1,12870.77,0
8920,652,Spain,Female,29,4,0.0,1,0,1,112852.5,0
8921,723,France,Male,58,9,107073.28,1,1,0,47094.87,0
8922,787,France,Female,40,9,0.0,2,1,0,186145.42,0
8923,552,France,Male,37,4,173224.66,2,0,1,30244.01,0
8924,698,France,Female,41,6,0.0,2,1,0,5570.98,0
8925,767,Spain,Male,39,5,19695.92,2,1,0,99050.47,0
8926,636,Germany,Male,35,2,0.0,2,0,1,96628.82,0
8927,443,Spain,Female,31,0,160855.01,1,1,0,19532.34,0
8928,389,Germany,Female,39,6,118272.24,2,1,1,179254.18,0
8929,580,Germany,Male,32,1,0.0,1,0,1,12603.02,0
8930,503,France,Female,18,3,205474.52,2,1,1,9462.45,0
8931,536,Germany,Female,27,1,0.0,1,1,1,124479.41,1
8932,674,Germany,Female,32,9,109672.72,2,0,0,108944.53,0
8933,696,France,Male,45,9,31058.12,2,1,0,7910.34,0
8934,850,France,Male,44,2,0.0,2,1,0,97526.27,0
8935,618,Germany,Male,21,10,0.0,1,1,1,57478.58,0
8936,745,Spain,Male,30,0,0.0,1,1,1,181390.38,0
8937,677,France,Male,25,6,0.0,1,1,0,56557.59,0
8938,703,Spain,Male,21,5,0.0,2,1,1,59440.49,0
8939,522,Germany,Male,30,10,0.0,1,0,0,61614.74,0
8940,535,France,Female,42,6,108801.81,2,1,0,148080.17,0
8941,716,France,Male,50,9,47192.7,1,1,1,57217.91,0
8942,598,France,Female,19,3,0.0,2,0,1,146417.4,0
8943,648,Germany,Female,41,9,60128.21,2,1,0,149618.32,1
8944,672,Germany,Female,21,8,0.0,2,0,0,24557.06,0
8945,541,France,Female,34,4,123398.01,2,0,0,128433.24,0
8946,600,Spain,Female,60,8,43455.09,1,1,1,99117.02,0
8947,818,France,Male,24,10,229589.02,3,1,1,23660.43,1
8948,584,Spain,Male,46,9,0.0,2,1,1,174766.38,0
8949,712,France,Male,26,6,120389.23,2,1,1,60259.41,0
8950,733,France,Male,44,2,16117.16,1,1,0,117579.3,0
8951,652,France,Female,41,6,125546.6,1,0,0,90358.56,0
8952,583,France,Female,37,7,0.0,2,1,0,105075.57,0
8953,659,Germany,Male,23,9,20522.62,1,1,0,111874.34,0
8954,712,Spain,Male,38,3,0.0,1,1,0,77714.46,1
8955,651,France,Male,32,2,47077.47,2,1,1,131012.05,0
8956,580,Germany,Female,33,1,100247.85,2,0,0,194609.09,0
8957,596,Germany,Male,46,0,161392.77,1,1,0,140739.76,0
8958,697,Germany,Male,24,6,0.0,2,0,1,113747.17,0
8959,675,Spain,Female,49,5,143255.48,2,0,0,77684.35,0
8960,554,France,Female,48,10,149865.82,1,1,0,16313.19,1
8961,587,France,Female,50,1,0.0,2,1,0,71423.94,0
8962,556,Germany,Male,42,9,0.0,1,1,1,158341.22,0
8963,663,Spain,Male,28,6,0.0,1,1,1,63253.67,0
8964,724,Germany,Female,28,10,0.0,2,0,1,154943.78,0
8965,587,Spain,Male,29,3,0.0,2,0,1,52001.47,0
8966,688,France,Male,26,8,73928.73,1,1,1,90443.23,0
8967,651,France,Male,29,6,0.0,2,1,0,198461.66,0
8968,613,France,Male,39,10,145753.04,1,1,1,54916.63,0
8969,609,Germany,Male,37,1,101605.29,2,1,0,11035.72,1
8970,514,Spain,Male,43,7,0.0,2,1,0,114774.16,1
8971,726,Spain,Female,29,3,35615.19,2,1,1,67650.54,0
8972,480,France,Male,66,10,0.0,1,1,1,122723.06,0
8973,643,Spain,Male,38,0,109557.0,2,1,0,121960.73,0
8974,587,Germany,Female,42,1,56512.72,1,0,1,26357.09,0
8975,689,Germany,Male,36,8,0.0,1,1,1,154760.12,0
8976,709,France,Male,47,2,0.0,1,0,1,4915.94,0
8977,417,France,Male,20,7,94872.26,1,1,1,102237.96,0
8978,667,Germany,Male,40,5,81166.95,2,1,1,63549.23,1
8979,734,France,Male,44,3,60125.23,2,1,1,194672.84,0
8980,589,France,Male,47,10,157333.55,2,1,0,107323.67,0
8981,487,Germany,Male,38,6,137279.26,1,1,1,161289.04,0
8982,680,Germany,Female,54,3,75779.53,2,1,1,44851.72,0
8983,731,Germany,Male,36,2,92186.1,2,1,1,41738.45,0
8984,781,Germany,Female,20,6,0.0,2,0,0,154892.24,0
8985,623,France,Male,25,2,54019.57,2,1,0,25232.99,0
8986,671,France,Female,54,3,0.0,1,1,1,81268.22,0
8987,550,France,Female,31,1,0.0,2,0,1,59154.67,0
8988,445,Spain,Female,21,5,197490.08,1,0,0,53909.93,0
8989,665,Spain,Male,19,10,85904.17,3,1,0,134042.17,0
8990,589,Germany,Male,24,3,83306.06,2,0,0,32569.77,0
8991,724,Spain,Female,37,7,0.0,1,1,1,9041.04,0
8992,590,Spain,Male,50,7,152540.95,1,0,1,179379.07,0
8993,547,France,Male,56,6,0.0,2,1,1,49730.55,0
8994,504,Germany,Female,41,6,48313.16,1,1,0,168709.89,0
8995,713,France,Male,34,0,0.0,2,1,0,65176.41,1
8996,748,Germany,Female,60,3,0.0,1,1,1,142453.81,0
8997,626,Germany,Male,41,3,0.0,1,1,1,10009.59,0
8998,586,Germany,Female,37,5,77636.1,2,1,1,158814.11,0
8999,656,Spain,Female,39,8,149143.95,1,0,0,120318.17,0
9000,578,France,Male,40,5,0.0,2,1,0,161373.93,0
9001,722,France,Female,37,5,0.0,2,1,1,59559.71,0
9002,692,Germany,Male,29,2,0.0,1,0,1,115531.02,0
9003,602,France,Female,68,9,119472.75,2,1,1,18325.41,0
9004,527,Germany,Male,24,7,84259.48,1,1,1,104253.84,1
9005,640,Germany,Male,26,3,0.0,1,1,1,195332.33,1
9006,484,France,Female,18,0,153483.88,1,1,1,41600.25,0
9007,482,Spain,Female,24,8,104467.12,1,1,0,135291.42,0
9008,485,Spain,Male,43,5,0.0,2,1,0,155843.19,1
9009,640,France,Male,25,0,162629.32,1,1,0,135903.16,0
9010,630,Spain,Male,45,5,0.0,2,1,1,147056.03,0
9011,671,France,Male,50,4,0.0,1,1,1,6980.23,0
9012,583,France,Male,54,2,103908.57,2,1,0,92880.95,0
9013,612,Germany,Male,40,0,180495.78,1,0,0,181681.87,0
9014,850,France,Female,39,7,89738.79,1,0,1,171949.46,0
9015,636,Germany,Male,18,6,0.0,2,1,1,73215.83,0
9016,705,France,Female,29,7,147220.66,2,0,0,108097.15,0
9017,545,Spain,Male,43,3,101289.03,2,0,0,30551.78,0
9018,529,France,Female,20,1,38419.29,1,0,1,645.57,1
9019,607,France,Male,58,7,172158.28,2,1,1,10977.33,1
9020,725,Spain,Female,25,8,124611.09,2,1,1,98211.56,0
9021,628,France,Female,23,8,198250.06,1,1,0,80580.95,0
9022,647,Spain,Male,48,6,0.0,1,0,0,137473.31,1
9023,650,Spain,Male,55,7,0.0,1,1,1,92291.4,0
9024,585,Germany,Female,37,2,62672.14,1,1,1,63135.05,0
9025,797,France,Female,18,9,0.0,1,1,1,159613.38,0
9026,620,Germany,Male,37,0,0.0,1,0,0,179457.18,1
9027,559,France,Male,18,7,0.0,1,1,1,175818.68,0
9028,710,France,Female,22,8,11982.26,1,1,0,932.38,0
9029,767,Germany,Male,40,10,184555.63,1,1,0,43223.21,0
9030,593,France,Female,38,2,73455.58,1,1,1,6508.91,0
9031,690,Spain,Female,29,2,144466.6,2,1,0,9173.1,0
9032,699,Germany,Male,35,8,0.0,2,0,1,167610.85,0
9033,654,France,Male,29,7,127019.38,1,1,0,172149.02,1
9034,569,France,Male,30,2,16514.12,1,0,1,44645.0,0
9035,744,Germany,Male,43,3,73422.03,1,1,1,41055.78,0
9036,744,Spain,Male,19,9,0.0,2,1,0,185540.68,0
9037,677,France,Male,23,5,0.0,2,0,1,168203.39,0
9038,527,Germany,Female,39,1,0.0,1,0,0,163485.29,0
9039,741,France,Female,25,8,0.0,2,1,1,25675.25,0
9040,741,France,Male,28,2,107216.14,1,1,1,140981.43,0
9041,711,France,Male,37,3,79538.59,1,1,1,32693.63,0
9042,586,Spain,Female,52,1,88793.48,2,0,0,188261.53,1
9043,789,Spain,Female,43,5,55556.04,2,1,0,167321.45,0
9044,508,Germany,Male,38,10,0.0,1,1,0,110992.2,0
9045,569,France,Female,49,8,0.0,2,1,1,127812.64,0
9046,578,Germany,Male,36,7,0.0,2,1,0,191396.13,0
9047,712,France,Male,30,10,121768.78,2,1,0,145566.2,0
9048,719,France,Male,26,1,42973.0,1,1,1,87858.68,1
9049,693,France,Male,22,7,0.0,1,0,1,133774.51,0
9050,536,France,Female,34,7,98086.28,1,1,1,37039.12,0
9051,786,Spain,Male,24,2,96277.3,1,1,1,106253.32,0
9052,729,France,Male,41,3,110660.88,2,1,1,39309.58,0
9053,621,France,Female,36,2,92657.28,1,1,1,164042.98,0
9054,681,Spain,Female,37,3,139094.71,2,1,0,78164.48,0
9055,577,France,Male,20,3,0.0,2,1,1,171012.3,0
9056,524,Spain,Male,21,4,109352.69,2,0,0,45152.85,0
9057,764,France,Male,37,0,0.0,1,0,0,539.17,0
9058,624,France,Male,37,6,0.0,1,1,0,47548.13,0
9059,684,France,Male,47,4,165258.43,2,1,0,199277.33,1
9060,699,Germany,Male,53,10,221206.94,1,1,0,165211.49,1
9061,660,Germany,Female,20,10,248008.6,2,1,1,32986.45,0
9062,585,France,Male,41,2,177384.32,2,0,1,53039.88,0
9063,787,Spain,Female,26,4,123725.71,2,1,0,66016.46,0
9064,850,Germany,Male,23,7,0.0,2,1,1,150616.39,0
9065,747,France,Male,33,8,172268.56,1,1,0,167471.22,0
9066,724,Spain,Female,40,0,113020.32,1,1,1,110061.4,0
9067,467,France,Female,35,10,65508.42,2,1,1,1584.5,0
9068,609,France,Female,23,7,103337.62,2,1,1,122014.08,0
9069,850,France,Male,36,8,78971.55,2,1,1,38363.83,0
9070,657,France,Male,32,5,0.0,2,1,1,17950.76,0
9071,452,Spain,Female,39,1,70920.86,2,1,1,2993.44,0
9072,786,France,Female,47,6,109341.19,2,0,0,36197.26,0
9073,676,France,Female,37,3,62905.17,2,1,0,60244.06,0
9074,580,France,Male,24,1,0.0,2,1,1,38490.24,0
9075,606,France,Female,41,0,86695.14,2,1,0,54322.2,0
9076,686,France,Female,38,9,0.0,1,1,1,66595.51,0
9077,714,Germany,Female,30,1,0.0,1,1,1,46440.68,0
9078,668,Spain,Female,24,3,113972.13,1,1,0,47349.1,0
9079,535,Spain,Male,46,10,26464.45,3,1,0,80407.24,0
9080,695,France,Female,46,7,5815.21,2,0,0,76337.88,0
9081,727,France,Female,35,5,0.0,1,1,0,136780.68,1
9082,630,Germany,Male,45,1,171304.61,1,0,1,77058.48,0
9083,606,Spain,Male,33,8,0.0,2,1,0,37540.57,0
9084,780,France,Female,44,8,0.0,1,0,0,73781.73,0
9085,545,Spain,Male,50,6,47149.6,1,1,1,63803.88,0
9086,785,Germany,Female,51,9,0.0,2,1,0,122552.31,0
9087,717,Germany,Female,56,3,97525.05,2,0,1,55928.28,0
9088,644,Germany,Female,27,2,0.0,1,1,1,500.58,0
9089,819,France,Male,21,4,0.0,2,1,1,111401.13,0
9090,729,Spain,Female,32,2,18753.47,2,1,0,162601.85,0
9091,603,Germany,Female,49,8,154223.44,1,1,0,164810.06,0
9092,555,Germany,Male,62,3,0.0,2,0,1,167333.08,0
9093,530,Spain,Male,19,4,0.0,1,0,1,164053.52,0
9094,748,Germany,Male,25,7,0.0,2,0,1,22554.29,0
9095,719,France,Male,50,10,60543.91,1,0,0,63447.03,0
9096,535,Spain,Female,33,7,79974.14,1,0,1,74694.92,0
9097,729,Spain,Male,31,6,102625.55,1,1,1,58639.84,0
9098,714,France,Male,34,10,0.0,2,0,0,4655.59,0
9099,662,Spain,Female,53,5,124568.53,2,0,1,141229.72,0
9100,772,France,Female,55,5,124973.96,1,0,0,140015.19,1
9101,620,France,Male,22,8,91803.93,1,1,0,102562.83,0
9102,824,Germany,Male,47,2,174002.24,2,1,1,133845.06,0
9103,733,Spain,Male,31,2,123850.61,2,1,0,76526.93,0
9104,558,Spain,Male,40,4,101872.08,1,1,1,123642.05,0
9105,767,France,Female,31,2,237705.16,2,0,0,126748.78,0
9106,747,France,Female,45,0,173752.72,1,0,0,109916.44,1
9107,603,Spain,Male,19,3,147298.53,2,0,1,98910.73,0
9108,590,France,Female,26,4,0.0,1,1,0,36354.57,0
9109,643,France,Female,24,3,73743.78,1,1,0,185866.61,0
9110,713,Germany,Female,41,5,0.0,2,1,1,156902.92,1
9111,600,France,Male,42,4,0.0,1,1,1,88004.59,0
9112,632,Germany,Male,18,10,82953.11,1,1,0,149403.07,0
9113,598,Spain,Male,34,5,122293.72,1,0,0,77974.16,0
9114,675,France,Male,28,4,93013.02,2,1,0,135529.38,0
9115,686,Germany,Female,44,3,0.0,2,1,1,1159.34,0
9116,644,France,Male,27,0,147686.5,1,1,0,192472.37,0
9117,808,Germany,Male,35,5,169762.28,2,1,1,148971.66,0
9118,694,France,Female,44,2,47662.4,1,0,0,61189.07,1
9119,727,France,Female,30,6,0.0,2,1,0,82055.15,0
9120,533,France,Male,39,1,25570.08,2,1,0,140568.65,0
9121,664,Germany,Female,44,9,134162.6,2,1,1,195341.75,0
9122,639,France,Male,44,0,99695.7,2,0,0,146809.4,0
9123,756,Germany,Female,55,9,0.0,1,0,1,6941.04,0
9124,715,Spain,Male,61,6,0.0,3,1,1,63438.79,0
9125,589,Germany,Female,26,9,61820.87,1,0,1,85263.8,0
9126,524,France,Female,20,0,159765.17,2,1,0,129870.2,0
9127,670,Germany,Male,33,9,144158.79,2,0,1,120840.38,0
9128,591,Spain,Male,42,5,0.0,1,1,0,71300.92,0
9129,659,France,Female,26,7,86082.56,1,1,1,189412.35,0
9130,600,Germany,Male,42,7,79161.93,2,0,1,166609.12,0
9131,683,Spain,Female,36,8,113331.98,2,1,1,65596.88,0
9132,520,Germany,Male,21,9,0.0,2,1,1,60316.8,0
9133,524,France,Male,35,5,0.0,2,0,0,180972.48,1
9134,645,Spain,Female,31,2,0.0,2,1,1,139834.61,0
9135,683,Spain,Female,24,1,95825.34,1,1,1,113065.36,0
9136,624,France,Female,32,4,0.0,1,1,1,13321.93,0
9137,751,Spain,Female,18,8,74218.01,1,0,1,402.86,0
9138,630,France,Male,35,8,89979.43,1,1,1,33221.49,0
9139,728,Spain,Male,47,9,58613.8,2,1,1,195624.0,0
9140,823,Germany,Male,28,9,0.0,2,0,0,135115.62,0
9141,583,France,Male,33,0,0.0,1,1,1,68514.64,0
9142,830,France,Female,34,3,0.0,2,0,1,37610.7,0
9143,458,France,Female,22,10,0.0,2,1,1,48209.73,0
9144,522,France,Male,37,9,106622.9,1,1,0,71265.96,0
9145,585,France,Male,53,9,0.0,1,0,0,19942.94,1
9146,807,Germany,Male,23,7,0.0,2,1,0,174666.17,1
9147,720,France,Female,38,7,194540.67,1,0,0,186041.12,0
9148,652,Spain,Male,29,6,0.0,2,1,0,92212.56,0
9149,737,Spain,Female,57,8,42913.73,1,0,1,119059.47,0
9150,725,France,Male,40,8,89386.69,1,1,1,28281.18,0
9151,445,France,Male,53,9,109525.92,1,1,0,90775.27,0
9152,594,Germany,Female,35,3,0.0,1,0,0,123437.8,1
9153,752,France,Female,36,4,27033.96,2,1,1,100747.56,0
9154,417,France,Female,23,3,119120.27,2,1,1,132309.53,0
9155,679,Spain,Male,45,10,67407.64,1,1,1,125142.27,0
9156,662,France,Male,25,3,0.0,2,1,1,77316.29,0
9157,394,France,Male,42,1,54824.44,2,0,1,5086.57,0
9158,543,Germany,Male,18,10,107570.15,2,1,0,169802.58,0
9159,534,Spain,Male,22,2,36628.79,2,0,1,100719.48,0
9160,644,Germany,Female,36,7,56116.12,2,1,1,15225.34,0
9161,576,France,Male,26,1,108630.1,2,1,1,15834.66,0
9162,564,France,Male,18,10,128099.6,2,1,0,55591.65,0
9163,448,France,Female,46,5,0.0,2,0,1,190164.31,0
9164,693,France,Male,51,3,86466.39,1,1,0,126479.11,0
9165,662,Spain,Female,52,9,61399.0,1,0,1,25490.82,1
9166,693,Germany,Male,43,4,78960.64,2,1,1,66485.92,0
9167,503,France,Female,50,4,68483.52,2,0,1,68795.77,0
9168,500,Spain,Male,68,0,110558.46,2,0,0,87205.26,0
9169,768,Germany,Male,35,10,0.0,2,0,0,94743.16,0
9170,643,France,Female,34,3,79021.36,1,1,0,181321.61,0
9171,683,Spain,Female,33,9,11327.63,2,0,1,188814.19,0
9172,725,Germany,Female,27,0,91404.57,2,1,1,59657.12,0
9173,699,Spain,Female,32,1,193061.24,2,1,1,119095.07,1
9174,608,France,Female,21,1,0.0,4,1,1,96479.88,1
9175,600,Germany,Male,45,8,233231.28,2,0,0,177580.74,0
9176,526,France,Female,33,8,114332.26,1,1,0,123233.44,0
9177,509,France,Male,29,10,130968.82,2,1,1,26799.75,0
9178,469,France,Male,26,8,0.0,2,1,0,167854.52,0
9179,752,France,Female,23,6,0.0,2,0,1,82390.87,0
9180,648,Spain,Male,31,7,41061.76,2,1,0,147005.47,0
9181,757,Germany,Male,45,5,60572.97,1,0,0,38961.86,1
9182,699,Germany,Female,30,2,0.0,2,1,0,95971.15,0
9183,507,France,Male,29,3,207180.21,1,0,0,84068.13,0
9184,536,Germany,Female,43,8,57500.8,1,1,0,130857.25,1
9185,643,France,Male,23,7,0.0,2,0,0,104596.08,0
9186,625,Germany,Female,38,3,0.0,1,1,1,191074.43,0
9187,605,Spain,Male,30,4,122390.97,1,1,1,15005.81,0
9188,687,France,Male,40,9,211371.4,1,1,0,47179.44,0
9189,840,Spain,Male,27,4,156420.01,1,1,1,12858.44,0
9190,695,France,Male,47,2,170600.73,2,1,0,164542.9,0
9191,842,Germany,Female,26,10,140626.67,1,0,0,189998.63,0
9192,605,France,Male,24,10,0.0,2,1,0,24817.36,0
9193,757,Germany,Male,28,7,0.0,1,0,1,41789.67,0
9194,697,France,Male,31,0,134655.61,1,1,1,121134.82,0
9195,652,France,Male,61,4,128213.69,1,1,1,130469.96,1
9196,819,Spain,Male,31,2,141628.57,1,1,1,195029.83,0
9197,550,Spain,Male,38,9,0.0,1,1,1,102963.53,0
9198,850,Spain,Female,41,9,125629.38,2,0,1,89353.56,0
9199,660,France,Female,49,0,63387.51,1,1,0,191425.76,0
9200,649,Germany,Male,30,2,92974.32,1,1,0,178078.7,0
9201,561,Germany,Male,41,1,0.0,1,0,0,42932.98,0
9202,665,France,Male,52,0,132142.0,2,1,0,101741.5,0
9203,760,France,Male,51,8,0.0,2,1,0,169282.8,0
9204,569,Spain,Male,19,2,190897.97,1,1,1,39312.21,0
9205,508,France,Female,41,10,86237.45,2,1,0,96904.76,1
9206,794,France,Male,40,0,0.0,1,1,0,129403.22,0
9207,516,France,Male,23,9,153687.14,2,1,0,28664.82,0
9208,584,Spain,Female,36,2,77402.38,2,1,0,194929.18,0
9209,611,Germany,Male,18,7,0.0,2,1,1,91543.25,0
9210,659,France,Male,39,1,13775.36,1,1,1,131735.9,0
9211,850,Germany,Female,33,2,34457.9,2,1,0,131132.88,1
9212,770,France,Female,39,0,0.0,2,1,0,114795.43,0
9213,515,France,Male,22,0,152625.67,1,0,1,70799.74,0
9214,804,France,Male,24,1,67741.02,1,0,0,151004.54,0
9215,754,Germany,Female,44,7,97052.1,2,1,0,6276.69,0
9216,684,France,Male,34,2,0.0,2,1,1,144218.74,0
9217,843,France,Male,37,6,132886.67,2,0,1,85804.88,0
9218,680,France,Female,27,7,0.0,1,0,0,45798.92,0
9219,679,France,Male,26,8,165758.31,1,0,0,29327.62,0
9220,601,France,Male,26,9,0.0,2,0,0,66697.23,0
9221,463,France,Male,41,0,0.0,1,1,0,174934.31,0
9222,722,France,Female,27,6,176404.21,3,1,0,190911.7,1
9223,684,France,Female,29,3,98305.49,2,1,0,118706.36,1
9224,603,Spain,Male,48,9,0.0,2,1,1,151536.23,0
9225,803,France,Female,46,9,69459.3,1,1,1,19674.01,0
9226,810,Spain,Male,33,1,45643.5,1,1,0,177031.47,0
9227,769,Spain,Female,65,0,0.0,1,1,0,71574.71,0
9228,711,France,Male,23,0,31466.83,1,0,1,65990.45,0
9229,850,Germany,Female,38,6,106206.58,2,1,1,103483.42,0
9230,850,France,Female,26,2,0.0,2,0,1,153378.71,0
9231,687,France,Male,18,2,0.0,2,0,0,69033.0,1
9232,739,France,Female,44,6,0.0,3,0,1,157759.85,0
9233,731,Spain,Male,26,8,0.0,1,1,0,182385.99,0
9234,559,France,Female,35,4,0.0,1,1,1,70621.39,0
9235,471,Spain,Female,70,3,118607.75,2,1,1,152774.0,0
9236,710,Germany,Female,45,8,127781.64,1,1,0,2712.73,0
9237,691,France,Female,56,8,74544.37,1,1,0,64162.84,0
9238,646,Spain,Female,70,0,0.0,2,0,0,151542.5,0
9239,614,France,Female,30,1,136437.57,1,1,0,3690.29,0
9240,768,France,Male,47,1,52039.17,1,1,0,4589.83,0
9241,523,France,Male,28,5,0.0,1,1,0,178701.41,0
9242,588,Spain,Female,39,3,0.0,2,1,1,116347.86,0
9243,785,Germany,Male,35,4,0.0,1,1,0,122968.59,1
9244,567,France,Male,29,3,0.0,2,0,1,85252.45,0
9245,645,France,Male,37,2,0.0,2,1,0,97616.84,0
9246,727,France,Female,26,0,11093.77,2,1,0,87471.32,0
9247,711,Germany,Female,22,6,0.0,2,0,0,17736.7,1
9248,532,France,Male,25,7,128291.86,2,0,1,79466.95,0
9249,745,Spain,Male,30,5,69750.84,1,1,1,8310.31,0
9250,544,Germany,Male,18,6,169999.41,2,1,1,189943.65,0
9251,723,Spain,Male,49,7,98149.62,1,1,1,40021.87,0
9252,787,Germany,Female,38,4,149017.6,2,1,0,189854.63,1
9253,747,France,Female,40,9,17998.69,2,1,0,141146.66,1
9254,783,Spain,Male,29,10,56369.28,2,1,0,81295.81,0
9255,742,France,Male,30,2,0.0,1,0,1,98179.24,0
9256,622,Germany,Female,26,10,118639.21,2,1,0,60449.98,0
9257,622,Spain,Female,38,10,0.0,1,1,0,132043.85,0
9258,539,France,Male,20,6,159907.67,1,1,0,68173.96,0
9259,820,Spain,Male,31,5,25843.84,2,0,0,18364.51,0
9260,669,Germany,Male,40,6,139506.62,2,0,0,159777.51,0
9261,819,Spain,Female,71,5,158829.7,2,0,0,179472.75,0
9262,719,Germany,Male,43,2,101620.3,1,0,1,9865.82,0
9263,516,France,Male,26,10,56186.99,2,1,0,148487.8,0
9264,730,Germany,Female,51,0,0.0,2,1,0,150288.01,1
9265,850,France,Male,53,6,96347.81,1,1,1,189196.99,0
9266,616,France,Male,41,2,78522.28,2,0,0,180294.58,0
9267,601,Germany,Male,41,10,95385.54,1,0,1,151317.67,0
9268,574,Spain,Female,23,6,172616.16,1,1,0,142622.9,0
9269,580,Germany,Male,27,4,9751.3,1,0,0,192527.59,0
9270,548,France,Female,28,4,0.0,2,1,0,22476.08,0
9271,592,Germany,Female,39,9,104021.27,1,0,0,15069.82,0
9272,554,France,Male,28,2,176039.51,1,1,1,95121.83,0
9273,820,Spain,Female,45,10,189507.2,2,1,0,90985.01,0
9274,530,France,Male,27,9,62605.07,3,1,0,23681.46,0
9275,629,Spain,Male,65,8,49962.77,2,1,0,112198.79,0
9276,582,Germany,Male,27,9,221219.74,3,1,0,104844.88,0
9277,576,Germany,Male,33,6,118984.07,2,1,1,154887.48,0
9278,656,France,Female,26,3,116567.74,1,1,1,27492.03,0
9279,559,Spain,Female,30,4,0.0,1,1,1,161769.81,0
9280,478,Germany,Male,25,4,0.0,2,1,0,86094.75,1
9281,552,France,Male,24,0,0.0,1,0,1,180154.58,0
9282,597,Spain,Female,47,9,0.0,1,1,0,140748.08,0
9283,526,France,Male,44,7,61731.52,1,1,0,155871.82,0
9284,591,Spain,Male,23,5,181896.65,1,0,1,114215.27,0
9285,633,France,Female,41,7,0.0,1,1,0,109942.77,0
9286,676,France,Male,19,6,126732.98,4,1,0,93708.01,0
9287,637,Spain,Male,40,7,0.0,2,0,1,180061.24,0
9288,796,Germany,Male,39,1,0.0,1,1,1,180162.71,0
9289,561,Spain,Male,30,7,81049.07,3,1,1,170763.97,0
9290,779,Germany,Female,55,4,31047.46,2,1,1,101633.97,0
9291,600,Germany,Male,40,2,24506.06,1,1,1,108180.62,0
9292,682,Spain,Female,40,10,48517.41,2,1,0,122167.08,0
9293,709,Spain,Male,47,7,34268.17,1,0,0,66983.73,1
9294,623,Spain,Male,35,8,4042.56,2,1,0,163856.14,0
9295,646,Germany,Female,34,4,0.0,1,1,0,169437.18,0
9296,532,Spain,Male,19,0,3006.65,2,1,0,98480.89,0
9297,742,France,Male,62,4,198788.71,1,0,1,132098.04,0
9298,672,France,Male,18,10,67243.86,1,1,0,27562.58,0
9299,682,Germany,Female,39,9,0.0,2,1,1,82619.72,0
9300,649,France,Female,29,2,0.0,2,1,0,111716.7,0
9301,605,Germany,Female,30,4,0.0,1,1,1,124913.9,0
9302,624,France,Male,74,8,92252.29,1,1,0,64824.94,0
9303,809,Germany,Female,27,4,0.0,3,0,0,154086.04,1
9304,553,France,Female,34,8,180584.13,2,1,1,136230.72,0
9305,631,Germany,Male,63,5,0.0,1,0,1,6758.13,1
9306,533,Germany,Female,19,4,87302.74,1,1,0,54760.98,1
9307,611,France,Male,18,7,0.0,2,1,1,185601.85,0
9308,850,France,Male,30,1,40731.19,2,1,0,114733.05,1
9309,719,France,Female,39,9,0.0,1,1,0,81470.16,0
9310,768,Spain,Female,18,6,95019.28,1,0,1,52682.47,0
9311,637,France,Male,46,0,107331.3,1,1,1,198378.11,0
9312,740,France,Female,28,7,0.0,1,0,0,128702.62,0
9313,566,France,Male,52,9,0.0,1,1,1,82230.29,1
9314,845,France,Male,33,6,216200.89,1,1,0,195859.79,0
9315,679,France,Male,28,9,198424.38,2,1,1,156386.04,0
9316,548,France,Male,58,10,45277.39,2,1,0,20226.53,0
9317,655,France,Female,40,3,62312.13,1,1,1,30603.07,0
9318,791,France,Male,31,1,184738.23,2,1,0,130859.49,0
9319,460,France,Female,49,7,0.0,2,1,1,155920.95,0
9320,528,France,Male,37,0,0.0,1,0,0,92508.4,0
9321,604,Spain,Male,26,1,88752.28,1,1,1,48564.71,0
9322,677,France,Female,36,8,148177.57,2,1,0,128924.35,0
9323,593,Spain,Female,51,4,201359.01,2,0,1,76510.88,0
9324,627,Germany,Male,32,7,115361.71,1,1,1,144148.34,0
9325,555,France,Female,52,5,0.0,1,1,1,99027.18,1
9326,615,France,Male,25,0,105219.57,1,1,1,107952.53,0
9327,739,France,Male,18,10,17128.15,1,0,0,159594.89,0
9328,595,Spain,Female,64,10,160095.12,2,1,1,1473.85,0
9329,555,Spain,Male,31,4,0.0,1,0,0,89650.86,0
9330,492,France,Male,50,3,108769.57,1,1,1,51157.4,0
9331,689,Germany,Male,33,3,210025.16,2,1,1,22702.77,0
9332,675,Germany,Female,29,10,0.0,2,0,1,189914.46,0
9333,635,France,Female,53,1,122168.02,2,1,0,193799.85,0
9334,644,Spain,Female,49,9,193371.82,1,1,0,51384.51,0
9335,714,Germany,Male,40,0,0.0,2,1,1,61220.19,0
9336,498,Spain,Female,53,6,0.0,1,1,0,41322.69,0
9337,629,France,Male,33,2,36860.56,2,0,0,32717.9,0
9338,715,Spain,Male,19,0,0.0,2,1,1,121925.64,0
9339,712,France,Male,31,2,0.0,1,1,1,62611.18,0
9340,575,France,Female,42,1,154271.24,2,0,0,93277.22,0
9341,715,France,Male,20,9,0.0,1,1,1,93817.65,0
9342,656,France,Male,24,0,188330.63,2,0,1,124462.79,0
9343,764,France,Male,27,2,183937.94,1,1,1,3594.94,0
9344,542,Spain,Female,62,3,0.0,1,0,1,182519.78,0
9345,602,Spain,Male,45,6,0.0,1,0,1,169160.02,0
9346,850,Germany,Male,51,4,36488.29,1,1,1,49324.13,0
9347,829,Germany,Male,33,6,6366.27,1,0,0,111945.15,0
9348,646,Spain,Male,44,7,0.0,1,1,0,60757.54,0
9349,696,Spain,Male,34,4,13935.53,1,1,0,5201.49,0
9350,425,France,Female,32,4,165681.19,2,1,0,151206.86,0
9351,698,Spain,Male,34,2,70073.13,1,0,1,8371.3,0
9352,568,Germany,Female,26,10,0.0,2,1,1,16192.14,0
9353,554,France,Female,69,4,77192.01,1,1,0,55780.22,0
9354,680,Spain,Male,21,5,71617.92,2,1,0,69139.77,0
9355,831,France,Female,39,5,0.0,2,1,0,75760.83,0
9356,452,France,Male,58,6,170749.44,1,0,0,134819.39,0
9357,650,Spain,Male,40,5,109053.47,2,1,1,24989.92,0
9358,780,Germany,Male,34,10,0.0,1,1,0,189579.06,0
9359,766,Germany,Female,23,4,85540.85,2,1,0,123716.37,0
9360,668,Germany,Male,26,2,0.0,2,1,0,159034.48,0
9361,738,France,Female,23,3,155886.76,2,1,0,15935.13,0
9362,597,France,Female,25,5,132550.84,2,1,0,125079.21,1
9363,721,Spain,Male,46,7,0.0,1,1,1,101910.87,0
9364,371,France,Male,32,10,158085.05,2,1,0,141496.41,0
9365,761,Germany,Female,29,0,214784.14,1,1,0,57028.95,0
9366,525,Spain,Male,24,3,118267.34,1,1,0,116121.09,0
9367,746,France,Female,33,4,47488.06,1,1,0,51990.34,0
9368,670,Spain,Female,31,9,0.0,1,1,1,62524.64,0
9369,607,France,Male,37,4,123974.38,2,1,1,58691.66,0
9370,606,Spain,Male,30,6,184166.26,1,1,1,188093.37,0
9371,645,Germany,Female,25,3,85342.98,1,1,0,59674.94,0
9372,798,Germany,Female,50,10,0.0,2,0,0,170969.83,0
9373,790,Germany,Female,30,7,112535.71,2,0,1,47560.74,0
9374,604,Germany,Male,18,3,94884.59,1,1,1,48022.69,0
9375,536,France,Female,25,1,63453.8,1,1,1,148181.63,0
9376,721,Germany,Female,61,2,0.0,2,0,1,105044.97,0
9377,632,France,Male,44,2,147866.01,2,1,0,189746.35,0
9378,813,France,Male,41,3,0.0,2,0,0,67093.43,0
9379,600,Spain,Male,28,2,117711.64,1,1,0,131198.7,1
9380,719,Spain,Male,47,3,56922.28,1,1,1,38280.53,0
9381,595,Spain,Female,18,3,0.0,2,0,0,8610.86,0
9382,628,Spain,Male,30,5,112216.25,1,0,0,87524.83,1
9383,725,Spain,Male,75,0,76169.39,2,0,0,4498.87,0
9384,691,Spain,Male,53,7,117663.02,2,1,1,108911.55,0
9385,730,France,Male,52,1,0.0,1,1,1,89863.07,0
9386,724,France,Male,26,0,202895.71,2,0,1,92876.4,0
9387,626,France,Male,61,10,152893.91,2,1,1,87485.4,0
9388,745,Germany,Male,47,10,0.0,1,1,0,169235.96,0
9389,767,France,Female,37,9,42313.3,2,1,1,186436.1,0
9390,580,France,Female,25,10,28207.81,1,1,0,195491.42,0
9391,663,France,Male,22,3,0.0,1,1,0,111487.33,0
9392,850,France,Male,18,8,0.0,1,0,1,3353.38,1
9393,708,France,Male,37,1,0.0,1,1,1,164027.95,0
9394,661,Spain,Male,40,7,106166.65,1,1,1,184392.14,0
9395,637,Germany,Male,36,5,15427.97,1,1,1,138590.72,1
9396,704,Spain,Female,47,0,151532.65,1,0,0,104475.15,0
9397,658,Spain,Male,20,0,0.0,2,0,1,13852.9,0
9398,569,Germany,Male,34,8,164184.2,2,1,0,41071.51,1
9399,697,Spain,Male,27,7,0.0,2,0,0,172618.58,0
9400,725,France,Male,31,4,0.0,2,1,1,111553.28,0
9401,519,Spain,Male,30,3,86118.68,1,0,1,25087.09,0
9402,608,France,Female,48,8,20749.97,1,1,1,116791.46,0
9403,745,France,Female,53,9,124121.75,1,1,1,162607.63,0
9404,604,Spain,Male,46,2,129679.91,1,1,1,77616.92,0
9405,719,Germany,Male,42,5,165724.88,2,1,0,81339.13,0
9406,663,France,Male,25,0,0.0,2,1,0,109004.76,0
9407,642,France,Male,39,2,105258.57,1,0,1,32041.47,0
9408,590,Germany,Male,46,1,0.0,1,1,1,110259.51,0
9409,628,Germany,Male,41,5,0.0,2,1,0,75392.83,0
9410,519,France,Male,49,8,0.0,2,0,1,172997.69,0
9411,584,Germany,Female,24,1,0.0,2,1,1,39259.46,0
9412,758,Germany,Male,50,2,0.0,2,1,1,162942.21,0
9413,588,Germany,Female,24,4,0.0,1,1,1,36997.43,0
9414,610,Spain,Female,48,5,94505.94,1,1,1,104639.99,0
9415,634,Germany,Male,27,5,139347.26,2,0,1,154462.28,0
9416,581,Germany,Female,25,4,0.0,1,1,0,26290.64,1
9417,752,France,Male,33,2,0.0,1,0,1,109136.38,0
9418,703,France,Male,40,7,0.0,1,1,0,198002.66,0
9419,490,France,Male,28,10,0.0,1,1,1,38622.27,0
9420,600,Germany,Male,29,0,97738.42,2,0,1,154362.99,0
9421,850,Germany,Male,29,3,0.0,1,0,0,9583.52,0
9422,654,France,Female,71,4,0.0,1,1,1,8440.22,0
9423,532,France,Male,34,6,134528.91,1,1,1,56671.92,0
9424,721,Germany,Male,25,6,77430.56,4,1,0,186367.04,0
9425,632,France,Male,62,5,0.0,1,1,0,94398.84,1
9426,607,France,Male,21,7,0.0,2,1,1,106594.77,0
9427,701,Germany,Female,27,7,46575.77,1,1,0,137677.71,0
9428,773,Spain,Male,47,5,54478.72,2,1,0,103584.62,1
9429,625,Spain,Male,45,7,165089.02,2,0,0,165609.48,0
9430,506,France,Male,36,3,0.0,1,0,1,112504.78,0
9431,817,France,Female,27,10,60011.93,1,1,1,119340.91,0
9432,582,Germany,Female,46,5,162639.49,2,0,0,109003.46,0
9433,636,France,Male,43,4,210105.56,2,1,1,137326.17,0
9434,762,France,Female,52,1,0.0,2,0,1,94119.13,0
9435,616,France,Female,35,10,0.0,2,1,1,94557.29,0
9436,626,France,Male,39,0,160855.2,1,0,1,34740.8,0
9437,598,Germany,Male,28,4,134180.59,2,1,1,102903.07,0
9438,591,Germany,Female,35,8,134414.45,2,1,0,47231.46,0
9439,800,France,Male,31,10,0.0,1,1,0,25000.21,0
9440,646,Spain,Female,33,2,68545.36,1,0,0,136438.27,1
9441,678,Germany,Female,32,4,149157.75,1,0,1,138494.21,0
9442,631,Germany,Female,36,10,31683.3,1,1,0,73827.08,1
9443,729,France,Male,45,8,43626.39,1,1,1,19257.63,0
9444,425,Germany,Male,21,2,77783.89,3,1,1,118815.32,0
9445,605,France,Male,31,8,0.0,2,1,1,109982.33,0
9446,532,Germany,Female,51,3,161748.72,1,0,1,15487.94,0
9447,501,Spain,Male,40,3,0.0,2,1,0,174799.22,0
9448,579,Germany,Male,42,2,15091.02,2,1,1,115754.8,0
9449,524,Spain,Female,61,4,0.0,1,1,0,85816.85,0
9450,547,France,Female,46,6,169754.51,1,1,1,7562.77,0
9451,779,Germany,Female,45,4,69959.18,1,1,1,25115.0,1
9452,670,Spain,Male,40,0,96146.65,1,1,0,163996.36,0
9453,669,France,Female,39,8,166202.13,2,1,1,68943.06,0
9454,630,Spain,Female,40,9,0.0,1,1,1,26832.1,0
9455,716,Germany,Male,33,8,169705.5,1,1,0,75010.9,0
9456,850,Spain,Female,43,8,125730.53,2,0,0,76458.78,0
9457,600,Spain,Male,33,8,199789.07,1,1,0,73471.34,0
9458,662,France,Male,36,8,0.0,1,1,1,8077.59,1
9459,819,Spain,Female,45,3,97146.25,1,1,0,86971.55,1
9460,682,France,Female,19,8,184416.31,2,0,0,52943.39,0
9461,635,Spain,Female,39,8,0.0,2,1,0,144088.31,0
9462,706,France,Female,40,10,0.0,2,1,0,137279.36,0
9463,734,Germany,Male,24,9,47020.69,1,1,0,36741.85,0
9464,691,Spain,Female,28,7,0.0,1,1,0,29983.32,0
9465,579,France,Male,35,1,0.0,2,1,0,63142.39,0
9466,808,France,Female,42,8,250000.0,2,1,1,78812.84,0
9467,616,France,Male,45,8,0.0,2,1,0,35083.05,1
9468,741,Spain,Female,45,6,0.0,2,0,1,118708.39,0
9469,674,Germany,Female,55,6,30367.75,2,1,0,113597.17,0
9470,515,Spain,Male,39,6,144080.13,1,0,1,169192.55,0
9471,623,Spain,Male,18,9,0.0,2,1,0,178182.12,0
9472,628,Spain,Male,46,3,24108.71,1,0,0,92796.49,0
9473,711,France,Female,68,9,150723.67,1,1,0,123834.68,0
9474,633,Spain,Male,23,5,8182.34,2,1,0,173221.24,0
9475,755,France,Male,44,7,118109.44,2,1,1,66860.47,0
9476,712,France,Male,41,1,0.0,1,1,1,115788.69,0
9477,723,Germany,Male,33,8,0.0,1,1,0,154838.51,0
9478,625,Spain,Male,37,9,123079.93,3,1,1,81637.91,0
9479,589,France,Male,33,7,243162.02,1,1,0,114067.19,0
9480,638,Spain,Female,46,4,0.0,2,1,0,156738.32,0
9481,545,Spain,Male,22,10,42117.78,1,1,1,170032.97,0
9482,638,France,Male,34,9,122518.29,1,1,1,58175.41,0
9483,530,Germany,Female,26,7,43936.32,1,0,1,107380.16,0
9484,817,Spain,Male,68,1,36904.08,1,0,0,111563.47,0
9485,534,Spain,Female,42,3,0.0,1,0,1,122163.07,0
9486,432,France,Male,49,2,97613.91,1,1,1,110110.57,0
9487,834,France,Female,22,5,0.0,1,0,0,115271.52,0
9488,662,Spain,Female,21,0,221306.72,1,0,1,140776.54,0
9489,622,France,Male,24,5,124685.24,1,0,0,169725.24,0
9490,688,Germany,Female,24,2,150212.3,1,1,0,80206.04,0
9491,657,France,Male,37,2,141454.28,1,0,0,151281.39,0
9492,722,France,Male,30,2,163925.74,1,1,0,43363.99,1
9493,632,France,Male,42,2,250000.0,1,0,1,52207.52,0
9494,574,Germany,Male,24,7,0.0,1,1,0,54831.74,1
9495,663,France,Male,45,10,112189.58,2,1,0,63688.68,0
9496,652,Spain,Female,43,8,133802.32,2,1,0,198881.61,0
9497,689,France,Male,38,4,0.0,1,0,0,73823.06,0
9498,497,France,Male,23,9,0.0,2,0,1,170081.03,0
9499,536,Germany,Male,49,6,112034.09,2,1,1,4536.35,0
9500,766,France,Male,38,3,77526.82,2,0,0,181303.98,0
9501,630,France,Female,46,6,157371.52,2,1,0,117704.84,0
9502,626,Germany,Male,35,5,0.0,2,1,1,180350.47,0
9503,674,France,Male,21,8,179935.81,2,1,1,145497.5,0
9504,803,France,Male,59,5,8694.88,2,1,1,27349.94,0
9505,602,France,Female,44,5,0.0,1,0,1,141983.82,0
9506,677,Germany,Male,22,10,0.0,1,1,1,154433.4,1
9507,646,France,Female,25,6,153156.91,1,1,0,126285.0,1
9508,738,Spain,Male,24,5,0.0,1,1,0,146129.66,0
9509,582,Spain,Male,26,7,0.0,1,1,0,87367.7,0
9510,736,France,Male,48,0,0.0,1,1,0,115852.04,1
9511,693,Germany,Male,32,0,0.0,1,0,0,25776.7,0
9512,641,France,Male,55,4,88387.32,2,1,1,141997.29,0
9513,601,Germany,Female,44,2,110593.26,1,1,1,150517.83,0
9514,445,France,Female,53,7,88034.24,1,1,1,21874.45,0
9515,674,Germany,Male,27,0,103105.56,1,1,0,122598.95,0
9516,573,France,Male,43,5,0.0,1,1,1,93137.97,0
9517,743,France,Female,32,7,112077.18,1,1,0,83890.84,0
9518,625,Germany,Male,59,0,125720.41,2,1,1,66852.96,0
9519,492,France,Female,46,10,102326.28,4,1,1,101291.72,1
9520,608,France,Female,20,7,39413.42,1,0,0,46639.06,1
9521,607,Spain,Female,19,1,43257.72,1,1,0,96968.9,0
9522,687,France,Female,37,3,38295.9,1,0,1,185608.7,0
9523,592,France,Male,23,8,54155.44,2,1,1,45199.86,0
9524,683,Germany,Male,30,10,0.0,1,0,0,57400.64,0
9525,801,Spain,Male,28,6,175741.3,1,1,1,111744.82,0
9526,562,Spain,Male,18,5,91429.39,2,0,0,48874.23,1
9527,723,Germany,Male,65,1,24810.09,2,1,0,175766.7,1
9528,717,France,Female,54,8,0.0,1,1,1,29595.08,0
9529,653,Germany,Male,30,7,0.0,1,1,1,169097.19,0
9530,631,France,Male,24,7,186753.06,2,1,0,125758.4,0
9531,673,France,Male,18,0,0.0,2,1,1,75168.63,0
9532,548,Germany,Female,36,3,107702.39,1,1,1,164955.74,0
9533,850,France,Male,32,8,0.0,2,1,0,184283.78,0
9534,665,Germany,Male,31,10,98929.42,2,0,0,90142.29,0
9535,672,Germany,Female,20,3,84012.94,1,0,0,99980.08,0
9536,644,Spain,Male,38,0,0.0,1,0,0,198815.29,0
9537,659,Spain,Male,41,6,158061.35,1,1,1,115996.92,0
9538,720,Spain,Male,36,5,0.0,2,1,1,191593.19,0
9539,751,Spain,Female,57,1,169054.7,1,1,0,36414.65,0
9540,508,France,Female,37,8,0.0,2,0,1,4910.56,0
9541,690,Germany,Female,42,1,0.0,2,0,0,176103.62,0
9542,720,France,Female,48,7,0.0,1,1,0,136152.5,0
9543,716,Germany,Female,50,3,81427.42,2,1,1,56872.03,0
9544,651,France,Male,43,8,58920.17,1,0,0,42062.59,0
9545,766,France,Female,53,6,47063.91,2,0,0,114893.16,0
9546,687,France,Male,78,2,0.0,2,1,1,101178.02,0
9547,739,France,Female,45,6,28372.17,2,0,0,162075.46,0
9548,632,Spain,Male,51,5,0.0,1,0,0,22947.14,0
9549,559,Spain,Female,39,1,40505.83,2,1,1,20829.17,0
9550,689,France,Female,34,7,78744.66,2,0,1,141123.91,0
9551,657,Spain,Male,19,6,0.0,2,0,1,80693.77,0
9552,636,Spain,Female,34,3,166642.16,4,1,1,98891.42,1
9553,696,Spain,Male,23,8,0.0,1,0,0,71595.23,0
9554,696,France,Male,35,6,0.0,1,1,0,84892.25,0
9555,585,France,Male,50,9,80066.42,1,1,1,194266.45,0
9556,608,France,Male,32,7,107247.0,2,1,0,73297.77,0
9557,434,France,Female,49,5,170738.43,1,1,1,163775.55,0
9558,622,France,Female,34,4,0.0,2,1,1,42939.39,0
9559,693,France,Female,53,1,151691.24,1,1,0,180022.91,0
9560,796,Spain,Female,38,5,0.0,1,1,0,86035.57,0
9561,523,France,Male,51,10,74510.78,2,0,0,120955.07,0
9562,550,Germany,Male,39,9,0.0,2,0,0,196073.58,0
9563,711,France,Female,23,0,100208.59,2,1,0,145427.93,0
9564,602,France,Female,53,3,0.0,2,1,0,5289.79,0
9565,746,France,Male,28,0,165535.04,1,1,0,150222.4,1
9566,622,France,Male,39,9,221507.94,2,0,0,133606.58,0
9567,692,Spain,Male,18,6,85299.62,1,1,0,31327.52,0
9568,565,France,Male,39,0,98748.19,1,1,0,140591.66,0
9569,539,Spain,Male,40,4,45072.11,1,1,0,129337.22,0
9570,643,Germany,Female,59,9,138102.79,2,1,1,182659.19,0
9571,535,Spain,Male,60,7,157447.37,1,1,1,169323.08,0
9572,718,France,Male,18,3,0.0,1,0,0,184324.31,0
9573,735,France,Male,42,0,0.0,1,0,0,73129.03,0
9574,821,Spain,Female,63,10,0.0,1,1,0,180766.42,0
9575,719,Spain,Male,40,7,59787.3,4,1,0,101550.91,0
9576,667,France,Male,22,5,0.0,2,1,0,41334.03,0
9577,722,Spain,Male,41,9,118364.61,1,0,0,9011.49,0
9578,649,Spain,Female,37,5,96904.12,2,0,1,40330.18,0
9579,708,Spain,Male,56,8,0.0,2,1,0,174474.87,0
9580,773,Spain,Female,30,6,0.0,2,1,1,53791.7,0
9581,704,France,Female,45,10,0.0,2,1,0,116834.06,0
9582,628,Germany,Male,24,10,112486.4,1,1,1,156507.95,0
9583,626,Spain,Female,36,3,150254.42,1,0,1,55298.24,0
9584,653,Spain,Female,36,7,0.0,1,1,0,32324.7,1
9585,778,Spain,Female,28,0,0.0,1,1,1,192325.11,0
9586,650,France,Male,20,9,148489.8,2,1,1,84549.18,0
9587,627,Spain,Male,30,7,162986.03,1,1,1,98762.11,0
9588,628,Spain,Male,18,10,169673.55,1,0,1,112279.59,0
9589,654,Germany,Female,18,10,97701.07,1,0,1,146845.33,0
9590,654,Germany,Female,34,6,0.0,1,1,0,156930.69,0
9591,792,Spain,Male,40,2,56626.37,2,1,1,46113.86,0
9592,850,Spain,Female,32,2,0.0,1,1,0,15854.36,0
9593,488,Germany,Female,35,2,142398.44,1,0,1,106350.23,0
9594,588,France,Female,29,8,0.0,1,0,1,22175.75,1
9595,850,Spain,Female,48,9,176406.86,2,1,0,66724.36,0
9596,550,Spain,Male,27,6,72673.0,1,1,0,159820.08,0
9597,740,Spain,Female,23,1,159702.88,2,1,1,193761.31,0
9598,749,Germany,Male,79,4,0.0,2,0,1,21948.7,0
9599,598,Spain,Male,37,10,133770.37,1,1,1,94041.03,0
9600,677,Spain,Male,48,3,79803.01,2,0,1,51200.11,0
9601,600,Germany,Female,35,3,0.0,2,1,1,187736.81,0
9602,659,Spain,Male,52,10,0.0,1,1,0,140957.66,1
9603,674,France,Female,19,3,0.0,1,1,0,22021.73,0
9604,705,Spain,Male,35,5,83503.28,2,1,0,120066.31,0
9605,616,Germany,Female,40,3,0.0,2,0,0,178645.48,0
9606,749,Germany,Female,33,3,173977.48,1,1,0,129258.03,0
9607,442,France,Male,31,10,70374.72,2,1,1,41691.97,0
9608,577,France,Male,20,6,22122.12,2,1,1,59066.68,0
9609,565,Germany,Male,38,0,128897.74,1,1,0,109488.36,0
9610,448,France,Male,23,8,60740.11,2,1,0,102021.94,0
9611,763,France,Female,46,3,0.0,1,1,1,165978.02,0
9612,776,Germany,Male,42,2,0.0,2,1,0,85107.38,0
9613,796,France,Male,73,1,84168.29,1,1,1,112173.35,0
9614,629,Spain,Male,58,9,101799.84,1,1,1,194229.53,0
9615,662,France,Female,19,2,34112.87,2,1,0,188469.91,0
9616,720,France,Male,59,1,201723.63,1,1,0,131897.83,0
9617,493,France,Male,54,7,0.0,1,0,0,127096.87,0
9618,785,France,Female,45,6,0.0,1,1,1,9565.13,0
9619,819,Spain,Male,32,6,0.0,2,1,0,21708.02,1
9620,768,Germany,Female,18,1,126351.93,2,1,0,122973.71,0
9621,662,Germany,Female,18,2,95074.27,1,1,1,109306.83,0
9622,606,Spain,Male,41,3,143908.22,2,1,1,152972.75,0
9623,532,France,Male,37,8,0.0,1,1,1,149906.33,0
9624,599,Germany,Male,40,4,0.0,2,1,0,109422.55,0
9625,529,Spain,Male,20,8,83748.15,1,0,1,146467.21,0
9626,766,Germany,Male,33,0,0.0,1,1,1,159744.53,0
9627,507,France,Male,24,10,0.0,1,1,1,31492.82,0
9628,671,Germany,Female,22,2,153171.41,2,1,0,38907.29,0
9629,719,Spain,Female,19,1,146270.77,2,0,1,59763.19,0
9630,657,France,Female,28,6,0.0,2,1,0,31213.24,0
9631,592,Spain,Male,35,1,0.0,1,0,0,197182.68,0
9632,553,France,Female,27,3,142256.66,2,1,1,110654.39,0
9633,794,Spain,Male,46,1,106727.72,1,1,0,148438.33,0
9634,643,Spain,Female,37,3,0.0,2,1,1,193137.25,0
9635,720,Germany,Female,47,9,148879.66,1,1,0,147631.55,0
9636,525,Germany,Male,68,5,221102.91,1,0,1,414.41,1
9637,715,France,Male,49,9,57229.14,2,0,0,178094.36,0
9638,791,France,Male,39,0,89023.25,1,1,0,50665.76,0
9639,629,France,Female,30,9,135657.5,2,1,0,102402.79,0
9640,549,Germany,Female,38,4,189758.79,2,1,0,168451.93,1
9641,507,Germany,Female,37,5,99191.87,1,1,1,14269.19,0
9642,582,Germany,Male,32,0,0.0,2,1,0,194270.86,0
9643,645,Spain,Male,33,10,216360.4,2,1,0,88754.4,0
9644,684,Germany,Female,51,9,84656.04,2,0,1,185784.21,0
9645,732,France,Female,23,0,0.0,4,0,1,163942.17,0
9646,790,Germany,Male,28,9,145068.36,1,0,1,51825.07,1
9647,705,France,Female,45,3,65014.28,2,1,1,51933.3,0
9648,668,Germany,Male,19,8,203943.84,2,0,1,12040.08,0
9649,794,Spain,Male,25,2,114758.26,2,1,0,108299.14,1
9650,711,France,Female,25,3,137452.44,2,1,0,150135.35,0
9651,650,Spain,Male,44,2,21841.87,2,0,1,112601.52,0
9652,577,Spain,Male,46,2,129389.31,1,0,1,168039.64,0
9653,604,France,Male,40,2,158366.03,2,1,1,50084.33,0
9654,678,France,Male,46,10,0.0,1,1,0,5750.73,1
9655,584,France,Female,28,4,233124.87,2,1,1,114147.53,1
9656,625,Spain,Female,50,5,111925.55,1,1,0,176132.93,0
9657,766,Germany,Male,38,10,0.0,1,0,0,62595.54,0
9658,614,France,Female,57,6,124843.65,2,1,1,170661.96,0
9659,721,France,Female,34,2,0.0,1,1,1,16555.36,0
9660,644,France,Male,25,2,84830.53,1,1,1,177814.09,0
9661,683,France,Male,31,5,138071.93,1,0,0,183547.04,0
9662,707,Spain,Female,29,7,92918.16,1,0,0,115541.22,0
9663,762,France,Male,26,4,233293.35,1,1,0,78504.32,0
9664,773,France,Female,41,9,0.0,1,1,1,64970.71,0
9665,695,France,Male,26,8,190665.38,2,0,1,27026.17,0
9666,486,Spain,Female,40,8,78416.87,2,0,1,105396.26,0
9667,759,France,Female,51,8,0.0,2,0,1,36953.83,1
9668,645,France,Female,43,9,71753.92,1,0,0,44449.84,0
9669,677,France,Male,28,3,0.0,3,0,1,123857.25,0
9670,591,Germany,Female,34,10,95192.98,1,1,0,72619.09,1
9671,742,Germany,Male,30,7,140286.26,1,0,1,141962.03,0
9672,748,France,Male,31,5,109802.18,2,0,1,191416.43,0
9673,814,France,Male,38,5,0.0,1,1,0,178015.3,0
9674,668,France,Male,35,10,48529.34,1,1,0,46353.67,0
9675,572,France,Female,39,6,68551.46,1,0,1,34698.3,0
9676,767,Spain,Female,18,5,163235.9,1,1,0,129049.76,0
9677,360,Spain,Female,36,3,0.0,2,0,0,89502.81,0
9678,627,France,Male,19,1,0.0,2,1,0,36213.31,0
9679,526,France,Female,30,8,118403.54,2,1,1,196142.37,0
9680,683,Germany,Male,32,7,110403.38,1,1,0,31894.48,1
9681,629,France,Male,37,10,0.0,2,1,1,121186.49,0
9682,553,Germany,Male,38,9,157819.95,2,0,0,126061.18,0
9683,773,Germany,Male,53,0,75847.96,2,1,0,776.63,0
9684,471,Spain,Female,18,3,107087.74,1,1,1,34839.51,0
9685,722,Spain,Male,30,0,151091.79,2,1,1,79109.5,0
9686,626,Germany,Female,22,4,122099.06,2,1,0,7606.86,1
9687,651,Spain,Male,18,7,92409.84,1,1,0,161301.73,0
9688,597,France,Male,26,7,103932.3,1,0,1,144563.3,0
9689,629,France,Female,28,9,0.0,2,1,0,33373.09,0
9690,664,France,Male,53,3,234814.26,1,1,1,9702.36,0
9691,493,Germany,Male,44,0,91639.85,2,1,0,129386.95,0
9692,750,France,Male,20,6,0.0,1,1,0,102651.11,0
9693,600,Germany,Male,45,5,33561.91,1,1,0,119567.57,0
9694,521,Spain,Male,48,3,111603.05,3,1,1,35600.37,0
9695,532,France,Female,30,0,0.0,1,1,1,169238.94,0
9696,537,France,Female,20,4,29886.69,2,0,1,192695.05,0
9697,787,France,Female,43,7,204828.9,2,0,0,164223.99,0
9698,656,France,Male,42,4,96242.45,1,1,1,176421.56,0
9699,581,France,Male,22,10,172353.86,2,1,0,9839.05,0
9700,747,Spain,Female,45,10,84191.19,2,1,0,77277.51,0
9701,492,Spain,Male,43,6,53504.35,2,0,1,119087.99,0
9702,615,France,Female,34,4,0.0,2,1,0,127662.65,0
9703,636,France,Male,44,6,68024.02,2,1,1,160536.22,0
9704,738,Germany,Male,32,8,98528.83,2,1,1,113888.44,0
9705,528,Germany,Female,33,8,0.0,2,1,0,199629.57,0
9706,630,Germany,Male,25,3,0.0,2,0,1,171855.83,0
9707,592,Germany,Female,35,5,0.0,1,0,0,78667.68,1
9708,601,France,Male,32,10,92930.41,2,0,1,77046.99,0
9709,673,Germany,Male,34,4,0.0,1,0,1,38418.76,0
9710,647,France,Female,39,7,82839.63,1,1,0,34967.52,0
9711,686,Spain,Female,28,2,51557.58,2,0,0,109199.54,0
9712,850,France,Male,26,7,0.0,2,0,0,126510.63,0
9713,754,Spain,Male,40,0,62387.01,1,0,1,177141.67,0
9714,760,Spain,Female,44,3,47572.97,2,1,1,114599.56,0
9715,725,Germany,Male,33,4,0.0,1,1,0,157536.68,0
9716,710,Spain,Male,38,1,77601.77,2,1,1,123883.43,0
9717,656,Germany,Male,27,0,0.0,2,0,0,122949.48,0
9718,643,France,Female,30,3,0.0,2,1,0,80421.19,0
9719,644,Spain,Female,24,2,0.0,1,1,1,95222.15,0
9720,782,Germany,Female,49,9,0.0,2,1,0,58257.79,0
9721,507,Germany,Female,24,5,91860.12,1,1,1,57987.11,0
9722,564,France,Female,19,3,0.0,2,1,0,195039.37,0
9723,626,France,Male,31,0,0.0,1,1,0,163842.53,0
9724,470,Germany,Female,40,9,155933.48,1,1,1,5196.69,0
9725,644,Germany,Female,32,10,51670.09,1,1,1,143854.16,0
9726,555,France,Female,38,9,0.0,2,1,1,123179.29,0
9727,716,Spain,Male,24,8,210369.66,2,1,1,48345.43,0
9728,725,Germany,Female,37,5,58238.68,1,0,1,120531.2,0
9729,628,France,Female,18,0,0.0,3,1,0,23756.68,0
9730,630,France,Male,36,4,0.0,1,1,0,30045.79,1
9731,803,France,Male,31,7,0.0,1,0,1,173987.27,0
9732,632,France,Female,46,10,0.0,2,1,0,116909.39,0
9733,615,France,Male,31,2,0.0,1,1,1,90563.36,0
9734,710,France,Male,33,8,59929.93,1,0,0,2628.73,0
9735,742,France,Male,26,5,63113.89,1,1,1,58192.56,0
9736,627,Spain,Male,34,6,0.0,1,0,1,23651.89,0
9737,529,France,Male,28,5,0.0,2,0,1,141684.84,0
9738,727,France,Male,18,10,63272.04,1,1,0,127413.25,0
9739,659,Germany,Female,49,9,0.0,2,1,0,19089.89,0
9740,804,France,Male,28,9,0.0,1,1,0,189220.46,0
9741,547,Germany,Female,18,2,95527.86,1,1,1,121579.6,0
9742,554,France,Male,69,0,0.0,3,1,0,117492.33,0
9743,534,Spain,Male,33,1,0.0,1,1,1,31075.48,0
9744,674,France,Male,40,8,120163.19,2,1,1,76466.19,0
9745,725,Spain,Male,32,10,0.0,1,1,0,97601.79,1
9746,483,France,Female,36,0,25911.93,1,0,0,110717.65,0
9747,619,France,Female,50,6,214613.1,1,0,0,129102.76,0
9748,679,France,Female,48,9,86296.86,1,1,1,868.29,0
9749,486,Germany,Female,44,6,0.0,1,1,1,88837.1,0
9750,525,France,Female,48,10,183332.18,2,0,1,82514.25,0
9751,626,France,Female,23,7,0.0,2,0,1,75709.57,0
9752,627,France,Male,41,5,0.0,3,0,0,96944.37,1
9753,620,France,Male,28,0,93340.71,2,1,1,175763.44,0
9754,548,France,Female,40,0,0.0,3,1,1,161450.92,0
9755,683,Spain,Female,42,9,171301.7,2,1,0,145144.63,0
9756,565,France,Male,18,9,0.0,2,0,1,52510.25,0
9757,461,France,Male,35,7,139898.51,1,0,1,171343.3,0
9758,696,Germany,Female,54,2,0.0,1,1,0,185976.02,1
9759,681,France,Female,21,5,88118.77,2,0,0,167707.86,0
9760,722,Germany,Male,22,8,15486.87,2,0,1,66311.1,1
9761,525,France,Male,39,3,0.0,1,0,0,17420.57,0
9762,715,France,Male,35,6,92176.85,1,1,0,141662.49,0
9763,556,Germany,Male,43,1,0.0,2,1,0,56582.38,0
9764,638,Germany,Male,30,6,127122.62,2,1,1,49839.05,0
9765,627,Spain,Female,59,7,0.0,2,1,1,161581.53,0
9766,500,Germany,Female,36,10,128317.01,1,1,1,27050.62,0
9767,681,France,Female,31,5,0.0,2,0,0,78272.14,0
9768,607,France,Male,38,1,0.0,2,1,0,148225.51,0
9769,621,France,Female,44,3,191016.27,2,1,0,191561.72,0
9770,731,France,Female,18,6,0.0,1,1,1,177639.37,0
9771,433,France,Female,48,2,0.0,2,0,1,41557.41,0
9772,552,Spain,Male,32,3,119032.56,2,1,1,121066.14,0
9773,612,France,Female,29,1,0.0,1,0,1,62224.77,0
9774,540,France,Female,34,0,0.0,1,1,0,49932.76,0
9775,532,France,Male,20,1,125353.26,1,0,1,102385.52,0
9776,758,Germany,Male,46,9,0.0,1,1,0,94764.53,1
9777,645,France,Female,28,7,0.0,2,1,1,191961.46,0
9778,736,France,Female,29,1,22660.53,1,1,1,122491.13,0
9779,843,France,Female,24,4,0.0,2,0,0,168139.52,0
9780,599,Germany,Male,24,3,45476.36,2,1,1,68901.54,0
9781,781,Germany,Female,25,0,30138.09,2,1,1,181680.75,0
9782,620,Spain,Male,29,1,0.0,2,0,1,167172.89,0
9783,600,Germany,Male,24,5,122585.13,2,1,1,174717.51,0
9784,681,France,Female,24,5,0.0,1,0,0,113199.06,0
9785,690,France,Female,19,3,0.0,2,1,1,101227.21,0
9786,612,France,Male,22,10,0.0,1,1,1,120460.17,0
9787,723,Spain,Female,45,5,55156.92,1,1,0,90777.81,0
9788,575,Spain,Female,27,3,0.0,1,1,0,81595.9,0
9789,740,Germany,Female,32,8,182865.85,1,1,1,94232.21,1
9790,528,France,Female,35,0,163929.26,3,1,1,53018.77,0
9791,713,Germany,Female,28,3,33406.01,2,1,0,72376.78,0
9792,546,Germany,Female,28,4,99377.64,1,0,0,90226.4,0
9793,787,Spain,Male,52,0,19701.69,2,1,1,100132.47,1
9794,588,France,Male,23,7,152204.81,1,0,1,3911.72,0
9795,662,Germany,Female,31,8,0.0,1,0,1,173193.16,0
9796,801,Spain,Male,24,1,134880.04,2,1,1,36101.83,0
9797,587,France,Female,31,5,0.0,1,1,0,38112.23,1
9798,650,France,Male,28,7,123694.97,1,1,0,60781.17,0
9799,618,France,Male,40,6,233339.36,1,1,0,53868.56,0
9800,793,Germany,Male,29,0,0.0,2,0,0,159502.26,0
9801,794,France,Female,41,6,165586.67,1,1,1,159373.01,0
9802,616,Germany,Female,35,7,127397.31,2,1,1,32333.24,0
9803,556,Spain,Female,28,9,94160.55,2,1,1,3879.21,0
9804,641,Germany,Female,51,2,143218.49,1,1,0,58869.04,0
9805,597,Germany,Female,34,1,57580.36,2,0,0,9674.61,0
9806,533,France,Female,23,0,184069.87,1,1,0,57732.77,1
9807,758,Spain,Female,38,7,123655.59,1,1,0,159647.96,0
9808,685,France,Female,40,4,0.0,2,0,0,117603.24,0
9809,736,France,Male,35,9,0.0,2,1,0,140876.18,0
9810,667,Spain,Male,51,9,80938.22,3,1,1,106532.94,0
9811,699,Germany,Female,40,10,241928.35,2,1,1,37971.01,0
9812,535,Germany,Male,31,1,179818.41,2,1,0,161204.99,0
9813,606,Spain,Female,20,1,116663.96,1,0,1,105774.48,0
9814,608,France,Female,24,5,90243.44,1,1,1,128336.74,0
9815,598,Germany,Male,26,0,163619.48,1,1,0,37487.4,1
9816,438,France,Male,56,4,0.0,2,0,0,175948.01,0
9817,813,France,Male,26,5,0.0,1,0,1,179237.22,0
9818,713,Spain,Female,18,2,130652.17,2,1,1,94521.83,0
9819,768,Spain,Female,27,2,0.0,2,1,1,31594.31,0
9820,631,Germany,Male,49,1,101588.52,2,1,1,10848.14,0
9821,588,France,Female,34,4,163761.04,2,1,0,89817.06,0
9822,688,France,Male,47,3,143239.05,2,1,1,183723.47,0
9823,631,Spain,Male,29,3,162547.18,1,1,0,139423.05,0
9824,609,France,Female,36,10,0.0,1,1,1,70513.83,0
9825,785,Germany,Female,40,2,105202.18,1,1,1,70391.46,1
9826,554,France,Male,33,10,28149.77,2,1,1,65050.04,0
9827,499,France,Male,20,3,0.0,2,0,1,49727.92,0
9828,674,France,Male,22,10,82362.61,2,1,1,151855.27,0
9829,636,Spain,Female,44,7,241101.51,2,0,0,175737.76,0
9830,759,Spain,Female,38,10,81064.89,2,1,0,35711.49,0
9831,567,France,Female,55,3,70064.23,1,1,1,141848.06,0
9832,633,France,Male,38,9,89368.03,2,1,0,169952.88,0
9833,740,Germany,Female,21,6,0.0,2,1,0,55619.34,1
9834,630,Germany,Male,58,9,172523.18,1,1,1,16810.96,0
9835,588,France,Male,29,4,0.0,1,1,0,54040.94,0
9836,668,France,Male,32,5,170339.61,2,1,1,95549.83,0
9837,597,Spain,Male,35,8,85437.09,1,1,1,191586.34,0
9838,737,Germany,Male,60,1,178775.03,2,0,1,52052.02,0
9839,584,Spain,Male,41,6,169425.98,2,1,0,86991.35,1
9840,473,France,Female,53,1,68344.52,2,1,1,123874.23,1
9841,486,France,Male,31,6,0.0,1,1,0,181012.09,0
9842,752,France,Male,45,9,25980.43,2,0,1,5499.42,0
9843,599,France,Male,38,8,0.0,2,1,0,117817.25,0
9844,593,France,Male,42,9,0.0,1,1,1,160450.98,0
9845,805,France,Male,45,6,89586.44,2,1,1,6046.22,0
9846,518,France,Male,38,3,66561.43,1,0,1,52146.05,0
9847,627,Spain,Male,44,3,112480.45,2,1,0,117936.82,0
9848,615,France,Female,38,4,124083.58,1,0,1,174444.45,0
9849,583,Spain,Male,35,6,156031.47,2,1,0,179285.95,0
9850,694,France,Male,30,4,218197.86,1,1,1,96699.4,0
9851,762,France,Female,38,9,0.0,2,0,0,125877.31,0
9852,724,France,Male,23,6,141016.58,1,1,0,199953.68,0
9853,625,France,Female,39,3,0.0,2,0,1,174280.81,0
9854,714,Spain,Male,31,10,206165.6,1,0,0,23664.9,0
9855,721,Germany,Male,37,0,38831.6,2,1,1,152153.95,0
9856,850,France,Male,29,0,0.0,2,0,1,100196.84,0
9857,456,Germany,Female,44,9,0.0,2,0,0,18327.56,0
9858,694,Spain,Male,18,0,0.0,2,0,1,161370.98,0
9859,808,Spain,Male,31,4,93521.45,2,1,0,110766.24,0
9860,618,France,Male,53,0,68121.68,1,1,0,48320.4,0
9861,718,Germany,Female,19,0,0.0,1,1,0,195519.26,0
9862,688,France,Female,52,1,87901.65,1,0,0,9951.94,0
9863,650,Spain,Male,27,9,87369.59,1,1,0,169885.66,1
9864,765,France,Male,32,6,0.0,2,0,1,172710.64,0
9865,756,Spain,Male,37,4,0.0,2,1,1,138866.13,0
9866,679,Germany,Male,47,2,45942.28,2,1,1,8261.99,0
9867,626,France,Male,32,10,206653.77,2,1,1,28858.93,0
9868,592,France,Male,49,5,147526.75,1,1,0,65320.28,0
9869,562,Germany,Female,21,1,0.0,2,1,1,120077.07,0
9870,754,Germany,Female,23,3,0.0,1,0,1,124363.61,0
9871,807,France,Female,36,1,117895.32,1,1,1,147952.04,0
9872,732,France,Female,57,6,0.0,1,0,1,138952.48,1
9873,454,France,Male,64,6,82333.12,2,0,0,180376.78,0
9874,645,France,Female,24,7,58599.45,1,1,1,98016.68,0
9875,679,Germany,Male,19,3,234383.77,2,1,0,72432.07,1
9876,850,France,Male,33,10,0.0,1,1,1,53903.9,0
9877,615,France,Female,44,9,0.0,2,1,0,20130.83,0
9878,495,France,Female,24,3,0.0,3,0,0,170975.16,0
9879,612,Spain,Male,39,7,150288.95,1,1,0,64316.27,0
9880,729,Spain,Male,27,10,0.0,1,1,1,108392.58,0
9881,656,France,Male,31,4,166460.43,1,1,1,10098.06,0
9882,728,Spain,Female,33,0,145845.53,2,1,0,114439.1,0
9883,803,Germany,Male,60,3,108511.21,2,1,1,58802.08,0
9884,593,France,Male,24,5,0.0,2,1,1,197148.08,0
9885,743,France,Male,27,7,54533.53,1,0,0,87999.4,0
9886,627,France,Female,32,9,0.0,2,1,0,163753.24,0
9887,524,Germany,Female,23,1,94473.38,1,1,0,168745.36,0
9888,541,Spain,Female,54,2,115492.5,1,0,0,139928.12,0
9889,703,France,Female,23,1,0.0,1,1,1,78324.01,0
9890,614,France,Female,24,4,178871.81,2,1,1,48675.33,0
9891,614,Spain,Female,38,10,0.0,1,0,0,184500.81,0
9892,497,Germany,Female,36,10,0.0,1,0,1,109076.81,1
9893,821,France,Male,60,6,207093.4,1,1,1,184079.72,0
9894,605,France,Female,39,5,248534.77,1,1,0,41973.17,0
9895,502,Spain,Male,28,9,0.0,2,1,1,144728.29,0
9896,627,Germany,Male,43,5,0.0,1,1,1,60998.81,0
9897,643,Germany,Female,45,3,0.0,2,0,0,16630.45,1
9898,543,France,Male,27,7,176709.34,1,1,1,68981.0,0
9899,672,France,Female,35,10,99175.14,1,1,0,82201.68,0
9900,711,Spain,Male,35,9,169363.37,2,0,0,197686.42,0
9901,596,France,Male,39,9,0.0,1,1,1,79668.11,0
9902,662,France,Female,36,0,147832.92,2,1,1,132049.81,0
9903,643,France,Female,36,0,0.0,2,1,1,97011.24,0
9904,617,Spain,Male,50,3,44848.38,1,1,1,16973.0,0
9905,715,France,Male,31,5,0.0,1,1,1,76914.58,0
9906,493,Spain,Male,44,2,157419.94,1,0,1,58230.66,0
9907,743,Germany,Female,60,6,41743.38,2,1,1,90968.38,0
9908,748,Germany,Female,36,1,0.0,1,1,1,150239.74,0
9909,607,Germany,Female,20,3,0.0,2,1,0,92129.59,0
9910,565,France,Male,29,2,135311.37,3,1,1,73500.55,0
9911,653,France,Male,23,6,0.0,2,1,1,77212.27,0
9912,428,Spain,Male,33,3,0.0,1,1,1,176785.26,0
9913,610,Germany,Male,39,10,28994.44,1,1,1,33780.8,0
9914,624,France,Male,46,0,0.0,1,0,1,23930.08,0
9915,686,France,Male,23,1,170697.57,1,0,1,35867.9,0
9916,421,Germany,Male,36,7,133807.71,1,1,0,105279.37,1
9917,645,France,Female,48,2,0.0,2,0,0,173453.76,0
9918,780,France,Male,36,1,82108.77,1,0,0,80831.6,0
9919,558,Spain,Female,18,1,0.0,1,1,0,26844.56,0
9920,522,France,Male,38,10,0.0,1,1,1,126877.18,0
9921,691,France,Female,22,7,129220.47,1,0,0,2402.43,1
9922,588,France,Male,20,8,131843.48,2,1,1,65012.8,0
9923,585,France,Male,33,8,65276.35,2,1,1,19235.7,0
9924,698,Spain,Male,33,2,0.0,1,1,0,198744.49,0
9925,780,Germany,Male,24,4,68786.77,2,1,1,53118.69,0
9926,604,France,Female,49,2,139084.37,1,0,0,163288.85,1
9927,572,France,Female,56,4,0.0,2,0,1,120042.51,0
9928,733,Germany,Male,38,3,71014.67,2,1,1,109783.1,0
9929,606,France,Male,29,0,0.0,1,0,1,186512.62,0
9930,652,France,Male,34,9,0.0,1,1,0,110569.8,0
9931,686,France,Female,47,1,0.0,2,1,0,94109.07,0
9932,822,Germany,Female,51,2,0.0,2,1,1,154723.87,0
9933,663,France,Female,18,3,74135.65,1,1,0,12312.96,0
9934,763,Germany,Male,57,1,81990.26,2,0,1,8548.08,0
9935,716,Germany,Male,32,2,102384.49,1,1,0,179246.21,0
9936,773,Spain,Male,41,8,77872.01,2,0,1,177421.63,0
9937,653,Germany,Male,22,2,0.0,1,1,0,5670.8,0
9938,719,France,Male,42,4,0.0,1,1,0,192244.97,0
9939,453,Spain,Female,22,4,71429.44,2,0,0,51701.64,0
9940,487,France,Male,45,7,0.0,1,0,0,156060.65,0
9941,736,France,Male,29,7,0.0,2,1,0,32083.18,0
9942,602,France,Female,32,0,52320.58,1,0,1,8236.26,0
9943,683,France,Female,48,4,211225.41,2,0,0,127702.56,0
9944,652,France,Female,33,9,133243.9,2,1,1,85307.99,0
9945,642,Germany,Male,18,2,69437.89,1,0,1,6400.05,0
9946,598,Germany,Male,24,3,0.0,1,1,1,32407.41,0
9947,627,Germany,Male,44,2,101099.96,2,1,0,98396.53,0
9948,515,France,Female,18,6,0.0,2,1,1,197990.7,0
9949,593,Germany,Female,37,7,0.0,2,1,1,166406.32,0
9950,566,France,Female,43,10,0.0,4,1,1,194349.25,1
9951,740,Spain,Male,43,1,73521.46,2,1,1,167619.98,0
9952,721,Spain,Female,45,10,0.0,2,0,0,142624.58,0
9953,729,France,Female,34,5,37816.62,1,1,1,74249.44,0
9954,732,France,Male,45,4,134512.55,2,1,1,113016.4,0
9955,766,France,Male,31,0,0.0,2,0,0,133473.27,0
9956,563,Germany,Female,27,5,30403.49,3,1,0,163414.65,1
9957,472,France,Female,45,7,0.0,1,1,1,85990.01,0
9958,725,Spain,Male,35,8,152954.6,2,1,1,113517.93,0
9959,682,France,Male,20,8,62325.76,2,1,1,76559.49,0
9960,668,Germany,Male,53,9,0.0,2,0,1,195512.08,0
9961,483,Germany,Female,53,5,129911.64,2,1,1,81960.81,1
9962,483,Spain,Female,27,9,86127.61,2,0,0,31102.45,0
9963,651,France,Female,30,5,0.0,2,1,0,13920.37,0
9964,713,Spain,Male,23,9,0.0,1,1,0,128149.33,0
9965,575,France,Male,31,6,0.0,1,1,0,141897.34,1
9966,669,France,Female,34,6,0.0,1,1,0,81579.38,0
9967,773,France,Female,19,1,119324.74,1,1,1,62381.25,0
9968,600,France,Male,31,8,0.0,1,1,1,181636.9,0
9969,505,France,Male,36,9,0.0,1,1,0,22877.01,0
9970,645,France,Female,35,9,118082.65,1,1,0,61388.84,0
9971,653,Spain,Female,46,7,98626.79,1,0,1,6853.49,0
9972,730,Spain,Male,38,5,422.38,1,1,0,100468.03,0
9973,706,France,Female,22,7,0.0,1,1,1,18388.77,0
9974,746,Spain,Female,41,3,0.0,2,1,0,197392.32,0
9975,596,Spain,Male,18,4,83496.21,1,1,1,153795.64,0
9976,585,Germany,Male,18,6,0.0,2,1,1,151657.04,0
9977,555,France,Female,74,7,138420.61,2,1,1,11220.67,0
9978,733,Germany,Female,37,8,172218.45,1,1,0,123653.72,0
9979,571,France,Male,40,7,62501.8,2,1,0,118732.05,0
9980,700,Germany,Male,23,6,0.0,2,1,0,49067.26,0
9981,632,France,Female,53,6,107700.08,1,1,1,187832.87,0
9982,734,Germany,Male,48,4,0.0,2,1,1,104778.42,0
9983,693,France,Male,27,0,39588.44,4,1,1,145840.2,0
9984,839,Spain,Female,21,7,0.0,1,0,0,94709.24,0
9985,481,France,Male,26,4,164596.25,1,1,0,736.62,0
9986,520,France,Female,36,9,16652.6,2,1,1,118833.68,0
9987,738,Spain,Male,30,9,0.0,2,1,0,192397.23,0
9988,550,France,Male,18,9,0.0,2,1,1,199607.43,0
9989,657,Germany,Male,26,9,102421.63,2,0,1,162849.12,0
9990,722,France,Male,55,2,0.0,1,1,1,174254.54,0
9991,585,France,Male,36,1,0.0,1,1,1,6853.95,0
9992,539,Spain,Male,35,0,164391.51,4,1,1,108001.81,0
9993,737,France,Female,35,2,91045.36,2,1,0,90831.8,1
9994,551,Germany,Female,45,10,0.0,2,1,1,129639.03,0
9995,730,France,Male,40,9,189357.77,1,1,1,105884.03,0
9996,850,France,Male,32,7,107194.21,2,1,1,162189.15,0
9997,626,Germany,Male,39,5,0.0,2,1,0,6299.07,1
9998,582,France,Male,32,0,0.0,2,1,1,56388.29,0
9999,615,France,Male,39,6,170928.79,1,0,1,76212.86,0
10000,465,Spain,Female,25,6,89531.74,1,1,0,133966.83,1
